0 verbose cli /usr/local/bin/node /usr/local/bin/npm
1 info using npm@10.9.3
2 info using node@v22.19.0
3 silly config load:file:/usr/local/lib/node_modules/npm/npmrc
4 silly config load:file:/Users/admin/Desktop/dự án/mttqvn/.npmrc
5 silly config load:file:/Users/admin/.npmrc
6 silly config load:file:/usr/local/etc/npmrc
7 verbose title npm install
8 verbose argv "install" "--legacy-peer-deps"
9 verbose logfile logs-max:10 dir:/Users/admin/Desktop/dự án/mttqvn/.npm-cache/_logs/2026-05-05T14_17_01_407Z-
10 verbose logfile /Users/admin/Desktop/dự án/mttqvn/.npm-cache/_logs/2026-05-05T14_17_01_407Z-debug-0.log
11 silly logfile done cleaning log files
12 silly packumentCache heap:2197815296 maxSize:549453824 maxEntrySize:274726912
13 silly idealTree buildDeps
14 verbose shrinkwrap failed to load node_modules/.package-lock.json out of date, updated: node_modules
15 silly reify moves {}
16 verbose reify failed optional dependency /Users/admin/Desktop/dự án/mttqvn/node_modules/@tailwindcss/oxide-wasm32-wasi
17 silly reify mark deleted [
17 silly reify   '/Users/admin/Desktop/dự án/mttqvn/node_modules/@tailwindcss/oxide-wasm32-wasi'
17 silly reify ]
18 silly audit bulk request {
18 silly audit   '@adobe/css-tools': [ '4.4.4' ],
18 silly audit   '@alloc/quick-lru': [ '5.2.0' ],
18 silly audit   '@apideck/better-ajv-errors': [ '0.3.6' ],
18 silly audit   '@asamuzakjp/css-color': [ '5.1.1' ],
18 silly audit   'lru-cache': [ '11.2.7', '5.1.1', '11.2.6' ],
18 silly audit   '@asamuzakjp/dom-selector': [ '7.0.4' ],
18 silly audit   '@asamuzakjp/nwsapi': [ '2.3.9' ],
18 silly audit   '@babel/code-frame': [ '7.29.0' ],
18 silly audit   '@babel/compat-data': [ '7.29.0' ],
18 silly audit   '@babel/core': [ '7.28.6' ],
18 silly audit   '@babel/generator': [ '7.29.1' ],
18 silly audit   '@babel/helper-annotate-as-pure': [ '7.27.3' ],
18 silly audit   '@babel/helper-compilation-targets': [ '7.28.6' ],
18 silly audit   '@babel/helper-create-class-features-plugin': [ '7.28.6' ],
18 silly audit   '@babel/helper-create-regexp-features-plugin': [ '7.28.5' ],
18 silly audit   '@babel/helper-define-polyfill-provider': [ '0.6.6' ],
18 silly audit   '@babel/helper-globals': [ '7.28.0' ],
18 silly audit   '@babel/helper-member-expression-to-functions': [ '7.28.5' ],
18 silly audit   '@babel/helper-module-imports': [ '7.28.6' ],
18 silly audit   '@babel/helper-module-transforms': [ '7.28.6' ],
18 silly audit   '@babel/helper-optimise-call-expression': [ '7.27.1' ],
18 silly audit   '@babel/helper-plugin-utils': [ '7.28.6' ],
18 silly audit   '@babel/helper-remap-async-to-generator': [ '7.27.1' ],
18 silly audit   '@babel/helper-replace-supers': [ '7.28.6' ],
18 silly audit   '@babel/helper-skip-transparent-expression-wrappers': [ '7.27.1' ],
18 silly audit   '@babel/helper-string-parser': [ '7.27.1' ],
18 silly audit   '@babel/helper-validator-identifier': [ '7.28.5' ],
18 silly audit   '@babel/helper-validator-option': [ '7.27.1' ],
18 silly audit   '@babel/helper-wrap-function': [ '7.28.6' ],
18 silly audit   '@babel/helpers': [ '7.28.6' ],
18 silly audit   '@babel/parser': [ '7.29.0' ],
18 silly audit   '@babel/plugin-bugfix-firefox-class-in-computed-class-key': [ '7.28.5' ],
18 silly audit   '@babel/plugin-bugfix-safari-class-field-initializer-scope': [ '7.27.1' ],
18 silly audit   '@babel/plugin-bugfix-safari-id-destructuring-collision-in-function-expression': [ '7.27.1' ],
18 silly audit   '@babel/plugin-bugfix-v8-spread-parameters-in-optional-chaining': [ '7.27.1' ],
18 silly audit   '@babel/plugin-bugfix-v8-static-class-fields-redefine-readonly': [ '7.28.6' ],
18 silly audit   '@babel/plugin-proposal-private-property-in-object': [ '7.21.0-placeholder-for-preset-env.2' ],
18 silly audit   '@babel/plugin-syntax-import-assertions': [ '7.28.6' ],
18 silly audit   '@babel/plugin-syntax-import-attributes': [ '7.28.6' ],
18 silly audit   '@babel/plugin-syntax-unicode-sets-regex': [ '7.18.6' ],
18 silly audit   '@babel/plugin-transform-arrow-functions': [ '7.27.1' ],
18 silly audit   '@babel/plugin-transform-async-generator-functions': [ '7.29.0' ],
18 silly audit   '@babel/plugin-transform-async-to-generator': [ '7.28.6' ],
18 silly audit   '@babel/plugin-transform-block-scoped-functions': [ '7.27.1' ],
18 silly audit   '@babel/plugin-transform-block-scoping': [ '7.28.6' ],
18 silly audit   '@babel/plugin-transform-class-properties': [ '7.28.6' ],
18 silly audit   '@babel/plugin-transform-class-static-block': [ '7.28.6' ],
18 silly audit   '@babel/plugin-transform-classes': [ '7.28.6' ],
18 silly audit   '@babel/plugin-transform-computed-properties': [ '7.28.6' ],
18 silly audit   '@babel/plugin-transform-destructuring': [ '7.28.5' ],
18 silly audit   '@babel/plugin-transform-dotall-regex': [ '7.28.6' ],
18 silly audit   '@babel/plugin-transform-duplicate-keys': [ '7.27.1' ],
18 silly audit   '@babel/plugin-transform-duplicate-named-capturing-groups-regex': [ '7.29.0' ],
18 silly audit   '@babel/plugin-transform-dynamic-import': [ '7.27.1' ],
18 silly audit   '@babel/plugin-transform-explicit-resource-management': [ '7.28.6' ],
18 silly audit   '@babel/plugin-transform-exponentiation-operator': [ '7.28.6' ],
18 silly audit   '@babel/plugin-transform-export-namespace-from': [ '7.27.1' ],
18 silly audit   '@babel/plugin-transform-for-of': [ '7.27.1' ],
18 silly audit   '@babel/plugin-transform-function-name': [ '7.27.1' ],
18 silly audit   '@babel/plugin-transform-json-strings': [ '7.28.6' ],
18 silly audit   '@babel/plugin-transform-literals': [ '7.27.1' ],
18 silly audit   '@babel/plugin-transform-logical-assignment-operators': [ '7.28.6' ],
18 silly audit   '@babel/plugin-transform-member-expression-literals': [ '7.27.1' ],
18 silly audit   '@babel/plugin-transform-modules-amd': [ '7.27.1' ],
18 silly audit   '@babel/plugin-transform-modules-commonjs': [ '7.28.6' ],
18 silly audit   '@babel/plugin-transform-modules-systemjs': [ '7.29.0' ],
18 silly audit   '@babel/plugin-transform-modules-umd': [ '7.27.1' ],
18 silly audit   '@babel/plugin-transform-named-capturing-groups-regex': [ '7.29.0' ],
18 silly audit   '@babel/plugin-transform-new-target': [ '7.27.1' ],
18 silly audit   '@babel/plugin-transform-nullish-coalescing-operator': [ '7.28.6' ],
18 silly audit   '@babel/plugin-transform-numeric-separator': [ '7.28.6' ],
18 silly audit   '@babel/plugin-transform-object-rest-spread': [ '7.28.6' ],
18 silly audit   '@babel/plugin-transform-object-super': [ '7.27.1' ],
18 silly audit   '@babel/plugin-transform-optional-catch-binding': [ '7.28.6' ],
18 silly audit   '@babel/plugin-transform-optional-chaining': [ '7.28.6' ],
18 silly audit   '@babel/plugin-transform-parameters': [ '7.27.7' ],
18 silly audit   '@babel/plugin-transform-private-methods': [ '7.28.6' ],
18 silly audit   '@babel/plugin-transform-private-property-in-object': [ '7.28.6' ],
18 silly audit   '@babel/plugin-transform-property-literals': [ '7.27.1' ],
18 silly audit   '@babel/plugin-transform-react-jsx-self': [ '7.27.1' ],
18 silly audit   '@babel/plugin-transform-react-jsx-source': [ '7.27.1' ],
18 silly audit   '@babel/plugin-transform-regenerator': [ '7.29.0' ],
18 silly audit   '@babel/plugin-transform-regexp-modifiers': [ '7.28.6' ],
18 silly audit   '@babel/plugin-transform-reserved-words': [ '7.27.1' ],
18 silly audit   '@babel/plugin-transform-shorthand-properties': [ '7.27.1' ],
18 silly audit   '@babel/plugin-transform-spread': [ '7.28.6' ],
18 silly audit   '@babel/plugin-transform-sticky-regex': [ '7.27.1' ],
18 silly audit   '@babel/plugin-transform-template-literals': [ '7.27.1' ],
18 silly audit   '@babel/plugin-transform-typeof-symbol': [ '7.27.1' ],
18 silly audit   '@babel/plugin-transform-unicode-escapes': [ '7.27.1' ],
18 silly audit   '@babel/plugin-transform-unicode-property-regex': [ '7.28.6' ],
18 silly audit   '@babel/plugin-transform-unicode-regex': [ '7.27.1' ],
18 silly audit   '@babel/plugin-transform-unicode-sets-regex': [ '7.28.6' ],
18 silly audit   '@babel/preset-env': [ '7.29.0' ],
18 silly audit   '@babel/preset-modules': [ '0.1.6-no-external-plugins' ],
18 silly audit   '@babel/runtime': [ '7.28.6' ],
18 silly audit   '@babel/template': [ '7.28.6' ],
18 silly audit   '@babel/traverse': [ '7.29.0' ],
18 silly audit   '@babel/types': [ '7.29.0' ],
18 silly audit   '@bramus/specificity': [ '2.4.2' ],
18 silly audit   '@csstools/color-helpers': [ '6.0.2' ],
18 silly audit   '@csstools/css-calc': [ '3.1.1' ],
18 silly audit   '@csstools/css-color-parser': [ '4.0.2' ],
18 silly audit   '@csstools/css-parser-algorithms': [ '4.0.0' ],
18 silly audit   '@csstools/css-syntax-patches-for-csstree': [ '1.1.2' ],
18 silly audit   '@csstools/css-tokenizer': [ '4.0.0' ],
18 silly audit   '@dnd-kit/accessibility': [ '3.1.1' ],
18 silly audit   '@dnd-kit/core': [ '6.3.1' ],
18 silly audit   '@dnd-kit/utilities': [ '3.2.2' ],
18 silly audit   '@esbuild/aix-ppc64': [ '0.27.2' ],
18 silly audit   '@esbuild/android-arm': [ '0.27.2' ],
18 silly audit   '@esbuild/android-arm64': [ '0.27.2' ],
18 silly audit   '@esbuild/android-x64': [ '0.27.2' ],
18 silly audit   '@esbuild/darwin-arm64': [ '0.27.2' ],
18 silly audit   '@esbuild/darwin-x64': [ '0.27.2' ],
18 silly audit   '@esbuild/freebsd-arm64': [ '0.27.2' ],
18 silly audit   '@esbuild/freebsd-x64': [ '0.27.2' ],
18 silly audit   '@esbuild/linux-arm': [ '0.27.2' ],
18 silly audit   '@esbuild/linux-arm64': [ '0.27.2' ],
18 silly audit   '@esbuild/linux-ia32': [ '0.27.2' ],
18 silly audit   '@esbuild/linux-loong64': [ '0.27.2' ],
18 silly audit   '@esbuild/linux-mips64el': [ '0.27.2' ],
18 silly audit   '@esbuild/linux-ppc64': [ '0.27.2' ],
18 silly audit   '@esbuild/linux-riscv64': [ '0.27.2' ],
18 silly audit   '@esbuild/linux-s390x': [ '0.27.2' ],
18 silly audit   '@esbuild/linux-x64': [ '0.27.2' ],
18 silly audit   '@esbuild/netbsd-arm64': [ '0.27.2' ],
18 silly audit   '@esbuild/netbsd-x64': [ '0.27.2' ],
18 silly audit   '@esbuild/openbsd-arm64': [ '0.27.2' ],
18 silly audit   '@esbuild/openbsd-x64': [ '0.27.2' ],
18 silly audit   '@esbuild/openharmony-arm64': [ '0.27.2' ],
18 silly audit   '@esbuild/sunos-x64': [ '0.27.2' ],
18 silly audit   '@esbuild/win32-arm64': [ '0.27.2' ],
18 silly audit   '@esbuild/win32-ia32': [ '0.27.2' ],
18 silly audit   '@esbuild/win32-x64': [ '0.27.2' ],
18 silly audit   '@eslint-community/eslint-utils': [ '4.9.1' ],
18 silly audit   'eslint-visitor-keys': [ '3.4.3', '5.0.1' ],
18 silly audit   '@eslint-community/regexpp': [ '4.12.2' ],
18 silly audit   '@eslint/config-array': [ '0.23.2' ],
18 silly audit   'balanced-match': [ '4.0.4', '1.0.2' ],
18 silly audit   'brace-expansion': [ '5.0.3', '2.0.2', '1.1.12' ],
18 silly audit   minimatch: [ '10.2.4', '3.1.5', '5.1.6', '10.1.2' ],
18 silly audit   '@eslint/config-helpers': [ '0.5.2' ],
18 silly audit   '@eslint/core': [ '1.1.0' ],
18 silly audit   '@eslint/js': [ '10.0.1' ],
18 silly audit   '@eslint/object-schema': [ '3.0.2' ],
18 silly audit   '@eslint/plugin-kit': [ '0.6.0' ],
18 silly audit   '@exodus/bytes': [ '1.15.0' ],
18 silly audit   '@floating-ui/core': [ '1.7.4' ],
18 silly audit   '@floating-ui/dom': [ '1.7.5' ],
18 silly audit   '@floating-ui/utils': [ '0.2.10' ],
18 silly audit   '@hookform/resolvers': [ '5.2.2' ],
18 silly audit   '@humanfs/core': [ '0.19.1' ],
18 silly audit   '@humanfs/node': [ '0.16.7' ],
18 silly audit   '@humanwhocodes/module-importer': [ '1.0.1' ],
18 silly audit   '@humanwhocodes/retry': [ '0.4.3' ],
18 silly audit   '@isaacs/balanced-match': [ '4.0.1' ],
18 silly audit   '@isaacs/brace-expansion': [ '5.0.1' ],
18 silly audit   '@jridgewell/gen-mapping': [ '0.3.13' ],
18 silly audit   '@jridgewell/remapping': [ '2.3.5' ],
18 silly audit   '@jridgewell/resolve-uri': [ '3.1.2' ],
18 silly audit   '@jridgewell/source-map': [ '0.3.11' ],
18 silly audit   '@jridgewell/sourcemap-codec': [ '1.5.5' ],
18 silly audit   '@jridgewell/trace-mapping': [ '0.3.31' ],
18 silly audit   '@react-leaflet/core': [ '2.1.0' ],
18 silly audit   '@reduxjs/toolkit': [ '2.11.2' ],
18 silly audit   immer: [ '11.1.3', '10.2.0' ],
18 silly audit   '@remirror/core-constants': [ '3.0.0' ],
18 silly audit   '@rolldown/pluginutils': [ '1.0.0-beta.53' ],
18 silly audit   '@rollup/plugin-node-resolve': [ '15.3.1' ],
18 silly audit   '@rollup/plugin-terser': [ '0.4.4' ],
18 silly audit   '@rollup/pluginutils': [ '5.3.0', '3.1.0' ],
18 silly audit   'estree-walker': [ '2.0.2', '3.0.3', '1.0.1' ],
18 silly audit   '@rollup/rollup-android-arm-eabi': [ '4.57.1' ],
18 silly audit   '@rollup/rollup-android-arm64': [ '4.57.1' ],
18 silly audit   '@rollup/rollup-darwin-arm64': [ '4.57.1' ],
18 silly audit   '@rollup/rollup-darwin-x64': [ '4.57.1' ],
18 silly audit   '@rollup/rollup-freebsd-arm64': [ '4.57.1' ],
18 silly audit   '@rollup/rollup-freebsd-x64': [ '4.57.1' ],
18 silly audit   '@rollup/rollup-linux-arm-gnueabihf': [ '4.57.1' ],
18 silly audit   '@rollup/rollup-linux-arm-musleabihf': [ '4.57.1' ],
18 silly audit   '@rollup/rollup-linux-arm64-gnu': [ '4.57.1' ],
18 silly audit   '@rollup/rollup-linux-arm64-musl': [ '4.57.1' ],
18 silly audit   '@rollup/rollup-linux-loong64-gnu': [ '4.57.1' ],
18 silly audit   '@rollup/rollup-linux-loong64-musl': [ '4.57.1' ],
18 silly audit   '@rollup/rollup-linux-ppc64-gnu': [ '4.57.1' ],
18 silly audit   '@rollup/rollup-linux-ppc64-musl': [ '4.57.1' ],
18 silly audit   '@rollup/rollup-linux-riscv64-gnu': [ '4.57.1' ],
18 silly audit   '@rollup/rollup-linux-riscv64-musl': [ '4.57.1' ],
18 silly audit   '@rollup/rollup-linux-s390x-gnu': [ '4.57.1' ],
18 silly audit   '@rollup/rollup-linux-x64-gnu': [ '4.57.1' ],
18 silly audit   '@rollup/rollup-linux-x64-musl': [ '4.57.1' ],
18 silly audit   '@rollup/rollup-openbsd-x64': [ '4.57.1' ],
18 silly audit   '@rollup/rollup-openharmony-arm64': [ '4.57.1' ],
18 silly audit   '@rollup/rollup-win32-arm64-msvc': [ '4.57.1' ],
18 silly audit   '@rollup/rollup-win32-ia32-msvc': [ '4.57.1' ],
18 silly audit   '@rollup/rollup-win32-x64-gnu': [ '4.57.1' ],
18 silly audit   '@rollup/rollup-win32-x64-msvc': [ '4.57.1' ],
18 silly audit   '@sentry-internal/browser-utils': [ '10.40.0' ],
18 silly audit   '@sentry-internal/feedback': [ '10.40.0' ],
18 silly audit   '@sentry-internal/replay': [ '10.40.0' ],
18 silly audit   '@sentry-internal/replay-canvas': [ '10.40.0' ],
18 silly audit   '@sentry/browser': [ '10.40.0' ],
18 silly audit   '@sentry/core': [ '10.40.0' ],
18 silly audit   '@sentry/react': [ '10.40.0' ],
18 silly audit   '@standard-schema/spec': [ '1.1.0' ],
18 silly audit   '@standard-schema/utils': [ '0.3.0' ],
18 silly audit   '@supabase/auth-js': [ '2.98.0' ],
18 silly audit   '@supabase/functions-js': [ '2.98.0' ],
18 silly audit   '@supabase/postgrest-js': [ '2.98.0' ],
18 silly audit   '@supabase/realtime-js': [ '2.98.0' ],
18 silly audit   '@supabase/storage-js': [ '2.98.0' ],
18 silly audit   '@supabase/supabase-js': [ '2.98.0' ],
18 silly audit   '@surma/rollup-plugin-off-main-thread': [ '2.2.3' ],
18 silly audit   'magic-string': [ '0.25.9', '0.30.21' ],
18 silly audit   '@tailwindcss/node': [ '4.1.18' ],
18 silly audit   '@tailwindcss/oxide': [ '4.1.18' ],
18 silly audit   '@tailwindcss/oxide-android-arm64': [ '4.1.18' ],
18 silly audit   '@tailwindcss/oxide-darwin-arm64': [ '4.1.18' ],
18 silly audit   '@tailwindcss/oxide-darwin-x64': [ '4.1.18' ],
18 silly audit   '@tailwindcss/oxide-freebsd-x64': [ '4.1.18' ],
18 silly audit   '@tailwindcss/oxide-linux-arm-gnueabihf': [ '4.1.18' ],
18 silly audit   '@tailwindcss/oxide-linux-arm64-gnu': [ '4.1.18' ],
18 silly audit   '@tailwindcss/oxide-linux-arm64-musl': [ '4.1.18' ],
18 silly audit   '@tailwindcss/oxide-linux-x64-gnu': [ '4.1.18' ],
18 silly audit   '@tailwindcss/oxide-linux-x64-musl': [ '4.1.18' ],
18 silly audit   '@tailwindcss/oxide-win32-arm64-msvc': [ '4.1.18' ],
18 silly audit   '@tailwindcss/oxide-win32-x64-msvc': [ '4.1.18' ],
18 silly audit   '@tailwindcss/postcss': [ '4.1.18' ],
18 silly audit   '@tanstack/query-core': [ '5.90.20' ],
18 silly audit   '@tanstack/query-devtools': [ '5.99.0' ],
18 silly audit   '@tanstack/react-query': [ '5.90.20' ],
18 silly audit   '@tanstack/react-query-devtools': [ '5.99.0' ],
18 silly audit   '@tanstack/react-virtual': [ '3.13.18' ],
18 silly audit   '@tanstack/virtual-core': [ '3.13.18' ],
18 silly audit   '@testing-library/dom': [ '10.4.1' ],
18 silly audit   'aria-query': [ '5.3.0', '5.3.2' ],
18 silly audit   'dom-accessibility-api': [ '0.5.16', '0.6.3' ],
18 silly audit   '@testing-library/jest-dom': [ '6.9.1' ],
18 silly audit   '@testing-library/react': [ '16.3.2' ],
18 silly audit   '@tiptap/core': [ '3.20.0' ],
18 silly audit   '@tiptap/extension-blockquote': [ '3.20.0' ],
18 silly audit   '@tiptap/extension-bold': [ '3.20.0' ],
18 silly audit   '@tiptap/extension-bubble-menu': [ '3.20.0' ],
18 silly audit   '@tiptap/extension-bullet-list': [ '3.20.0' ],
18 silly audit   '@tiptap/extension-code': [ '3.20.0' ],
18 silly audit   '@tiptap/extension-code-block': [ '3.20.0' ],
18 silly audit   '@tiptap/extension-document': [ '3.20.0' ],
18 silly audit   '@tiptap/extension-dropcursor': [ '3.20.0' ],
18 silly audit   '@tiptap/extension-floating-menu': [ '3.20.0' ],
18 silly audit   '@tiptap/extension-gapcursor': [ '3.20.0' ],
18 silly audit   '@tiptap/extension-hard-break': [ '3.20.0' ],
18 silly audit   '@tiptap/extension-heading': [ '3.20.0' ],
18 silly audit   '@tiptap/extension-horizontal-rule': [ '3.20.0' ],
18 silly audit   '@tiptap/extension-italic': [ '3.20.0' ],
18 silly audit   '@tiptap/extension-link': [ '3.20.0' ],
18 silly audit   '@tiptap/extension-list': [ '3.20.0' ],
18 silly audit   '@tiptap/extension-list-item': [ '3.20.0' ],
18 silly audit   '@tiptap/extension-list-keymap': [ '3.20.0' ],
18 silly audit   '@tiptap/extension-ordered-list': [ '3.20.0' ],
18 silly audit   '@tiptap/extension-paragraph': [ '3.20.0' ],
18 silly audit   '@tiptap/extension-strike': [ '3.20.0' ],
18 silly audit   '@tiptap/extension-table': [ '3.20.0' ],
18 silly audit   '@tiptap/extension-table-cell': [ '3.20.0' ],
18 silly audit   '@tiptap/extension-table-header': [ '3.20.0' ],
18 silly audit   '@tiptap/extension-table-row': [ '3.20.0' ],
18 silly audit   '@tiptap/extension-text': [ '3.20.0' ],
18 silly audit   '@tiptap/extension-text-style': [ '3.20.0' ],
18 silly audit   '@tiptap/extension-underline': [ '3.20.0' ],
18 silly audit   '@tiptap/extensions': [ '3.20.0' ],
18 silly audit   '@tiptap/pm': [ '3.20.0' ],
18 silly audit   '@tiptap/react': [ '3.20.0' ],
18 silly audit   '@tiptap/starter-kit': [ '3.20.0' ],
18 silly audit   '@types/aria-query': [ '5.0.4' ],
18 silly audit   '@types/babel__core': [ '7.20.5' ],
18 silly audit   '@types/babel__generator': [ '7.27.0' ],
18 silly audit   '@types/babel__template': [ '7.4.4' ],
18 silly audit   '@types/babel__traverse': [ '7.28.0' ],
18 silly audit   '@types/chai': [ '5.2.3' ],
18 silly audit   '@types/d3-array': [ '3.2.2' ],
18 silly audit   '@types/d3-color': [ '3.1.3' ],
18 silly audit   '@types/d3-ease': [ '3.0.2' ],
18 silly audit   '@types/d3-interpolate': [ '3.0.4' ],
18 silly audit   '@types/d3-path': [ '3.1.1' ],
18 silly audit   '@types/d3-scale': [ '4.0.9' ],
18 silly audit   '@types/d3-shape': [ '3.1.8' ],
18 silly audit   '@types/d3-time': [ '3.0.4' ],
18 silly audit   '@types/d3-timer': [ '3.0.2' ],
18 silly audit   '@types/deep-eql': [ '4.0.2' ],
18 silly audit   '@types/esrecurse': [ '4.3.1' ],
18 silly audit   '@types/estree': [ '1.0.8', '0.0.39' ],
18 silly audit   '@types/geojson': [ '7946.0.16' ],
18 silly audit   '@types/json-schema': [ '7.0.15' ],
18 silly audit   '@types/leaflet': [ '1.9.21' ],
18 silly audit   '@types/linkify-it': [ '5.0.0' ],
18 silly audit   '@types/markdown-it': [ '14.1.2' ],
18 silly audit   '@types/mdurl': [ '2.0.0' ],
18 silly audit   '@types/node': [ '25.1.0' ],
18 silly audit   '@types/pako': [ '2.0.4' ],
18 silly audit   '@types/phoenix': [ '1.6.7' ],
18 silly audit   '@types/raf': [ '3.4.3' ],
18 silly audit   '@types/resolve': [ '1.20.2' ],
18 silly audit   '@types/trusted-types': [ '2.0.7' ],
18 silly audit   '@types/use-sync-external-store': [ '0.0.6' ],
18 silly audit   '@types/ws': [ '8.18.1' ],
18 silly audit   '@typescript-eslint/eslint-plugin': [ '8.56.1' ],
18 silly audit   ignore: [ '7.0.5', '5.3.2' ],
18 silly audit   '@typescript-eslint/parser': [ '8.56.1' ],
18 silly audit   '@typescript-eslint/project-service': [ '8.56.1' ],
18 silly audit   '@typescript-eslint/scope-manager': [ '8.56.1' ],
18 silly audit   '@typescript-eslint/tsconfig-utils': [ '8.56.1' ],
18 silly audit   '@typescript-eslint/type-utils': [ '8.56.1' ],
18 silly audit   '@typescript-eslint/types': [ '8.56.1' ],
18 silly audit   '@typescript-eslint/typescript-estree': [ '8.56.1' ],
18 silly audit   semver: [ '7.7.4', '6.3.1' ],
18 silly audit   '@typescript-eslint/utils': [ '8.56.1' ],
18 silly audit   '@typescript-eslint/visitor-keys': [ '8.56.1' ],
18 silly audit   '@vitejs/plugin-react': [ '5.1.2' ],
18 silly audit   '@vitest/expect': [ '4.0.18' ],
18 silly audit   '@vitest/mocker': [ '4.0.18' ],
18 silly audit   '@vitest/pretty-format': [ '4.0.18' ],
18 silly audit   '@vitest/runner': [ '4.0.18' ],
18 silly audit   '@vitest/snapshot': [ '4.0.18' ],
18 silly audit   '@vitest/spy': [ '4.0.18' ],
18 silly audit   '@vitest/utils': [ '4.0.18' ],
18 silly audit   acorn: [ '8.16.0' ],
18 silly audit   'acorn-jsx': [ '5.3.2' ],
18 silly audit   'adler-32': [ '1.3.1' ],
18 silly audit   ajv: [ '8.17.1', '6.14.0' ],
18 silly audit   'ansi-regex': [ '5.0.1' ],
18 silly audit   'ansi-styles': [ '5.2.0', '4.3.0' ],
18 silly audit   argparse: [ '2.0.1' ],
18 silly audit   'array-buffer-byte-length': [ '1.0.2' ],
18 silly audit   'array-includes': [ '3.1.9' ],
18 silly audit   'array.prototype.findlast': [ '1.2.5' ],
18 silly audit   'array.prototype.flat': [ '1.3.3' ],
18 silly audit   'array.prototype.flatmap': [ '1.3.3' ],
18 silly audit   'array.prototype.tosorted': [ '1.1.4' ],
18 silly audit   'arraybuffer.prototype.slice': [ '1.0.4' ],
18 silly audit   'assertion-error': [ '2.0.1' ],
18 silly audit   'ast-types-flow': [ '0.0.8' ],
18 silly audit   async: [ '3.2.6' ],
18 silly audit   'async-function': [ '1.0.0' ],
18 silly audit   'at-least-node': [ '1.0.0' ],
18 silly audit   autoprefixer: [ '10.4.24' ],
18 silly audit   'available-typed-arrays': [ '1.0.7' ],
18 silly audit   'axe-core': [ '4.11.1' ],
18 silly audit   axios: [ '0.24.0' ],
18 silly audit   'axobject-query': [ '4.1.0' ],
18 silly audit   'babel-plugin-polyfill-corejs2': [ '0.4.15' ],
18 silly audit   'babel-plugin-polyfill-corejs3': [ '0.14.0' ],
18 silly audit   'babel-plugin-polyfill-regenerator': [ '0.6.6' ],
18 silly audit   'base64-arraybuffer': [ '1.0.2' ],
18 silly audit   'base64-js': [ '1.5.1' ],
18 silly audit   'baseline-browser-mapping': [ '2.9.19' ],
18 silly audit   'bidi-js': [ '1.0.3' ],
18 silly audit   browserslist: [ '4.28.1' ],
18 silly audit   buffer: [ '6.0.3' ],
18 silly audit   'buffer-from': [ '1.1.2' ],
18 silly audit   'call-bind': [ '1.0.8' ],
18 silly audit   'call-bind-apply-helpers': [ '1.0.2' ],
18 silly audit   'call-bound': [ '1.0.4' ],
18 silly audit   camelcase: [ '5.3.1' ],
18 silly audit   'caniuse-lite': [ '1.0.30001766' ],
18 silly audit   canvg: [ '3.0.11' ],
18 silly audit   cfb: [ '1.2.2' ],
18 silly audit   chai: [ '6.2.2' ],
18 silly audit   cliui: [ '6.0.0' ],
18 silly audit   'emoji-regex': [ '8.0.0', '9.2.2' ],
18 silly audit   'string-width': [ '4.2.3' ],
18 silly audit   'strip-ansi': [ '6.0.1' ],
18 silly audit   'wrap-ansi': [ '6.2.0' ],
18 silly audit   clsx: [ '2.1.1' ],
18 silly audit   codepage: [ '1.15.0' ],
18 silly audit   'color-convert': [ '2.0.1' ],
18 silly audit   'color-name': [ '1.1.4' ],
18 silly audit   commander: [ '2.20.3' ],
18 silly audit   'common-tags': [ '1.8.2' ],
18 silly audit   'concat-map': [ '0.0.1' ],
18 silly audit   'convert-source-map': [ '2.0.0' ],
18 silly audit   cookie: [ '1.1.1' ],
18 silly audit   'core-js': [ '3.48.0' ],
18 silly audit   'core-js-compat': [ '3.48.0' ],
18 silly audit   crc: [ '4.3.2' ],
18 silly audit   'crc-32': [ '1.2.2' ],
18 silly audit   crelt: [ '1.0.6' ],
18 silly audit   'cross-spawn': [ '7.0.6' ],
18 silly audit   'crypto-js': [ '4.2.0' ],
18 silly audit   'crypto-random-string': [ '2.0.0' ],
18 silly audit   'css-line-break': [ '2.1.0' ],
18 silly audit   'css-tree': [ '3.2.1' ],
18 silly audit   'css.escape': [ '1.5.1' ],
18 silly audit   'd3-array': [ '3.2.4' ],
18 silly audit   'd3-color': [ '3.1.0' ],
18 silly audit   'd3-ease': [ '3.0.1' ],
18 silly audit   'd3-format': [ '3.1.2' ],
18 silly audit   'd3-interpolate': [ '3.0.1' ],
18 silly audit   'd3-path': [ '3.1.0' ],
18 silly audit   'd3-scale': [ '4.0.2' ],
18 silly audit   'd3-shape': [ '3.2.0' ],
18 silly audit   'd3-time': [ '3.1.0' ],
18 silly audit   'd3-time-format': [ '4.1.0' ],
18 silly audit   'd3-timer': [ '3.0.1' ],
18 silly audit   'damerau-levenshtein': [ '1.0.8' ],
18 silly audit   'data-urls': [ '7.0.0' ],
18 silly audit   tr46: [ '6.0.0', '1.0.1' ],
18 silly audit   'webidl-conversions': [ '8.0.1', '4.0.2' ],
18 silly audit   'whatwg-url': [ '16.0.1', '7.1.0' ],
18 silly audit   'data-view-buffer': [ '1.0.2' ],
18 silly audit   'data-view-byte-length': [ '1.0.2' ],
18 silly audit   'data-view-byte-offset': [ '1.0.1' ],
18 silly audit   dayjs: [ '1.11.19' ],
18 silly audit   debug: [ '4.4.3' ],
18 silly audit   decamelize: [ '1.2.0' ],
18 silly audit   'decimal.js': [ '10.6.0' ],
18 silly audit   'decimal.js-light': [ '2.5.1' ],
18 silly audit   'deep-is': [ '0.1.4' ],
18 silly audit   deepmerge: [ '4.3.1' ],
18 silly audit   'define-data-property': [ '1.1.4' ],
18 silly audit   'define-properties': [ '1.2.1' ],
18 silly audit   dequal: [ '2.0.3' ],
18 silly audit   'detect-libc': [ '2.1.2' ],
18 silly audit   dijkstrajs: [ '1.0.3' ],
18 silly audit   doctrine: [ '2.1.0' ],
18 silly audit   dompurify: [ '3.3.1' ],
18 silly audit   'dunder-proto': [ '1.0.1' ],
18 silly audit   ejs: [ '3.1.10' ],
18 silly audit   'electron-to-chromium': [ '1.5.283' ],
18 silly audit   'enhanced-resolve': [ '5.18.4' ],
18 silly audit   entities: [ '4.5.0', '6.0.1' ],
18 silly audit   'es-abstract': [ '1.24.1' ],
18 silly audit   'es-define-property': [ '1.0.1' ],
18 silly audit   'es-errors': [ '1.3.0' ],
18 silly audit   'es-iterator-helpers': [ '1.2.2' ],
18 silly audit   'es-module-lexer': [ '1.7.0' ],
18 silly audit   'es-object-atoms': [ '1.1.1' ],
18 silly audit   'es-set-tostringtag': [ '2.1.0' ],
18 silly audit   'es-shim-unscopables': [ '1.1.0' ],
18 silly audit   'es-to-primitive': [ '1.3.0' ],
18 silly audit   'es-toolkit': [ '1.44.0' ],
18 silly audit   esbuild: [ '0.27.2' ],
18 silly audit   escalade: [ '3.2.0' ],
18 silly audit   'escape-string-regexp': [ '4.0.0' ],
18 silly audit   eslint: [ '10.0.2' ],
18 silly audit   'eslint-config-prettier': [ '10.1.8' ],
18 silly audit   'eslint-plugin-jsx-a11y': [ '6.10.2' ],
18 silly audit   'eslint-plugin-react': [ '7.37.5' ],
18 silly audit   'eslint-plugin-react-hooks': [ '7.0.1' ],
18 silly audit   resolve: [ '2.0.0-next.6', '1.22.11' ],
18 silly audit   'eslint-scope': [ '9.1.1' ],
18 silly audit   'json-schema-traverse': [ '0.4.1', '1.0.0' ],
18 silly audit   espree: [ '11.1.1' ],
18 silly audit   esquery: [ '1.7.0' ],
18 silly audit   esrecurse: [ '4.3.0' ],
18 silly audit   estraverse: [ '5.3.0' ],
18 silly audit   esutils: [ '2.0.3' ],
18 silly audit   eventemitter3: [ '5.0.4' ],
18 silly audit   'expect-type': [ '1.3.0' ],
18 silly audit   'fast-deep-equal': [ '3.1.3' ],
18 silly audit   'fast-equals': [ '5.4.0' ],
18 silly audit   'fast-json-stable-stringify': [ '2.1.0' ],
18 silly audit   'fast-levenshtein': [ '2.0.6' ],
18 silly audit   'fast-png': [ '6.4.0' ],
18 silly audit   'fast-uri': [ '3.1.0' ],
18 silly audit   fdir: [ '6.5.0' ],
18 silly audit   fflate: [ '0.8.2' ],
18 silly audit   'file-entry-cache': [ '8.0.0' ],
18 silly audit   filelist: [ '1.0.4' ],
18 silly audit   'find-up': [ '5.0.0', '4.1.0' ],
18 silly audit   'flat-cache': [ '4.0.1' ],
18 silly audit   flatted: [ '3.3.3' ],
18 silly audit   'follow-redirects': [ '1.15.11' ],
18 silly audit   'for-each': [ '0.3.5' ],
18 silly audit   'foreground-child': [ '3.3.1' ],
18 silly audit   frac: [ '1.1.2' ],
18 silly audit   'fraction.js': [ '5.3.4' ],
18 silly audit   'framer-motion': [ '12.29.2' ],
18 silly audit   'fs-extra': [ '9.1.0' ],
18 silly audit   fsevents: [ '2.3.3' ],
18 silly audit   'function-bind': [ '1.1.2' ],
18 silly audit   'function.prototype.name': [ '1.1.8' ],
18 silly audit   'functions-have-names': [ '1.2.3' ],
18 silly audit   'generator-function': [ '2.0.1' ],
18 silly audit   gensync: [ '1.0.0-beta.2' ],
18 silly audit   'get-caller-file': [ '2.0.5' ],
18 silly audit   'get-intrinsic': [ '1.3.0' ],
18 silly audit   'get-own-enumerable-property-symbols': [ '3.0.2' ],
18 silly audit   'get-proto': [ '1.0.1' ],
18 silly audit   'get-symbol-description': [ '1.1.0' ],
18 silly audit   'glob-parent': [ '6.0.2' ],
18 silly audit   globalthis: [ '1.0.4' ],
18 silly audit   gopd: [ '1.2.0' ],
18 silly audit   'graceful-fs': [ '4.2.11' ],
18 silly audit   'has-bigints': [ '1.1.0' ],
18 silly audit   'has-property-descriptors': [ '1.0.2' ],
18 silly audit   'has-proto': [ '1.2.0' ],
18 silly audit   'has-symbols': [ '1.1.0' ],
18 silly audit   'has-tostringtag': [ '1.0.2' ],
18 silly audit   hasown: [ '2.0.2' ],
18 silly audit   'hermes-estree': [ '0.25.1' ],
18 silly audit   'hermes-parser': [ '0.25.1' ],
18 silly audit   'html-encoding-sniffer': [ '6.0.0' ],
18 silly audit   html2canvas: [ '1.4.1' ],
18 silly audit   'iceberg-js': [ '0.8.1' ],
18 silly audit   idb: [ '7.1.1' ],
18 silly audit   ieee754: [ '1.2.1' ],
18 silly audit   imurmurhash: [ '0.1.4' ],
18 silly audit   'indent-string': [ '4.0.0' ],
18 silly audit   'internal-slot': [ '1.1.0' ],
18 silly audit   internmap: [ '2.0.3' ],
18 silly audit   iobuffer: [ '5.4.0' ],
18 silly audit   'is-array-buffer': [ '3.0.5' ],
18 silly audit   'is-async-function': [ '2.1.1' ],
18 silly audit   'is-bigint': [ '1.1.0' ],
18 silly audit   'is-boolean-object': [ '1.2.2' ],
18 silly audit   'is-callable': [ '1.2.7' ],
18 silly audit   'is-core-module': [ '2.16.1' ],
18 silly audit   'is-data-view': [ '1.0.2' ],
18 silly audit   'is-date-object': [ '1.1.0' ],
18 silly audit   'is-extglob': [ '2.1.1' ],
18 silly audit   'is-finalizationregistry': [ '1.1.1' ],
18 silly audit   'is-fullwidth-code-point': [ '3.0.0' ],
18 silly audit   'is-generator-function': [ '1.1.2' ],
18 silly audit   'is-glob': [ '4.0.3' ],
18 silly audit   'is-map': [ '2.0.3' ],
18 silly audit   'is-module': [ '1.0.0' ],
18 silly audit   'is-negative-zero': [ '2.0.3' ],
18 silly audit   'is-number-object': [ '1.1.1' ],
18 silly audit   'is-obj': [ '1.0.1' ],
18 silly audit   'is-potential-custom-element-name': [ '1.0.1' ],
18 silly audit   'is-regex': [ '1.2.1' ],
18 silly audit   'is-regexp': [ '1.0.0' ],
18 silly audit   'is-set': [ '2.0.3' ],
18 silly audit   'is-shared-array-buffer': [ '1.0.4' ],
18 silly audit   'is-stream': [ '2.0.1' ],
18 silly audit   'is-string': [ '1.1.1' ],
18 silly audit   'is-symbol': [ '1.1.1' ],
18 silly audit   'is-typed-array': [ '1.1.15' ],
18 silly audit   'is-weakmap': [ '2.0.2' ],
18 silly audit   'is-weakref': [ '1.1.1' ],
18 silly audit   'is-weakset': [ '2.0.4' ],
18 silly audit   isarray: [ '2.0.5' ],
18 silly audit   isexe: [ '2.0.0' ],
18 silly audit   'iterator.prototype': [ '1.1.5' ],
18 silly audit   jake: [ '10.9.4' ],
18 silly audit   jiti: [ '2.6.1' ],
18 silly audit   'js-tokens': [ '4.0.0' ],
18 silly audit   jsdom: [ '29.0.1' ],
18 silly audit   jsesc: [ '3.1.0' ],
18 silly audit   'json-buffer': [ '3.0.1' ],
18 silly audit   'json-schema': [ '0.4.0' ],
18 silly audit   'json-stable-stringify-without-jsonify': [ '1.0.1' ],
18 silly audit   json5: [ '2.2.3' ],
18 silly audit   jsonfile: [ '6.2.0' ],
18 silly audit   jsonpointer: [ '5.0.1' ],
18 silly audit   jspdf: [ '4.1.0' ],
18 silly audit   'jspdf-autotable': [ '5.0.7' ],
18 silly audit   'jsx-ast-utils': [ '3.3.5' ],
18 silly audit   keyv: [ '4.5.4' ],
18 silly audit   'language-subtag-registry': [ '0.3.23' ],
18 silly audit   'language-tags': [ '1.0.9' ],
18 silly audit   leaflet: [ '1.9.4' ],
18 silly audit   leven: [ '3.1.0' ],
18 silly audit   levn: [ '0.4.1' ],
18 silly audit   lightningcss: [ '1.30.2' ],
18 silly audit   'lightningcss-android-arm64': [ '1.30.2' ],
18 silly audit   'lightningcss-darwin-arm64': [ '1.30.2' ],
18 silly audit   'lightningcss-darwin-x64': [ '1.30.2' ],
18 silly audit   'lightningcss-freebsd-x64': [ '1.30.2' ],
18 silly audit   'lightningcss-linux-arm-gnueabihf': [ '1.30.2' ],
18 silly audit   'lightningcss-linux-arm64-gnu': [ '1.30.2' ],
18 silly audit   'lightningcss-linux-arm64-musl': [ '1.30.2' ],
18 silly audit   'lightningcss-linux-x64-gnu': [ '1.30.2' ],
18 silly audit   'lightningcss-linux-x64-musl': [ '1.30.2' ],
18 silly audit   'lightningcss-win32-arm64-msvc': [ '1.30.2' ],
18 silly audit   'lightningcss-win32-x64-msvc': [ '1.30.2' ],
18 silly audit   'linkify-it': [ '5.0.0' ],
18 silly audit   linkifyjs: [ '4.3.2' ],
18 silly audit   'locate-path': [ '6.0.0', '5.0.0' ],
18 silly audit   lodash: [ '4.17.23' ],
18 silly audit   'lodash.debounce': [ '4.0.8' ],
18 silly audit   'lodash.sortby': [ '4.7.0' ],
18 silly audit   'loose-envify': [ '1.4.0' ],
18 silly audit   'lucide-react': [ '0.563.0' ],
18 silly audit   'lz-string': [ '1.5.0' ],
18 silly audit   'markdown-it': [ '14.1.1' ],
18 silly audit   'math-intrinsics': [ '1.1.0' ],
18 silly audit   'mdn-data': [ '2.27.1' ],
18 silly audit   mdurl: [ '2.0.0' ],
18 silly audit   'min-indent': [ '1.0.1' ],
18 silly audit   minipass: [ '7.1.2' ],
18 silly audit   'motion-dom': [ '12.29.2' ],
18 silly audit   'motion-utils': [ '12.29.2' ],
18 silly audit   ms: [ '2.1.3' ],
18 silly audit   nanoid: [ '3.3.11' ],
18 silly audit   'napas-qr': [ '1.0.4' ],
18 silly audit   'natural-compare': [ '1.4.0' ],
18 silly audit   'node-exports-info': [ '1.6.0' ],
18 silly audit   'node-releases': [ '2.0.27' ],
18 silly audit   'object-assign': [ '4.1.1' ],
18 silly audit   'object-inspect': [ '1.13.4' ],
18 silly audit   'object-keys': [ '1.1.1' ],
18 silly audit   'object.assign': [ '4.1.7' ],
18 silly audit   'object.entries': [ '1.1.9' ],
18 silly audit   'object.fromentries': [ '2.0.8' ],
18 silly audit   'object.values': [ '1.2.1' ],
18 silly audit   obug: [ '2.1.1' ],
18 silly audit   optionator: [ '0.9.4' ],
18 silly audit   orderedmap: [ '2.1.1' ],
18 silly audit   'own-keys': [ '1.0.1' ],
18 silly audit   'p-limit': [ '3.1.0', '2.3.0' ],
18 silly audit   'p-locate': [ '5.0.0', '4.1.0' ],
18 silly audit   'p-try': [ '2.2.0' ],
18 silly audit   'package-json-from-dist': [ '1.0.1' ],
18 silly audit   pako: [ '2.1.0' ],
18 silly audit   parse5: [ '8.0.0' ],
18 silly audit   'path-exists': [ '4.0.0' ],
18 silly audit   'path-key': [ '3.1.1' ],
18 silly audit   'path-parse': [ '1.0.7' ],
18 silly audit   pathe: [ '2.0.3' ],
18 silly audit   'performance-now': [ '2.1.0' ],
18 silly audit   picocolors: [ '1.1.1' ],
18 silly audit   picomatch: [ '4.0.3', '2.3.1' ],
18 silly audit   pngjs: [ '5.0.0' ],
18 silly audit   'possible-typed-array-names': [ '1.1.0' ],
18 silly audit   postcss: [ '8.5.6' ],
18 silly audit   'postcss-value-parser': [ '4.2.0' ],
18 silly audit   'prelude-ls': [ '1.2.1' ],
18 silly audit   prettier: [ '3.8.1' ],
18 silly audit   'pretty-bytes': [ '6.1.1', '5.6.0' ],
18 silly audit   'pretty-format': [ '27.5.1' ],
18 silly audit   'react-is': [ '17.0.2', '16.13.1', '19.2.4' ],
18 silly audit   'prop-types': [ '15.8.1' ],
18 silly audit   'prosemirror-changeset': [ '2.4.0' ],
18 silly audit   'prosemirror-collab': [ '1.3.1' ],
18 silly audit   'prosemirror-commands': [ '1.7.1' ],
18 silly audit   'prosemirror-dropcursor': [ '1.8.2' ],
18 silly audit   'prosemirror-gapcursor': [ '1.4.0' ],
18 silly audit   'prosemirror-history': [ '1.5.0' ],
18 silly audit   'prosemirror-inputrules': [ '1.5.1' ],
18 silly audit   'prosemirror-keymap': [ '1.2.3' ],
18 silly audit   'prosemirror-markdown': [ '1.13.4' ],
18 silly audit   'prosemirror-menu': [ '1.3.0' ],
18 silly audit   'prosemirror-model': [ '1.25.4' ],
18 silly audit   'prosemirror-schema-basic': [ '1.2.4' ],
18 silly audit   'prosemirror-schema-list': [ '1.5.1' ],
18 silly audit   'prosemirror-state': [ '1.4.4' ],
18 silly audit   'prosemirror-tables': [ '1.8.5' ],
18 silly audit   'prosemirror-trailing-node': [ '3.0.0' ],
18 silly audit   'prosemirror-transform': [ '1.11.0' ],
18 silly audit   'prosemirror-view': [ '1.41.6' ],
18 silly audit   punycode: [ '2.3.1' ],
18 silly audit   'punycode.js': [ '2.3.1' ],
18 silly audit   qrcode: [ '1.5.4' ],
18 silly audit   raf: [ '3.4.1' ],
18 silly audit   randombytes: [ '2.1.0' ],
18 silly audit   react: [ '19.2.4' ],
18 silly audit   'react-dom': [ '19.2.4' ],
18 silly audit   'react-hook-form': [ '7.71.1' ],
18 silly audit   'react-leaflet': [ '4.2.1' ],
18 silly audit   'react-redux': [ '9.2.0' ],
18 silly audit   'react-refresh': [ '0.18.0' ],
18 silly audit   'react-router': [ '7.13.0' ],
18 silly audit   'react-router-dom': [ '7.13.0' ],
18 silly audit   recharts: [ '3.7.0' ],
18 silly audit   redent: [ '3.0.0' ],
18 silly audit   redux: [ '5.0.1' ],
18 silly audit   'redux-thunk': [ '3.1.0' ],
18 silly audit   'reflect.getprototypeof': [ '1.0.10' ],
18 silly audit   regenerate: [ '1.4.2' ],
18 silly audit   'regenerate-unicode-properties': [ '10.2.2' ],
18 silly audit   'regenerator-runtime': [ '0.13.11' ],
18 silly audit   'regexp.prototype.flags': [ '1.5.4' ],
18 silly audit   'regexpu-core': [ '6.4.0' ],
18 silly audit   regjsgen: [ '0.8.0' ],
18 silly audit   regjsparser: [ '0.13.0' ],
18 silly audit   'require-directory': [ '2.1.1' ],
18 silly audit   'require-from-string': [ '2.0.2' ],
18 silly audit   'require-main-filename': [ '2.0.0' ],
18 silly audit   reselect: [ '5.1.1' ],
18 silly audit   rgbcolor: [ '1.0.1' ],
18 silly audit   rollup: [ '4.57.1', '2.79.2' ],
18 silly audit   'rope-sequence': [ '1.3.4' ],
18 silly audit   'safe-array-concat': [ '1.1.3' ],
18 silly audit   'safe-buffer': [ '5.2.1' ],
18 silly audit   'safe-push-apply': [ '1.0.0' ],
18 silly audit   'safe-regex-test': [ '1.1.0' ],
18 silly audit   saxes: [ '6.0.0' ],
18 silly audit   scheduler: [ '0.27.0' ],
18 silly audit   'serialize-javascript': [ '6.0.2' ],
18 silly audit   'set-blocking': [ '2.0.0' ],
18 silly audit   'set-cookie-parser': [ '2.7.2' ],
18 silly audit   'set-function-length': [ '1.2.2' ],
18 silly audit   'set-function-name': [ '2.0.2' ],
18 silly audit   'set-proto': [ '1.0.0' ],
18 silly audit   'shebang-command': [ '2.0.0' ],
18 silly audit   'shebang-regex': [ '3.0.0' ],
18 silly audit   'side-channel': [ '1.1.0' ],
18 silly audit   'side-channel-list': [ '1.0.0' ],
18 silly audit   'side-channel-map': [ '1.0.1' ],
18 silly audit   'side-channel-weakmap': [ '1.0.2' ],
18 silly audit   siginfo: [ '2.0.0' ],
18 silly audit   'signal-exit': [ '4.1.0' ],
18 silly audit   smob: [ '1.6.1' ],
18 silly audit   sonner: [ '2.0.7' ],
18 silly audit   'source-map': [ '0.8.0-beta.0', '0.6.1' ],
18 silly audit   'source-map-js': [ '1.2.1' ],
18 silly audit   'source-map-support': [ '0.5.21' ],
18 silly audit   'sourcemap-codec': [ '1.4.8' ],
18 silly audit   ssf: [ '0.11.2' ],
18 silly audit   stackback: [ '0.0.2' ],
18 silly audit   'stackblur-canvas': [ '2.7.0' ],
18 silly audit   'std-env': [ '3.10.0' ],
18 silly audit   'stop-iteration-iterator': [ '1.1.0' ],
18 silly audit   'string.prototype.includes': [ '2.0.1' ],
18 silly audit   'string.prototype.matchall': [ '4.0.12' ],
18 silly audit   'string.prototype.repeat': [ '1.0.0' ],
18 silly audit   'string.prototype.trim': [ '1.2.10' ],
18 silly audit   'string.prototype.trimend': [ '1.0.9' ],
18 silly audit   'string.prototype.trimstart': [ '1.0.8' ],
18 silly audit   'stringify-object': [ '3.3.0' ],
18 silly audit   'strip-comments': [ '2.0.1' ],
18 silly audit   'strip-indent': [ '3.0.0' ],
18 silly audit   'supports-preserve-symlinks-flag': [ '1.0.0' ],
18 silly audit   'svg-pathdata': [ '6.0.3' ],
18 silly audit   'symbol-tree': [ '3.2.4' ],
18 silly audit   'tailwind-merge': [ '3.4.0' ],
18 silly audit   tailwindcss: [ '4.1.18' ],
18 silly audit   tapable: [ '2.3.0' ],
18 silly audit   'temp-dir': [ '2.0.0' ],
18 silly audit   tempy: [ '0.6.0' ],
18 silly audit   terser: [ '5.46.0' ],
18 silly audit   'text-segmentation': [ '1.0.3' ],
18 silly audit   'tiny-invariant': [ '1.3.3' ],
18 silly audit   tinybench: [ '2.9.0' ],
18 silly audit   tinyexec: [ '1.0.2' ],
18 silly audit   tinyglobby: [ '0.2.15' ],
18 silly audit   tinyrainbow: [ '3.0.3' ],
18 silly audit   tldts: [ '7.0.27' ],
18 silly audit   'tldts-core': [ '7.0.27' ],
18 silly audit   'tough-cookie': [ '6.0.1' ],
18 silly audit   'ts-api-utils': [ '2.4.0' ],
18 silly audit   tslib: [ '2.8.1' ],
18 silly audit   'type-check': [ '0.4.0' ],
18 silly audit   'type-fest': [ '0.16.0' ],
18 silly audit   'typed-array-buffer': [ '1.0.3' ],
18 silly audit   'typed-array-byte-length': [ '1.0.3' ],
18 silly audit   'typed-array-byte-offset': [ '1.0.4' ],
18 silly audit   'typed-array-length': [ '1.0.7' ],
18 silly audit   typescript: [ '5.9.3' ],
18 silly audit   'typescript-eslint': [ '8.56.1' ],
18 silly audit   'uc.micro': [ '2.1.0' ],
18 silly audit   'unbox-primitive': [ '1.1.0' ],
18 silly audit   undici: [ '7.24.6' ],
18 silly audit   'undici-types': [ '7.16.0' ],
18 silly audit   'unicode-canonical-property-names-ecmascript': [ '2.0.1' ],
18 silly audit   'unicode-match-property-ecmascript': [ '2.0.0' ],
18 silly audit   'unicode-match-property-value-ecmascript': [ '2.2.1' ],
18 silly audit   'unicode-property-aliases-ecmascript': [ '2.2.0' ],
18 silly audit   'unique-string': [ '2.0.0' ],
18 silly audit   universalify: [ '2.0.1' ],
18 silly audit   upath: [ '1.2.0' ],
18 silly audit   'update-browserslist-db': [ '1.2.3' ],
18 silly audit   'uri-js': [ '4.4.1' ],
18 silly audit   'use-sync-external-store': [ '1.6.0' ],
18 silly audit   utrie: [ '1.0.2' ],
18 silly audit   'victory-vendor': [ '37.3.6' ],
18 silly audit   vietqr: [ '1.1.9' ],
18 silly audit   vite: [ '7.3.1' ],
18 silly audit   'vite-plugin-pwa': [ '1.2.0' ],
18 silly audit   vitest: [ '4.0.18' ],
18 silly audit   'w3c-keyname': [ '2.2.8' ],
18 silly audit   'w3c-xmlserializer': [ '5.0.0' ],
18 silly audit   'whatwg-mimetype': [ '5.0.0' ],
18 silly audit   which: [ '2.0.2' ],
18 silly audit   'which-boxed-primitive': [ '1.1.1' ],
18 silly audit   'which-builtin-type': [ '1.2.1' ],
18 silly audit   'which-collection': [ '1.0.2' ],
18 silly audit   'which-module': [ '2.0.1' ],
18 silly audit   'which-typed-array': [ '1.1.20' ],
18 silly audit   'why-is-node-running': [ '2.3.0' ],
18 silly audit   wmf: [ '1.0.2' ],
18 silly audit   word: [ '0.3.0' ],
18 silly audit   'word-wrap': [ '1.2.5' ],
18 silly audit   'workbox-background-sync': [ '7.4.0' ],
18 silly audit   'workbox-broadcast-update': [ '7.4.0' ],
18 silly audit   'workbox-build': [ '7.4.0' ],
18 silly audit   '@isaacs/cliui': [ '9.0.0' ],
18 silly audit   '@rollup/plugin-babel': [ '5.3.1' ],
18 silly audit   '@rollup/plugin-replace': [ '2.4.2' ],
18 silly audit   glob: [ '11.1.0' ],
18 silly audit   jackspeak: [ '4.2.3' ],
18 silly audit   'path-scurry': [ '2.0.1' ],
18 silly audit   'workbox-cacheable-response': [ '7.4.0' ],
18 silly audit   'workbox-core': [ '7.4.0' ],
18 silly audit   'workbox-expiration': [ '7.4.0' ],
18 silly audit   'workbox-google-analytics': [ '7.4.0' ],
18 silly audit   'workbox-navigation-preload': [ '7.4.0' ],
18 silly audit   'workbox-precaching': [ '7.4.0' ],
18 silly audit   'workbox-range-requests': [ '7.4.0' ],
18 silly audit   'workbox-recipes': [ '7.4.0' ],
18 silly audit   'workbox-routing': [ '7.4.0' ],
18 silly audit   'workbox-strategies': [ '7.4.0' ],
18 silly audit   'workbox-streams': [ '7.4.0' ],
18 silly audit   'workbox-sw': [ '7.4.0' ],
18 silly audit   'workbox-window': [ '7.4.0' ],
18 silly audit   ws: [ '8.19.0' ],
18 silly audit   xlsx: [ '0.18.5' ],
18 silly audit   'xml-name-validator': [ '5.0.0' ],
18 silly audit   xmlchars: [ '2.2.0' ],
18 silly audit   y18n: [ '4.0.3' ],
18 silly audit   yallist: [ '3.1.1' ],
18 silly audit   yargs: [ '15.4.1' ],
18 silly audit   'yargs-parser': [ '18.1.3' ],
18 silly audit   'yocto-queue': [ '0.1.0' ],
18 silly audit   zod: [ '4.3.6' ],
18 silly audit   'zod-validation-error': [ '4.0.2' ],
18 silly audit   zustand: [ '5.0.10' ],
18 silly audit   '@tailwindcss/oxide-wasm32-wasi': [ '4.1.18' ]
18 silly audit }
19 verbose reify failed optional dependency /Users/admin/Desktop/dự án/mttqvn/node_modules/lightningcss-win32-x64-msvc
20 silly reify mark deleted [
20 silly reify   '/Users/admin/Desktop/dự án/mttqvn/node_modules/lightningcss-win32-x64-msvc'
20 silly reify ]
21 verbose reify failed optional dependency /Users/admin/Desktop/dự án/mttqvn/node_modules/lightningcss-win32-arm64-msvc
22 silly reify mark deleted [
22 silly reify   '/Users/admin/Desktop/dự án/mttqvn/node_modules/lightningcss-win32-arm64-msvc'
22 silly reify ]
23 verbose reify failed optional dependency /Users/admin/Desktop/dự án/mttqvn/node_modules/lightningcss-linux-x64-musl
24 silly reify mark deleted [
24 silly reify   '/Users/admin/Desktop/dự án/mttqvn/node_modules/lightningcss-linux-x64-musl'
24 silly reify ]
25 verbose reify failed optional dependency /Users/admin/Desktop/dự án/mttqvn/node_modules/lightningcss-linux-x64-gnu
26 silly reify mark deleted [
26 silly reify   '/Users/admin/Desktop/dự án/mttqvn/node_modules/lightningcss-linux-x64-gnu'
26 silly reify ]
27 verbose reify failed optional dependency /Users/admin/Desktop/dự án/mttqvn/node_modules/lightningcss-linux-arm64-musl
28 silly reify mark deleted [
28 silly reify   '/Users/admin/Desktop/dự án/mttqvn/node_modules/lightningcss-linux-arm64-musl'
28 silly reify ]
29 verbose reify failed optional dependency /Users/admin/Desktop/dự án/mttqvn/node_modules/lightningcss-linux-arm64-gnu
30 silly reify mark deleted [
30 silly reify   '/Users/admin/Desktop/dự án/mttqvn/node_modules/lightningcss-linux-arm64-gnu'
30 silly reify ]
31 verbose reify failed optional dependency /Users/admin/Desktop/dự án/mttqvn/node_modules/lightningcss-linux-arm-gnueabihf
32 silly reify mark deleted [
32 silly reify   '/Users/admin/Desktop/dự án/mttqvn/node_modules/lightningcss-linux-arm-gnueabihf'
32 silly reify ]
33 verbose reify failed optional dependency /Users/admin/Desktop/dự án/mttqvn/node_modules/lightningcss-freebsd-x64
34 silly reify mark deleted [
34 silly reify   '/Users/admin/Desktop/dự án/mttqvn/node_modules/lightningcss-freebsd-x64'
34 silly reify ]
35 verbose reify failed optional dependency /Users/admin/Desktop/dự án/mttqvn/node_modules/lightningcss-darwin-arm64
36 silly reify mark deleted [
36 silly reify   '/Users/admin/Desktop/dự án/mttqvn/node_modules/lightningcss-darwin-arm64'
36 silly reify ]
37 verbose reify failed optional dependency /Users/admin/Desktop/dự án/mttqvn/node_modules/lightningcss-android-arm64
38 silly reify mark deleted [
38 silly reify   '/Users/admin/Desktop/dự án/mttqvn/node_modules/lightningcss-android-arm64'
38 silly reify ]
39 verbose reify failed optional dependency /Users/admin/Desktop/dự án/mttqvn/node_modules/@tailwindcss/oxide-win32-x64-msvc
40 silly reify mark deleted [
40 silly reify   '/Users/admin/Desktop/dự án/mttqvn/node_modules/@tailwindcss/oxide-win32-x64-msvc'
40 silly reify ]
41 verbose reify failed optional dependency /Users/admin/Desktop/dự án/mttqvn/node_modules/@tailwindcss/oxide-win32-arm64-msvc
42 silly reify mark deleted [
42 silly reify   '/Users/admin/Desktop/dự án/mttqvn/node_modules/@tailwindcss/oxide-win32-arm64-msvc'
42 silly reify ]
43 verbose reify failed optional dependency /Users/admin/Desktop/dự án/mttqvn/node_modules/@tailwindcss/oxide-linux-x64-musl
44 silly reify mark deleted [
44 silly reify   '/Users/admin/Desktop/dự án/mttqvn/node_modules/@tailwindcss/oxide-linux-x64-musl'
44 silly reify ]
45 verbose reify failed optional dependency /Users/admin/Desktop/dự án/mttqvn/node_modules/@tailwindcss/oxide-linux-x64-gnu
46 silly reify mark deleted [
46 silly reify   '/Users/admin/Desktop/dự án/mttqvn/node_modules/@tailwindcss/oxide-linux-x64-gnu'
46 silly reify ]
47 verbose reify failed optional dependency /Users/admin/Desktop/dự án/mttqvn/node_modules/@tailwindcss/oxide-linux-arm64-musl
48 silly reify mark deleted [
48 silly reify   '/Users/admin/Desktop/dự án/mttqvn/node_modules/@tailwindcss/oxide-linux-arm64-musl'
48 silly reify ]
49 verbose reify failed optional dependency /Users/admin/Desktop/dự án/mttqvn/node_modules/@tailwindcss/oxide-linux-arm64-gnu
50 silly reify mark deleted [
50 silly reify   '/Users/admin/Desktop/dự án/mttqvn/node_modules/@tailwindcss/oxide-linux-arm64-gnu'
50 silly reify ]
51 verbose reify failed optional dependency /Users/admin/Desktop/dự án/mttqvn/node_modules/@tailwindcss/oxide-linux-arm-gnueabihf
52 silly reify mark deleted [
52 silly reify   '/Users/admin/Desktop/dự án/mttqvn/node_modules/@tailwindcss/oxide-linux-arm-gnueabihf'
52 silly reify ]
53 verbose reify failed optional dependency /Users/admin/Desktop/dự án/mttqvn/node_modules/@tailwindcss/oxide-freebsd-x64
54 silly reify mark deleted [
54 silly reify   '/Users/admin/Desktop/dự án/mttqvn/node_modules/@tailwindcss/oxide-freebsd-x64'
54 silly reify ]
55 verbose reify failed optional dependency /Users/admin/Desktop/dự án/mttqvn/node_modules/@tailwindcss/oxide-darwin-arm64
56 silly reify mark deleted [
56 silly reify   '/Users/admin/Desktop/dự án/mttqvn/node_modules/@tailwindcss/oxide-darwin-arm64'
56 silly reify ]
57 verbose reify failed optional dependency /Users/admin/Desktop/dự án/mttqvn/node_modules/@tailwindcss/oxide-android-arm64
58 silly reify mark deleted [
58 silly reify   '/Users/admin/Desktop/dự án/mttqvn/node_modules/@tailwindcss/oxide-android-arm64'
58 silly reify ]
59 verbose reify failed optional dependency /Users/admin/Desktop/dự án/mttqvn/node_modules/@rollup/rollup-win32-x64-msvc
60 silly reify mark deleted [
60 silly reify   '/Users/admin/Desktop/dự án/mttqvn/node_modules/@rollup/rollup-win32-x64-msvc'
60 silly reify ]
61 verbose reify failed optional dependency /Users/admin/Desktop/dự án/mttqvn/node_modules/@rollup/rollup-win32-x64-gnu
62 silly reify mark deleted [
62 silly reify   '/Users/admin/Desktop/dự án/mttqvn/node_modules/@rollup/rollup-win32-x64-gnu'
62 silly reify ]
63 verbose reify failed optional dependency /Users/admin/Desktop/dự án/mttqvn/node_modules/@rollup/rollup-win32-ia32-msvc
64 silly reify mark deleted [
64 silly reify   '/Users/admin/Desktop/dự án/mttqvn/node_modules/@rollup/rollup-win32-ia32-msvc'
64 silly reify ]
65 verbose reify failed optional dependency /Users/admin/Desktop/dự án/mttqvn/node_modules/@rollup/rollup-win32-arm64-msvc
66 silly reify mark deleted [
66 silly reify   '/Users/admin/Desktop/dự án/mttqvn/node_modules/@rollup/rollup-win32-arm64-msvc'
66 silly reify ]
67 verbose reify failed optional dependency /Users/admin/Desktop/dự án/mttqvn/node_modules/@rollup/rollup-openharmony-arm64
68 silly reify mark deleted [
68 silly reify   '/Users/admin/Desktop/dự án/mttqvn/node_modules/@rollup/rollup-openharmony-arm64'
68 silly reify ]
69 verbose reify failed optional dependency /Users/admin/Desktop/dự án/mttqvn/node_modules/@rollup/rollup-openbsd-x64
70 silly reify mark deleted [
70 silly reify   '/Users/admin/Desktop/dự án/mttqvn/node_modules/@rollup/rollup-openbsd-x64'
70 silly reify ]
71 verbose reify failed optional dependency /Users/admin/Desktop/dự án/mttqvn/node_modules/@rollup/rollup-linux-x64-musl
72 silly reify mark deleted [
72 silly reify   '/Users/admin/Desktop/dự án/mttqvn/node_modules/@rollup/rollup-linux-x64-musl'
72 silly reify ]
73 verbose reify failed optional dependency /Users/admin/Desktop/dự án/mttqvn/node_modules/@rollup/rollup-linux-x64-gnu
74 silly reify mark deleted [
74 silly reify   '/Users/admin/Desktop/dự án/mttqvn/node_modules/@rollup/rollup-linux-x64-gnu'
74 silly reify ]
75 verbose reify failed optional dependency /Users/admin/Desktop/dự án/mttqvn/node_modules/@rollup/rollup-linux-s390x-gnu
76 silly reify mark deleted [
76 silly reify   '/Users/admin/Desktop/dự án/mttqvn/node_modules/@rollup/rollup-linux-s390x-gnu'
76 silly reify ]
77 verbose reify failed optional dependency /Users/admin/Desktop/dự án/mttqvn/node_modules/@rollup/rollup-linux-riscv64-musl
78 silly reify mark deleted [
78 silly reify   '/Users/admin/Desktop/dự án/mttqvn/node_modules/@rollup/rollup-linux-riscv64-musl'
78 silly reify ]
79 verbose reify failed optional dependency /Users/admin/Desktop/dự án/mttqvn/node_modules/@rollup/rollup-linux-riscv64-gnu
80 silly reify mark deleted [
80 silly reify   '/Users/admin/Desktop/dự án/mttqvn/node_modules/@rollup/rollup-linux-riscv64-gnu'
80 silly reify ]
81 verbose reify failed optional dependency /Users/admin/Desktop/dự án/mttqvn/node_modules/@rollup/rollup-linux-ppc64-musl
82 silly reify mark deleted [
82 silly reify   '/Users/admin/Desktop/dự án/mttqvn/node_modules/@rollup/rollup-linux-ppc64-musl'
82 silly reify ]
83 verbose reify failed optional dependency /Users/admin/Desktop/dự án/mttqvn/node_modules/@rollup/rollup-linux-ppc64-gnu
84 silly reify mark deleted [
84 silly reify   '/Users/admin/Desktop/dự án/mttqvn/node_modules/@rollup/rollup-linux-ppc64-gnu'
84 silly reify ]
85 verbose reify failed optional dependency /Users/admin/Desktop/dự án/mttqvn/node_modules/@rollup/rollup-linux-loong64-musl
86 silly reify mark deleted [
86 silly reify   '/Users/admin/Desktop/dự án/mttqvn/node_modules/@rollup/rollup-linux-loong64-musl'
86 silly reify ]
87 verbose reify failed optional dependency /Users/admin/Desktop/dự án/mttqvn/node_modules/@rollup/rollup-linux-loong64-gnu
88 silly reify mark deleted [
88 silly reify   '/Users/admin/Desktop/dự án/mttqvn/node_modules/@rollup/rollup-linux-loong64-gnu'
88 silly reify ]
89 verbose reify failed optional dependency /Users/admin/Desktop/dự án/mttqvn/node_modules/@rollup/rollup-linux-arm64-musl
90 silly reify mark deleted [
90 silly reify   '/Users/admin/Desktop/dự án/mttqvn/node_modules/@rollup/rollup-linux-arm64-musl'
90 silly reify ]
91 verbose reify failed optional dependency /Users/admin/Desktop/dự án/mttqvn/node_modules/@rollup/rollup-linux-arm64-gnu
92 silly reify mark deleted [
92 silly reify   '/Users/admin/Desktop/dự án/mttqvn/node_modules/@rollup/rollup-linux-arm64-gnu'
92 silly reify ]
93 verbose reify failed optional dependency /Users/admin/Desktop/dự án/mttqvn/node_modules/@rollup/rollup-linux-arm-musleabihf
94 silly reify mark deleted [
94 silly reify   '/Users/admin/Desktop/dự án/mttqvn/node_modules/@rollup/rollup-linux-arm-musleabihf'
94 silly reify ]
95 verbose reify failed optional dependency /Users/admin/Desktop/dự án/mttqvn/node_modules/@rollup/rollup-linux-arm-gnueabihf
96 silly reify mark deleted [
96 silly reify   '/Users/admin/Desktop/dự án/mttqvn/node_modules/@rollup/rollup-linux-arm-gnueabihf'
96 silly reify ]
97 verbose reify failed optional dependency /Users/admin/Desktop/dự án/mttqvn/node_modules/@rollup/rollup-freebsd-x64
98 silly reify mark deleted [
98 silly reify   '/Users/admin/Desktop/dự án/mttqvn/node_modules/@rollup/rollup-freebsd-x64'
98 silly reify ]
99 verbose reify failed optional dependency /Users/admin/Desktop/dự án/mttqvn/node_modules/@rollup/rollup-freebsd-arm64
100 silly reify mark deleted [
100 silly reify   '/Users/admin/Desktop/dự án/mttqvn/node_modules/@rollup/rollup-freebsd-arm64'
100 silly reify ]
101 verbose reify failed optional dependency /Users/admin/Desktop/dự án/mttqvn/node_modules/@rollup/rollup-darwin-arm64
102 silly reify mark deleted [
102 silly reify   '/Users/admin/Desktop/dự án/mttqvn/node_modules/@rollup/rollup-darwin-arm64'
102 silly reify ]
103 verbose reify failed optional dependency /Users/admin/Desktop/dự án/mttqvn/node_modules/@rollup/rollup-android-arm64
104 silly reify mark deleted [
104 silly reify   '/Users/admin/Desktop/dự án/mttqvn/node_modules/@rollup/rollup-android-arm64'
104 silly reify ]
105 verbose reify failed optional dependency /Users/admin/Desktop/dự án/mttqvn/node_modules/@rollup/rollup-android-arm-eabi
106 silly reify mark deleted [
106 silly reify   '/Users/admin/Desktop/dự án/mttqvn/node_modules/@rollup/rollup-android-arm-eabi'
106 silly reify ]
107 verbose reify failed optional dependency /Users/admin/Desktop/dự án/mttqvn/node_modules/@esbuild/win32-x64
108 silly reify mark deleted [
108 silly reify   '/Users/admin/Desktop/dự án/mttqvn/node_modules/@esbuild/win32-x64'
108 silly reify ]
109 verbose reify failed optional dependency /Users/admin/Desktop/dự án/mttqvn/node_modules/@esbuild/win32-ia32
110 silly reify mark deleted [
110 silly reify   '/Users/admin/Desktop/dự án/mttqvn/node_modules/@esbuild/win32-ia32'
110 silly reify ]
111 verbose reify failed optional dependency /Users/admin/Desktop/dự án/mttqvn/node_modules/@esbuild/win32-arm64
112 silly reify mark deleted [
112 silly reify   '/Users/admin/Desktop/dự án/mttqvn/node_modules/@esbuild/win32-arm64'
112 silly reify ]
113 verbose reify failed optional dependency /Users/admin/Desktop/dự án/mttqvn/node_modules/@esbuild/sunos-x64
114 silly reify mark deleted [
114 silly reify   '/Users/admin/Desktop/dự án/mttqvn/node_modules/@esbuild/sunos-x64'
114 silly reify ]
115 verbose reify failed optional dependency /Users/admin/Desktop/dự án/mttqvn/node_modules/@esbuild/openharmony-arm64
116 silly reify mark deleted [
116 silly reify   '/Users/admin/Desktop/dự án/mttqvn/node_modules/@esbuild/openharmony-arm64'
116 silly reify ]
117 verbose reify failed optional dependency /Users/admin/Desktop/dự án/mttqvn/node_modules/@esbuild/openbsd-x64
118 silly reify mark deleted [
118 silly reify   '/Users/admin/Desktop/dự án/mttqvn/node_modules/@esbuild/openbsd-x64'
118 silly reify ]
119 verbose reify failed optional dependency /Users/admin/Desktop/dự án/mttqvn/node_modules/@esbuild/openbsd-arm64
120 silly reify mark deleted [
120 silly reify   '/Users/admin/Desktop/dự án/mttqvn/node_modules/@esbuild/openbsd-arm64'
120 silly reify ]
121 verbose reify failed optional dependency /Users/admin/Desktop/dự án/mttqvn/node_modules/@esbuild/netbsd-x64
122 silly reify mark deleted [
122 silly reify   '/Users/admin/Desktop/dự án/mttqvn/node_modules/@esbuild/netbsd-x64'
122 silly reify ]
123 verbose reify failed optional dependency /Users/admin/Desktop/dự án/mttqvn/node_modules/@esbuild/netbsd-arm64
124 silly reify mark deleted [
124 silly reify   '/Users/admin/Desktop/dự án/mttqvn/node_modules/@esbuild/netbsd-arm64'
124 silly reify ]
125 verbose reify failed optional dependency /Users/admin/Desktop/dự án/mttqvn/node_modules/@esbuild/linux-x64
126 silly reify mark deleted [
126 silly reify   '/Users/admin/Desktop/dự án/mttqvn/node_modules/@esbuild/linux-x64'
126 silly reify ]
127 verbose reify failed optional dependency /Users/admin/Desktop/dự án/mttqvn/node_modules/@esbuild/linux-s390x
128 silly reify mark deleted [
128 silly reify   '/Users/admin/Desktop/dự án/mttqvn/node_modules/@esbuild/linux-s390x'
128 silly reify ]
129 verbose reify failed optional dependency /Users/admin/Desktop/dự án/mttqvn/node_modules/@esbuild/linux-riscv64
130 silly reify mark deleted [
130 silly reify   '/Users/admin/Desktop/dự án/mttqvn/node_modules/@esbuild/linux-riscv64'
130 silly reify ]
131 verbose reify failed optional dependency /Users/admin/Desktop/dự án/mttqvn/node_modules/@esbuild/linux-ppc64
132 silly reify mark deleted [
132 silly reify   '/Users/admin/Desktop/dự án/mttqvn/node_modules/@esbuild/linux-ppc64'
132 silly reify ]
133 verbose reify failed optional dependency /Users/admin/Desktop/dự án/mttqvn/node_modules/@esbuild/linux-mips64el
134 silly reify mark deleted [
134 silly reify   '/Users/admin/Desktop/dự án/mttqvn/node_modules/@esbuild/linux-mips64el'
134 silly reify ]
135 verbose reify failed optional dependency /Users/admin/Desktop/dự án/mttqvn/node_modules/@esbuild/linux-loong64
136 silly reify mark deleted [
136 silly reify   '/Users/admin/Desktop/dự án/mttqvn/node_modules/@esbuild/linux-loong64'
136 silly reify ]
137 verbose reify failed optional dependency /Users/admin/Desktop/dự án/mttqvn/node_modules/@esbuild/linux-ia32
138 silly reify mark deleted [
138 silly reify   '/Users/admin/Desktop/dự án/mttqvn/node_modules/@esbuild/linux-ia32'
138 silly reify ]
139 verbose reify failed optional dependency /Users/admin/Desktop/dự án/mttqvn/node_modules/@esbuild/linux-arm64
140 silly reify mark deleted [
140 silly reify   '/Users/admin/Desktop/dự án/mttqvn/node_modules/@esbuild/linux-arm64'
140 silly reify ]
141 verbose reify failed optional dependency /Users/admin/Desktop/dự án/mttqvn/node_modules/@esbuild/linux-arm
142 silly reify mark deleted [
142 silly reify   '/Users/admin/Desktop/dự án/mttqvn/node_modules/@esbuild/linux-arm'
142 silly reify ]
143 verbose reify failed optional dependency /Users/admin/Desktop/dự án/mttqvn/node_modules/@esbuild/freebsd-x64
144 silly reify mark deleted [
144 silly reify   '/Users/admin/Desktop/dự án/mttqvn/node_modules/@esbuild/freebsd-x64'
144 silly reify ]
145 verbose reify failed optional dependency /Users/admin/Desktop/dự án/mttqvn/node_modules/@esbuild/freebsd-arm64
146 silly reify mark deleted [
146 silly reify   '/Users/admin/Desktop/dự án/mttqvn/node_modules/@esbuild/freebsd-arm64'
146 silly reify ]
147 verbose reify failed optional dependency /Users/admin/Desktop/dự án/mttqvn/node_modules/@esbuild/darwin-arm64
148 silly reify mark deleted [
148 silly reify   '/Users/admin/Desktop/dự án/mttqvn/node_modules/@esbuild/darwin-arm64'
148 silly reify ]
149 verbose reify failed optional dependency /Users/admin/Desktop/dự án/mttqvn/node_modules/@esbuild/android-x64
150 silly reify mark deleted [
150 silly reify   '/Users/admin/Desktop/dự án/mttqvn/node_modules/@esbuild/android-x64'
150 silly reify ]
151 verbose reify failed optional dependency /Users/admin/Desktop/dự án/mttqvn/node_modules/@esbuild/android-arm64
152 silly reify mark deleted [
152 silly reify   '/Users/admin/Desktop/dự án/mttqvn/node_modules/@esbuild/android-arm64'
152 silly reify ]
153 verbose reify failed optional dependency /Users/admin/Desktop/dự án/mttqvn/node_modules/@esbuild/android-arm
154 silly reify mark deleted [
154 silly reify   '/Users/admin/Desktop/dự án/mttqvn/node_modules/@esbuild/android-arm'
154 silly reify ]
155 verbose reify failed optional dependency /Users/admin/Desktop/dự án/mttqvn/node_modules/@esbuild/aix-ppc64
156 silly reify mark deleted [
156 silly reify   '/Users/admin/Desktop/dự án/mttqvn/node_modules/@esbuild/aix-ppc64'
156 silly reify ]
157 http fetch POST 200 https://registry.npmjs.org/-/npm/v1/security/advisories/bulk 646ms
158 silly audit report {
158 silly audit report   'brace-expansion': [
158 silly audit report     {
158 silly audit report       id: 1115540,
158 silly audit report       url: 'https://github.com/advisories/GHSA-f886-m6hf-6m8v',
158 silly audit report       title: 'brace-expansion: Zero-step sequence causes process hang and memory exhaustion',
158 silly audit report       severity: 'moderate',
158 silly audit report       vulnerable_versions: '<1.1.13',
158 silly audit report       cwe: [Array],
158 silly audit report       cvss: [Object]
158 silly audit report     },
158 silly audit report     {
158 silly audit report       id: 1115541,
158 silly audit report       url: 'https://github.com/advisories/GHSA-f886-m6hf-6m8v',
158 silly audit report       title: 'brace-expansion: Zero-step sequence causes process hang and memory exhaustion',
158 silly audit report       severity: 'moderate',
158 silly audit report       vulnerable_versions: '>=2.0.0 <2.0.3',
158 silly audit report       cwe: [Array],
158 silly audit report       cvss: [Object]
158 silly audit report     },
158 silly audit report     {
158 silly audit report       id: 1115543,
158 silly audit report       url: 'https://github.com/advisories/GHSA-f886-m6hf-6m8v',
158 silly audit report       title: 'brace-expansion: Zero-step sequence causes process hang and memory exhaustion',
158 silly audit report       severity: 'moderate',
158 silly audit report       vulnerable_versions: '>=4.0.0 <5.0.5',
158 silly audit report       cwe: [Array],
158 silly audit report       cvss: [Object]
158 silly audit report     }
158 silly audit report   ],
158 silly audit report   minimatch: [
158 silly audit report     {
158 silly audit report       id: 1113461,
158 silly audit report       url: 'https://github.com/advisories/GHSA-3ppc-4f35-3m26',
158 silly audit report       title: 'minimatch has a ReDoS via repeated wildcards with non-matching literal in pattern',
158 silly audit report       severity: 'high',
158 silly audit report       vulnerable_versions: '>=5.0.0 <5.1.7',
158 silly audit report       cwe: [Array],
158 silly audit report       cvss: [Object]
158 silly audit report     },
158 silly audit report     {
158 silly audit report       id: 1113466,
158 silly audit report       url: 'https://github.com/advisories/GHSA-3ppc-4f35-3m26',
158 silly audit report       title: 'minimatch has a ReDoS via repeated wildcards with non-matching literal in pattern',
158 silly audit report       severity: 'high',
158 silly audit report       vulnerable_versions: '>=10.0.0 <10.2.1',
158 silly audit report       cwe: [Array],
158 silly audit report       cvss: [Object]
158 silly audit report     },
158 silly audit report     {
158 silly audit report       id: 1113540,
158 silly audit report       url: 'https://github.com/advisories/GHSA-7r86-cg39-jmmj',
158 silly audit report       title: 'minimatch has ReDoS: matchOne() combinatorial backtracking via multiple non-adjacent GLOBSTAR segments',
158 silly audit report       severity: 'high',
158 silly audit report       vulnerable_versions: '>=5.0.0 <5.1.8',
158 silly audit report       cwe: [Array],
158 silly audit report       cvss: [Object]
158 silly audit report     },
158 silly audit report     {
158 silly audit report       id: 1113545,
158 silly audit report       url: 'https://github.com/advisories/GHSA-7r86-cg39-jmmj',
158 silly audit report       title: 'minimatch has ReDoS: matchOne() combinatorial backtracking via multiple non-adjacent GLOBSTAR segments',
158 silly audit report       severity: 'high',
158 silly audit report       vulnerable_versions: '>=10.0.0 <10.2.3',
158 silly audit report       cwe: [Array],
158 silly audit report       cvss: [Object]
158 silly audit report     },
158 silly audit report     {
158 silly audit report       id: 1113548,
158 silly audit report       url: 'https://github.com/advisories/GHSA-23c5-xmqv-rm74',
158 silly audit report       title: 'minimatch ReDoS: nested *() extglobs generate catastrophically backtracking regular expressions',
158 silly audit report       severity: 'high',
158 silly audit report       vulnerable_versions: '>=5.0.0 <5.1.8',
158 silly audit report       cwe: [Array],
158 silly audit report       cvss: [Object]
158 silly audit report     },
158 silly audit report     {
158 silly audit report       id: 1113553,
158 silly audit report       url: 'https://github.com/advisories/GHSA-23c5-xmqv-rm74',
158 silly audit report       title: 'minimatch ReDoS: nested *() extglobs generate catastrophically backtracking regular expressions',
158 silly audit report       severity: 'high',
158 silly audit report       vulnerable_versions: '>=10.0.0 <10.2.3',
158 silly audit report       cwe: [Array],
158 silly audit report       cvss: [Object]
158 silly audit report     }
158 silly audit report   ],
158 silly audit report   ajv: [
158 silly audit report     {
158 silly audit report       id: 1113715,
158 silly audit report       url: 'https://github.com/advisories/GHSA-2g4f-4pwh-qvx6',
158 silly audit report       title: 'ajv has ReDoS when using `$data` option',
158 silly audit report       severity: 'moderate',
158 silly audit report       vulnerable_versions: '>=7.0.0-alpha.0 <8.18.0',
158 silly audit report       cwe: [Array],
158 silly audit report       cvss: [Object]
158 silly audit report     }
158 silly audit report   ],
158 silly audit report   axios: [
158 silly audit report     {
158 silly audit report       id: 1111034,
158 silly audit report       url: 'https://github.com/advisories/GHSA-jr5f-v2jv-69x6',
158 silly audit report       title: 'axios Requests Vulnerable To Possible SSRF and Credential Leakage via Absolute URL',
158 silly audit report       severity: 'high',
158 silly audit report       vulnerable_versions: '<0.30.0',
158 silly audit report       cwe: [Array],
158 silly audit report       cvss: [Object]
158 silly audit report     },
158 silly audit report     {
158 silly audit report       id: 1113274,
158 silly audit report       url: 'https://github.com/advisories/GHSA-43fc-jf86-j433',
158 silly audit report       title: 'Axios is Vulnerable to Denial of Service via __proto__ Key in mergeConfig',
158 silly audit report       severity: 'high',
158 silly audit report       vulnerable_versions: '<=0.30.2',
158 silly audit report       cwe: [Array],
158 silly audit report       cvss: [Object]
158 silly audit report     },
158 silly audit report     {
158 silly audit report       id: 1116672,
158 silly audit report       url: 'https://github.com/advisories/GHSA-3p68-rc4w-qgx5',
158 silly audit report       title: 'Axios has a NO_PROXY Hostname Normalization Bypass that Leads to SSRF',
158 silly audit report       severity: 'moderate',
158 silly audit report       vulnerable_versions: '<0.31.0',
158 silly audit report       cwe: [Array],
158 silly audit report       cvss: [Object]
158 silly audit report     },
158 silly audit report     {
158 silly audit report       id: 1116674,
158 silly audit report       url: 'https://github.com/advisories/GHSA-fvcv-3m26-pcqx',
158 silly audit report       title: 'Axios has Unrestricted Cloud Metadata Exfiltration via Header Injection Chain',
158 silly audit report       severity: 'moderate',
158 silly audit report       vulnerable_versions: '<0.31.0',
158 silly audit report       cwe: [Array],
158 silly audit report       cvss: [Object]
158 silly audit report     },
158 silly audit report     {
158 silly audit report       id: 1117573,
158 silly audit report       url: 'https://github.com/advisories/GHSA-w9j2-pvgh-6h63',
158 silly audit report       title: 'Axios: Authentication Bypass via Prototype Pollution Gadget in `validateStatus` Merge Strategy',
158 silly audit report       severity: 'moderate',
158 silly audit report       vulnerable_versions: '<=0.31.0',
158 silly audit report       cwe: [Array],
158 silly audit report       cvss: [Object]
158 silly audit report     },
158 silly audit report     {
158 silly audit report       id: 1117575,
158 silly audit report       url: 'https://github.com/advisories/GHSA-pmwg-cvhr-8vh7',
158 silly audit report       title: 'Axios: Incomplete Fix for CVE-2025-62718 — NO_PROXY Protection Bypassed via RFC 1122 Loopback Subnet (127.0.0.0/8) in Axios 1.15.0',
158 silly audit report       severity: 'high',
158 silly audit report       vulnerable_versions: '<=0.31.0',
158 silly audit report       cwe: [Array],
158 silly audit report       cvss: [Object]
158 silly audit report     },
158 silly audit report     {
158 silly audit report       id: 1117579,
158 silly audit report       url: 'https://github.com/advisories/GHSA-xhjh-pmcv-23jw',
158 silly audit report       title: 'Axios: Null Byte Injection via Reverse-Encoding in AxiosURLSearchParams',
158 silly audit report       severity: 'low',
158 silly audit report       vulnerable_versions: '<=0.31.0',
158 silly audit report       cwe: [Array],
158 silly audit report       cvss: [Object]
158 silly audit report     },
158 silly audit report     {
158 silly audit report       id: 1117582,
158 silly audit report       url: 'https://github.com/advisories/GHSA-m7pr-hjqh-92cm',
158 silly audit report       title: 'Axios: no_proxy bypass via IP alias allows SSRF',
158 silly audit report       severity: 'moderate',
158 silly audit report       vulnerable_versions: '<=0.31.0',
158 silly audit report       cwe: [Array],
158 silly audit report       cvss: [Object]
158 silly audit report     },
158 silly audit report     {
158 silly audit report       id: 1117584,
158 silly audit report       url: 'https://github.com/advisories/GHSA-62hf-57xw-28j9',
158 silly audit report       title: 'Axios: unbounded recursion in toFormData causes DoS via deeply nested request data',
158 silly audit report       severity: 'moderate',
158 silly audit report       vulnerable_versions: '<=0.31.0',
158 silly audit report       cwe: [Array],
158 silly audit report       cvss: [Object]
158 silly audit report     },
158 silly audit report     {
158 silly audit report       id: 1117586,
158 silly audit report       url: 'https://github.com/advisories/GHSA-5c9x-8gcm-mpgx',
158 silly audit report       title: "Axios' HTTP adapter-streamed uploads bypass maxBodyLength when maxRedirects: 0",
158 silly audit report       severity: 'moderate',
158 silly audit report       vulnerable_versions: '<=0.31.0',
158 silly audit report       cwe: [Array],
158 silly audit report       cvss: [Object]
158 silly audit report     },
158 silly audit report     {
158 silly audit report       id: 1117588,
158 silly audit report       url: 'https://github.com/advisories/GHSA-vf2m-468p-8v99',
158 silly audit report       title: 'Axios: HTTP adapter streamed responses bypass maxContentLength',
158 silly audit report       severity: 'moderate',
158 silly audit report       vulnerable_versions: '<=0.31.0',
158 silly audit report       cwe: [Array],
158 silly audit report       cvss: [Object]
158 silly audit report     },
158 silly audit report     {
158 silly audit report       id: 1117590,
158 silly audit report       url: 'https://github.com/advisories/GHSA-pf86-5x62-jrwf',
158 silly audit report       title: 'Axios: Prototype Pollution Gadgets - Response Tampering, Data Exfiltration, and Request Hijacking',
158 silly audit report       severity: 'high',
158 silly audit report       vulnerable_versions: '<=0.31.0',
158 silly audit report       cwe: [Array],
158 silly audit report       cvss: [Object]
158 silly audit report     },
158 silly audit report     {
158 silly audit report       id: 1117592,
158 silly audit report       url: 'https://github.com/advisories/GHSA-6chq-wfr3-2hj9',
158 silly audit report       title: 'Axios: Header Injection via Prototype Pollution',
158 silly audit report       severity: 'high',
158 silly audit report       vulnerable_versions: '<=0.31.0',
158 silly audit report       cwe: [Array],
158 silly audit report       cvss: [Object]
158 silly audit report     },
158 silly audit report     {
158 silly audit report       id: 1117594,
158 silly audit report       url: 'https://github.com/advisories/GHSA-xx6v-rp6x-q39c',
158 silly audit report       title: 'Axios: XSRF Token Cross-Origin Leakage via Prototype Pollution Gadget in `withXSRFToken` Boolean Coercion',
158 silly audit report       severity: 'moderate',
158 silly audit report       vulnerable_versions: '<=0.31.0',
158 silly audit report       cwe: [Array],
158 silly audit report       cvss: [Object]
158 silly audit report     },
158 silly audit report     {
158 silly audit report       id: 1097679,
158 silly audit report       url: 'https://github.com/advisories/GHSA-wf5p-g6vw-rhxx',
158 silly audit report       title: 'Axios Cross-Site Request Forgery Vulnerability',
158 silly audit report       severity: 'moderate',
158 silly audit report       vulnerable_versions: '>=0.8.1 <0.28.0',
158 silly audit report       cwe: [Array],
158 silly audit report       cvss: [Object]
158 silly audit report     }
158 silly audit report   ],
158 silly audit report   dompurify: [
158 silly audit report     {
158 silly audit report       id: 1115529,
158 silly audit report       url: 'https://github.com/advisories/GHSA-h8r8-wccr-v5f2',
158 silly audit report       title: 'DOMPurify is vulnerable to mutation-XSS via Re-Contextualization ',
158 silly audit report       severity: 'moderate',
158 silly audit report       vulnerable_versions: '<3.3.2',
158 silly audit report       cwe: [Array],
158 silly audit report       cvss: [Object]
158 silly audit report     },
158 silly audit report     {
158 silly audit report       id: 1115668,
158 silly audit report       url: 'https://github.com/advisories/GHSA-v2wj-7wpq-c8vv',
158 silly audit report       title: 'DOMPurify contains a Cross-site Scripting vulnerability',
158 silly audit report       severity: 'moderate',
158 silly audit report       vulnerable_versions: '>=3.1.3 <=3.3.1',
158 silly audit report       cwe: [Array],
158 silly audit report       cvss: [Object]
158 silly audit report     },
158 silly audit report     {
158 silly audit report       id: 1115921,
158 silly audit report       url: 'https://github.com/advisories/GHSA-cjmm-f4jc-qw8r',
158 silly audit report       title: 'DOMPurify ADD_ATTR predicate skips URI validation',
158 silly audit report       severity: 'moderate',
158 silly audit report       vulnerable_versions: '<=3.3.1',
158 silly audit report       cwe: [Array],
158 silly audit report       cvss: [Object]
158 silly audit report     },
158 silly audit report     {
158 silly audit report       id: 1115922,
158 silly audit report       url: 'https://github.com/advisories/GHSA-cj63-jhhr-wcxv',
158 silly audit report       title: 'DOMPurify USE_PROFILES prototype pollution allows event handlers',
158 silly audit report       severity: 'moderate',
158 silly audit report       vulnerable_versions: '<=3.3.1',
158 silly audit report       cwe: [Array],
158 silly audit report       cvss: [Object]
158 silly audit report     },
158 silly audit report     {
158 silly audit report       id: 1116663,
158 silly audit report       url: 'https://github.com/advisories/GHSA-39q2-94rc-95cp',
158 silly audit report       title: "DOMPurify's ADD_TAGS function form bypasses FORBID_TAGS due to short-circuit evaluation",
158 silly audit report       severity: 'moderate',
158 silly audit report       vulnerable_versions: '<=3.3.3',
158 silly audit report       cwe: [Array],
158 silly audit report       cvss: [Object]
158 silly audit report     },
158 silly audit report     {
158 silly audit report       id: 1117138,
158 silly audit report       url: 'https://github.com/advisories/GHSA-h7mw-gpvr-xq4m',
158 silly audit report       title: 'DOMPurify: FORBID_TAGS bypassed by function-based ADD_TAGS predicate (asymmetry with FORBID_ATTR fix)',
158 silly audit report       severity: 'moderate',
158 silly audit report       vulnerable_versions: '<3.4.0',
158 silly audit report       cwe: [Array],
158 silly audit report       cvss: [Object]
158 silly audit report     },
158 silly audit report     {
158 silly audit report       id: 1117139,
158 silly audit report       url: 'https://github.com/advisories/GHSA-crv5-9vww-q3g8',
158 silly audit report       title: 'DOMPurify has a SAFE_FOR_TEMPLATES bypass in RETURN_DOM mode',
158 silly audit report       severity: 'moderate',
158 silly audit report       vulnerable_versions: '>=1.0.10 <3.4.0',
158 silly audit report       cwe: [Array],
158 silly audit report       cvss: [Object]
158 silly audit report     },
158 silly audit report     {
158 silly audit report       id: 1117140,
158 silly audit report       url: 'https://github.com/advisories/GHSA-v9jr-rg53-9pgp',
158 silly audit report       title: 'DOMPurify: Prototype Pollution to XSS Bypass via CUSTOM_ELEMENT_HANDLING Fallback',
158 silly audit report       severity: 'moderate',
158 silly audit report       vulnerable_versions: '>=3.0.1 <3.4.0',
158 silly audit report       cwe: [Array],
158 silly audit report       cvss: [Object]
158 silly audit report     }
158 silly audit report   ],
158 silly audit report   flatted: [
158 silly audit report     {
158 silly audit report       id: 1114526,
158 silly audit report       url: 'https://github.com/advisories/GHSA-25h7-pfq9-p65f',
158 silly audit report       title: 'flatted vulnerable to unbounded recursion DoS in parse() revive phase',
158 silly audit report       severity: 'high',
158 silly audit report       vulnerable_versions: '<3.4.0',
158 silly audit report       cwe: [Array],
158 silly audit report       cvss: [Object]
158 silly audit report     },
158 silly audit report     {
158 silly audit report       id: 1115357,
158 silly audit report       url: 'https://github.com/advisories/GHSA-rf6f-7fwh-wjgh',
158 silly audit report       title: 'Prototype Pollution via parse() in NodeJS flatted',
158 silly audit report       severity: 'high',
158 silly audit report       vulnerable_versions: '<=3.4.1',
158 silly audit report       cwe: [Array],
158 silly audit report       cvss: [Object]
158 silly audit report     }
158 silly audit report   ],
158 silly audit report   'follow-redirects': [
158 silly audit report     {
158 silly audit report       id: 1116560,
158 silly audit report       url: 'https://github.com/advisories/GHSA-r4q5-vmmm-2653',
158 silly audit report       title: 'follow-redirects leaks Custom Authentication Headers to Cross-Domain Redirect Targets',
158 silly audit report       severity: 'moderate',
158 silly audit report       vulnerable_versions: '<=1.15.11',
158 silly audit report       cwe: [Array],
158 silly audit report       cvss: [Object]
158 silly audit report     }
158 silly audit report   ],
158 silly audit report   jspdf: [
158 silly audit report     {
158 silly audit report       id: 1113310,
158 silly audit report       url: 'https://github.com/advisories/GHSA-9vjf-qc39-jprp',
158 silly audit report       title: 'jsPDF has a PDF Object Injection via Unsanitized Input in addJS Method',
158 silly audit report       severity: 'high',
158 silly audit report       vulnerable_versions: '<4.2.0',
158 silly audit report       cwe: [Array],
158 silly audit report       cvss: [Object]
158 silly audit report     },
158 silly audit report     {
158 silly audit report       id: 1113324,
158 silly audit report       url: 'https://github.com/advisories/GHSA-67pg-wm7f-q7fj',
158 silly audit report       title: 'jsPDF Affected by Client-Side/Server-Side Denial of Service via Malicious GIF Dimensions',
158 silly audit report       severity: 'high',
158 silly audit report       vulnerable_versions: '<4.2.0',
158 silly audit report       cwe: [Array],
158 silly audit report       cvss: [Object]
158 silly audit report     },
158 silly audit report     {
158 silly audit report       id: 1114396,
158 silly audit report       url: 'https://github.com/advisories/GHSA-p5xg-68wr-hm3m',
158 silly audit report       title: 'jsPDF has a PDF Injection in AcroForm module allows Arbitrary JavaScript Execution (RadioButton.createOption and "AS" property)',
158 silly audit report       severity: 'high',
158 silly audit report       vulnerable_versions: '<4.2.0',
158 silly audit report       cwe: [Array],
158 silly audit report       cvss: [Object]
158 silly audit report     },
158 silly audit report     {
158 silly audit report       id: 1114950,
158 silly audit report       url: 'https://github.com/advisories/GHSA-7x6v-j9x4-qf24',
158 silly audit report       title: 'jsPDF has a PDF Object Injection via FreeText color',
158 silly audit report       severity: 'high',
158 silly audit report       vulnerable_versions: '<=4.2.0',
158 silly audit report       cwe: [Array],
158 silly audit report       cvss: [Object]
158 silly audit report     },
158 silly audit report     {
158 silly audit report       id: 1114974,
158 silly audit report       url: 'https://github.com/advisories/GHSA-wfv2-pwc8-crg5',
158 silly audit report       title: 'jsPDF has HTML Injection in New Window paths',
158 silly audit report       severity: 'critical',
158 silly audit report       vulnerable_versions: '<=4.2.0',
158 silly audit report       cwe: [Array],
158 silly audit report       cvss: [Object]
158 silly audit report     }
158 silly audit report   ],
158 silly audit report   lodash: [
158 silly audit report     {
158 silly audit report       id: 1115806,
158 silly audit report       url: 'https://github.com/advisories/GHSA-r5fr-rjxr-66jc',
158 silly audit report       title: 'lodash vulnerable to Code Injection via `_.template` imports key names',
158 silly audit report       severity: 'high',
158 silly audit report       vulnerable_versions: '>=4.0.0 <=4.17.23',
158 silly audit report       cwe: [Array],
158 silly audit report       cvss: [Object]
158 silly audit report     },
158 silly audit report     {
158 silly audit report       id: 1115810,
158 silly audit report       url: 'https://github.com/advisories/GHSA-f23m-r3pf-42rh',
158 silly audit report       title: 'lodash vulnerable to Prototype Pollution via array path bypass in `_.unset` and `_.omit`',
158 silly audit report       severity: 'moderate',
158 silly audit report       vulnerable_versions: '<=4.17.23',
158 silly audit report       cwe: [Array],
158 silly audit report       cvss: [Object]
158 silly audit report     }
158 silly audit report   ],
158 silly audit report   picomatch: [
158 silly audit report     {
158 silly audit report       id: 1115549,
158 silly audit report       url: 'https://github.com/advisories/GHSA-3v7f-55p6-f55p',
158 silly audit report       title: 'Picomatch: Method Injection in POSIX Character Classes causes incorrect Glob Matching',
158 silly audit report       severity: 'moderate',
158 silly audit report       vulnerable_versions: '<2.3.2',
158 silly audit report       cwe: [Array],
158 silly audit report       cvss: [Object]
158 silly audit report     },
158 silly audit report     {
158 silly audit report       id: 1115551,
158 silly audit report       url: 'https://github.com/advisories/GHSA-3v7f-55p6-f55p',
158 silly audit report       title: 'Picomatch: Method Injection in POSIX Character Classes causes incorrect Glob Matching',
158 silly audit report       severity: 'moderate',
158 silly audit report       vulnerable_versions: '>=4.0.0 <4.0.4',
158 silly audit report       cwe: [Array],
158 silly audit report       cvss: [Object]
158 silly audit report     },
158 silly audit report     {
158 silly audit report       id: 1115552,
158 silly audit report       url: 'https://github.com/advisories/GHSA-c2c7-rcm5-vvqj',
158 silly audit report       title: 'Picomatch has a ReDoS vulnerability via extglob quantifiers',
158 silly audit report       severity: 'high',
158 silly audit report       vulnerable_versions: '<2.3.2',
158 silly audit report       cwe: [Array],
158 silly audit report       cvss: [Object]
158 silly audit report     },
158 silly audit report     {
158 silly audit report       id: 1115554,
158 silly audit report       url: 'https://github.com/advisories/GHSA-c2c7-rcm5-vvqj',
158 silly audit report       title: 'Picomatch has a ReDoS vulnerability via extglob quantifiers',
158 silly audit report       severity: 'high',
158 silly audit report       vulnerable_versions: '>=4.0.0 <4.0.4',
158 silly audit report       cwe: [Array],
158 silly audit report       cvss: [Object]
158 silly audit report     }
158 silly audit report   ],
158 silly audit report   postcss: [
158 silly audit report     {
158 silly audit report       id: 1117015,
158 silly audit report       url: 'https://github.com/advisories/GHSA-qx2v-qp2m-jg93',
158 silly audit report       title: 'PostCSS has XSS via Unescaped </style> in its CSS Stringify Output',
158 silly audit report       severity: 'moderate',
158 silly audit report       vulnerable_versions: '<8.5.10',
158 silly audit report       cwe: [Array],
158 silly audit report       cvss: [Object]
158 silly audit report     }
158 silly audit report   ],
158 silly audit report   rollup: [
158 silly audit report     {
158 silly audit report       id: 1113515,
158 silly audit report       url: 'https://github.com/advisories/GHSA-mw96-cpmx-2vgc',
158 silly audit report       title: 'Rollup 4 has Arbitrary File Write via Path Traversal',
158 silly audit report       severity: 'high',
158 silly audit report       vulnerable_versions: '>=4.0.0 <4.59.0',
158 silly audit report       cwe: [Array],
158 silly audit report       cvss: [Object]
158 silly audit report     },
158 silly audit report     {
158 silly audit report       id: 1113517,
158 silly audit report       url: 'https://github.com/advisories/GHSA-mw96-cpmx-2vgc',
158 silly audit report       title: 'Rollup 4 has Arbitrary File Write via Path Traversal',
158 silly audit report       severity: 'high',
158 silly audit report       vulnerable_versions: '<2.80.0',
158 silly audit report       cwe: [Array],
158 silly audit report       cvss: [Object]
158 silly audit report     }
158 silly audit report   ],
158 silly audit report   'serialize-javascript': [
158 silly audit report     {
158 silly audit report       id: 1113686,
158 silly audit report       url: 'https://github.com/advisories/GHSA-5c6j-r48x-rmvq',
158 silly audit report       title: 'Serialize JavaScript is Vulnerable to RCE via RegExp.flags and Date.prototype.toISOString()',
158 silly audit report       severity: 'high',
158 silly audit report       vulnerable_versions: '<=7.0.2',
158 silly audit report       cwe: [Array],
158 silly audit report       cvss: [Object]
158 silly audit report     },
158 silly audit report     {
158 silly audit report       id: 1115723,
158 silly audit report       url: 'https://github.com/advisories/GHSA-qj8w-gfj5-8c6v',
158 silly audit report       title: 'Serialize JavaScript has CPU Exhaustion Denial of Service via crafted array-like objects',
158 silly audit report       severity: 'moderate',
158 silly audit report       vulnerable_versions: '<7.0.5',
158 silly audit report       cwe: [Array],
158 silly audit report       cvss: [Object]
158 silly audit report     }
158 silly audit report   ],
158 silly audit report   vite: [
158 silly audit report     {
158 silly audit report       id: 1116230,
158 silly audit report       url: 'https://github.com/advisories/GHSA-4w7w-66w2-5vf9',
158 silly audit report       title: 'Vite Vulnerable to Path Traversal in Optimized Deps `.map` Handling',
158 silly audit report       severity: 'moderate',
158 silly audit report       vulnerable_versions: '>=7.0.0 <=7.3.1',
158 silly audit report       cwe: [Array],
158 silly audit report       cvss: [Object]
158 silly audit report     },
158 silly audit report     {
158 silly audit report       id: 1116232,
158 silly audit report       url: 'https://github.com/advisories/GHSA-v2wj-q39q-566r',
158 silly audit report       title: 'Vite: `server.fs.deny` bypassed with queries',
158 silly audit report       severity: 'high',
158 silly audit report       vulnerable_versions: '>=7.1.0 <=7.3.1',
158 silly audit report       cwe: [Array],
158 silly audit report       cvss: [Object]
158 silly audit report     },
158 silly audit report     {
158 silly audit report       id: 1116235,
158 silly audit report       url: 'https://github.com/advisories/GHSA-p9ff-h696-f583',
158 silly audit report       title: 'Vite Vulnerable to Arbitrary File Read via Vite Dev Server WebSocket',
158 silly audit report       severity: 'high',
158 silly audit report       vulnerable_versions: '>=7.0.0 <=7.3.1',
158 silly audit report       cwe: [Array],
158 silly audit report       cvss: [Object]
158 silly audit report     }
158 silly audit report   ],
158 silly audit report   xlsx: [
158 silly audit report     {
158 silly audit report       id: 1108110,
158 silly audit report       url: 'https://github.com/advisories/GHSA-4r6h-8v6p-xvw6',
158 silly audit report       title: 'Prototype Pollution in sheetJS',
158 silly audit report       severity: 'high',
158 silly audit report       vulnerable_versions: '<0.19.3',
158 silly audit report       cwe: [Array],
158 silly audit report       cvss: [Object]
158 silly audit report     },
158 silly audit report     {
158 silly audit report       id: 1108111,
158 silly audit report       url: 'https://github.com/advisories/GHSA-5pgg-2g8v-p4x9',
158 silly audit report       title: 'SheetJS Regular Expression Denial of Service (ReDoS)',
158 silly audit report       severity: 'high',
158 silly audit report       vulnerable_versions: '<0.20.2',
158 silly audit report       cwe: [Array],
158 silly audit report       cvss: [Object]
158 silly audit report     }
158 silly audit report   ]
158 silly audit report }
159 silly packumentCache corgi:https://registry.npmjs.org/brace-expansion cache-miss
160 silly packumentCache corgi:https://registry.npmjs.org/minimatch cache-miss
161 silly packumentCache corgi:https://registry.npmjs.org/ajv cache-miss
162 silly packumentCache corgi:https://registry.npmjs.org/axios cache-miss
163 silly packumentCache corgi:https://registry.npmjs.org/dompurify cache-miss
164 silly packumentCache corgi:https://registry.npmjs.org/flatted cache-miss
165 silly packumentCache corgi:https://registry.npmjs.org/follow-redirects cache-miss
166 silly packumentCache corgi:https://registry.npmjs.org/jspdf cache-miss
167 silly packumentCache corgi:https://registry.npmjs.org/lodash cache-miss
168 silly packumentCache corgi:https://registry.npmjs.org/picomatch cache-miss
169 silly packumentCache corgi:https://registry.npmjs.org/postcss cache-miss
170 silly packumentCache corgi:https://registry.npmjs.org/rollup cache-miss
171 silly packumentCache corgi:https://registry.npmjs.org/serialize-javascript cache-miss
172 silly packumentCache corgi:https://registry.npmjs.org/vite cache-miss
173 silly packumentCache corgi:https://registry.npmjs.org/xlsx cache-miss
174 http fetch GET 200 https://registry.npmjs.org/brace-expansion 148ms (cache miss)
175 silly packumentCache corgi:https://registry.npmjs.org/brace-expansion set size:undefined disposed:false
176 http fetch GET 200 https://registry.npmjs.org/picomatch 174ms (cache miss)
177 silly packumentCache corgi:https://registry.npmjs.org/picomatch set size:undefined disposed:false
178 http fetch GET 200 https://registry.npmjs.org/jspdf 199ms (cache miss)
179 silly packumentCache corgi:https://registry.npmjs.org/jspdf set size:undefined disposed:false
180 http fetch GET 200 https://registry.npmjs.org/axios 219ms (cache miss)
181 silly packumentCache corgi:https://registry.npmjs.org/axios set size:undefined disposed:false
182 http fetch GET 200 https://registry.npmjs.org/serialize-javascript 268ms (cache miss)
183 silly packumentCache corgi:https://registry.npmjs.org/serialize-javascript set size:undefined disposed:false
184 http fetch GET 200 https://registry.npmjs.org/minimatch 280ms (cache miss)
185 silly packumentCache corgi:https://registry.npmjs.org/minimatch set size:undefined disposed:false
186 http fetch GET 200 https://registry.npmjs.org/ajv 301ms (cache miss)
187 silly packumentCache corgi:https://registry.npmjs.org/ajv set size:undefined disposed:false
188 http fetch GET 200 https://registry.npmjs.org/lodash 307ms (cache miss)
189 silly packumentCache corgi:https://registry.npmjs.org/lodash set size:undefined disposed:false
190 http fetch GET 200 https://registry.npmjs.org/postcss 318ms (cache miss)
191 silly packumentCache corgi:https://registry.npmjs.org/postcss set size:undefined disposed:false
192 http fetch GET 200 https://registry.npmjs.org/dompurify 328ms (cache miss)
193 silly packumentCache corgi:https://registry.npmjs.org/dompurify set size:undefined disposed:false
194 http fetch GET 200 https://registry.npmjs.org/flatted 367ms (cache miss)
195 silly packumentCache corgi:https://registry.npmjs.org/flatted set size:undefined disposed:false
196 http fetch GET 200 https://registry.npmjs.org/xlsx 369ms (cache miss)
197 silly packumentCache corgi:https://registry.npmjs.org/xlsx set size:undefined disposed:false
198 http fetch GET 200 https://registry.npmjs.org/vite 398ms (cache miss)
199 silly packumentCache corgi:https://registry.npmjs.org/vite set size:undefined disposed:false
200 http fetch GET 200 https://registry.npmjs.org/rollup 442ms (cache miss)
201 silly packumentCache corgi:https://registry.npmjs.org/rollup set size:undefined disposed:false
202 http fetch GET 200 https://registry.npmjs.org/follow-redirects 565ms (cache miss)
203 silly packumentCache corgi:https://registry.npmjs.org/follow-redirects set size:undefined disposed:false
204 silly packumentCache corgi:https://registry.npmjs.org/filelist cache-miss
205 http fetch GET 200 https://registry.npmjs.org/filelist 163ms (cache miss)
206 silly packumentCache corgi:https://registry.npmjs.org/filelist set size:undefined disposed:false
207 silly packumentCache corgi:https://registry.npmjs.org/glob cache-miss
208 http fetch GET 200 https://registry.npmjs.org/glob 60ms (cache miss)
209 silly packumentCache corgi:https://registry.npmjs.org/glob set size:undefined disposed:false
210 silly packumentCache corgi:https://registry.npmjs.org/workbox-build cache-miss
211 http fetch GET 200 https://registry.npmjs.org/workbox-build 60ms (cache miss)
212 silly packumentCache corgi:https://registry.npmjs.org/workbox-build set size:undefined disposed:false
213 silly packumentCache corgi:https://registry.npmjs.org/vietqr cache-miss
214 http fetch GET 200 https://registry.npmjs.org/vietqr 208ms (cache miss)
215 silly packumentCache corgi:https://registry.npmjs.org/vietqr set size:undefined disposed:false
216 silly packumentCache corgi:https://registry.npmjs.org/flat-cache cache-miss
217 http fetch GET 200 https://registry.npmjs.org/flat-cache 57ms (cache miss)
218 silly packumentCache corgi:https://registry.npmjs.org/flat-cache set size:undefined disposed:false
219 silly packumentCache corgi:https://registry.npmjs.org/@rollup%2fpluginutils cache-miss
220 http fetch GET 200 https://registry.npmjs.org/@rollup%2fpluginutils 81ms (cache miss)
221 silly packumentCache corgi:https://registry.npmjs.org/@rollup%2fpluginutils set size:undefined disposed:false
222 silly packumentCache corgi:https://registry.npmjs.org/tinyglobby cache-miss
223 silly packumentCache corgi:https://registry.npmjs.org/vitest cache-miss
224 http fetch GET 200 https://registry.npmjs.org/tinyglobby 60ms (cache miss)
225 silly packumentCache corgi:https://registry.npmjs.org/tinyglobby set size:undefined disposed:false
226 http fetch GET 200 https://registry.npmjs.org/vitest 148ms (cache miss)
227 silly packumentCache corgi:https://registry.npmjs.org/vitest set size:undefined disposed:false
228 silly packumentCache corgi:https://registry.npmjs.org/@tailwindcss%2fpostcss cache-miss
229 http fetch GET 200 https://registry.npmjs.org/@tailwindcss%2fpostcss 168ms (cache miss)
230 silly packumentCache corgi:https://registry.npmjs.org/@tailwindcss%2fpostcss set size:undefined disposed:false
231 silly packumentCache corgi:https://registry.npmjs.org/@rollup%2fplugin-terser cache-miss
232 http fetch GET 200 https://registry.npmjs.org/@rollup%2fplugin-terser 79ms (cache miss)
233 silly packumentCache corgi:https://registry.npmjs.org/@rollup%2fplugin-terser set size:undefined disposed:false
234 silly packumentCache corgi:https://registry.npmjs.org/vite-plugin-pwa cache-miss
235 http fetch GET 200 https://registry.npmjs.org/vite-plugin-pwa 72ms (cache miss)
236 silly packumentCache corgi:https://registry.npmjs.org/vite-plugin-pwa set size:undefined disposed:false
237 silly ADD
238 silly ADD
239 silly ADD
240 silly ADD
241 silly ADD
242 silly ADD
243 silly ADD
244 silly ADD
245 silly ADD
246 silly ADD
247 silly ADD
248 silly ADD
249 silly ADD
250 silly ADD
251 silly ADD
252 silly ADD
253 silly ADD
254 silly ADD
255 silly ADD
256 silly ADD
257 silly ADD
258 silly ADD
259 silly ADD
260 silly ADD
261 silly ADD
262 silly ADD
263 silly ADD
264 silly ADD
265 silly ADD
266 silly ADD
267 silly ADD
268 silly ADD
269 silly ADD
270 silly ADD
271 silly ADD
272 silly ADD
273 silly ADD
274 silly ADD
275 silly ADD
276 silly ADD
277 silly ADD
278 silly ADD
279 silly ADD
280 silly ADD
281 silly ADD
282 silly ADD
283 silly ADD
284 silly ADD
285 silly ADD
286 silly ADD
287 silly ADD
288 silly ADD
289 silly ADD
290 silly ADD
291 silly ADD
292 silly ADD
293 silly ADD
294 silly ADD
295 silly ADD
296 silly ADD
297 silly ADD
298 silly ADD
299 silly ADD
300 silly ADD
301 silly ADD
302 silly ADD
303 silly ADD
304 silly ADD
305 silly ADD
306 silly ADD
307 verbose cwd /Users/admin/Desktop/dự án/mttqvn
308 verbose os Darwin 24.6.0
309 verbose node v22.19.0
310 verbose npm  v10.9.3
311 verbose exit 0
312 info ok
