0 verbose cli /usr/local/bin/node /usr/local/bin/npm
1 info using npm@10.9.3
2 info using node@v22.19.0
3 silly config load:file:/usr/local/lib/node_modules/npm/npmrc
4 silly config load:file:/Users/admin/Desktop/dự án/mttqvn/.npmrc
5 silly config load:file:/Users/admin/.npmrc
6 silly config load:file:/usr/local/etc/npmrc
7 verbose title npm install docx
8 verbose argv "install" "docx" "--save"
9 verbose logfile logs-max:10 dir:/Users/admin/Desktop/dự án/mttqvn/.npm-cache/_logs/2026-05-24T13_44_27_585Z-
10 verbose logfile /Users/admin/Desktop/dự án/mttqvn/.npm-cache/_logs/2026-05-24T13_44_27_585Z-debug-0.log
11 silly logfile start cleaning logs, removing 1 files
12 silly packumentCache heap:2197815296 maxSize:549453824 maxEntrySize:274726912
13 silly logfile done cleaning log files
14 silly idealTree buildDeps
15 silly fetch manifest docx@*
16 silly packumentCache full:https://registry.npmjs.org/docx cache-miss
17 http fetch GET 200 https://registry.npmjs.org/docx 998ms (cache miss)
18 silly packumentCache full:https://registry.npmjs.org/docx set size:undefined disposed:false
19 silly placeDep ROOT docx@9.6.1 OK for:  want: *
20 silly fetch manifest @types/node@^25.2.3
21 silly packumentCache full:https://registry.npmjs.org/@types%2fnode cache-miss
22 silly fetch manifest hash.js@^1.1.7
23 silly packumentCache full:https://registry.npmjs.org/hash.js cache-miss
24 silly fetch manifest jszip@^3.10.1
25 silly packumentCache full:https://registry.npmjs.org/jszip cache-miss
26 silly fetch manifest nanoid@^5.1.3
27 silly packumentCache full:https://registry.npmjs.org/nanoid cache-miss
28 silly fetch manifest xml@^1.0.1
29 silly packumentCache full:https://registry.npmjs.org/xml cache-miss
30 silly fetch manifest xml-js@^1.6.8
31 silly packumentCache full:https://registry.npmjs.org/xml-js cache-miss
32 http fetch GET 200 https://registry.npmjs.org/hash.js 62ms (cache miss)
33 silly packumentCache full:https://registry.npmjs.org/hash.js set size:undefined disposed:false
34 http fetch GET 200 https://registry.npmjs.org/jszip 177ms (cache miss)
35 silly packumentCache full:https://registry.npmjs.org/jszip set size:undefined disposed:false
36 http fetch GET 200 https://registry.npmjs.org/nanoid 182ms (cache miss)
37 silly packumentCache full:https://registry.npmjs.org/nanoid set size:undefined disposed:false
38 http fetch GET 200 https://registry.npmjs.org/xml 192ms (cache miss)
39 silly packumentCache full:https://registry.npmjs.org/xml set size:undefined disposed:false
40 http fetch GET 200 https://registry.npmjs.org/xml-js 184ms (cache miss)
41 silly packumentCache full:https://registry.npmjs.org/xml-js set size:undefined disposed:false
42 http fetch GET 200 https://registry.npmjs.org/@types%2fnode 600ms (cache updated)
43 silly packumentCache full:https://registry.npmjs.org/@types%2fnode set size:undefined disposed:false
44 silly placeDep ROOT @types/node@25.9.1 REPLACE for: docx@9.6.1 want: ^25.2.3
45 silly placeDep ROOT hash.js@1.1.7 OK for: docx@9.6.1 want: ^1.1.7
46 silly placeDep ROOT jszip@3.10.1 OK for: docx@9.6.1 want: ^3.10.1
47 silly placeDep node_modules/docx nanoid@5.1.11 OK for: docx@9.6.1 want: ^5.1.3
48 silly placeDep ROOT xml@1.0.1 OK for: docx@9.6.1 want: ^1.0.1
49 silly placeDep ROOT xml-js@1.6.11 OK for: docx@9.6.1 want: ^1.6.8
50 silly fetch manifest undici-types@>=7.24.0 <7.24.7
51 silly packumentCache full:https://registry.npmjs.org/undici-types cache-miss
52 silly fetch manifest inherits@^2.0.3
53 silly packumentCache full:https://registry.npmjs.org/inherits cache-miss
54 silly fetch manifest minimalistic-assert@^1.0.1
55 silly packumentCache full:https://registry.npmjs.org/minimalistic-assert cache-miss
56 silly fetch manifest lie@~3.3.0
57 silly packumentCache full:https://registry.npmjs.org/lie cache-miss
58 silly fetch manifest pako@~1.0.2
59 silly packumentCache full:https://registry.npmjs.org/pako cache-miss
60 silly fetch manifest setimmediate@^1.0.5
61 silly packumentCache full:https://registry.npmjs.org/setimmediate cache-miss
62 silly fetch manifest readable-stream@~2.3.6
63 silly packumentCache full:https://registry.npmjs.org/readable-stream cache-miss
64 http fetch GET 200 https://registry.npmjs.org/inherits 293ms (cache miss)
65 silly packumentCache full:https://registry.npmjs.org/inherits set size:undefined disposed:false
66 silly fetch manifest sax@^1.2.4
67 silly packumentCache full:https://registry.npmjs.org/sax cache-miss
68 http fetch GET 200 https://registry.npmjs.org/setimmediate 169ms (cache miss)
69 silly packumentCache full:https://registry.npmjs.org/setimmediate set size:undefined disposed:false
70 http fetch GET 200 https://registry.npmjs.org/minimalistic-assert 321ms (cache miss)
71 silly packumentCache full:https://registry.npmjs.org/minimalistic-assert set size:undefined disposed:false
72 http fetch GET 200 https://registry.npmjs.org/lie 201ms (cache miss)
73 silly packumentCache full:https://registry.npmjs.org/lie set size:undefined disposed:false
74 http fetch GET 200 https://registry.npmjs.org/undici-types 426ms (cache miss)
75 silly packumentCache full:https://registry.npmjs.org/undici-types set size:undefined disposed:false
76 http fetch GET 200 https://registry.npmjs.org/pako 302ms (cache miss)
77 silly packumentCache full:https://registry.npmjs.org/pako set size:undefined disposed:false
78 http fetch GET 200 https://registry.npmjs.org/sax 164ms (cache miss)
79 silly packumentCache full:https://registry.npmjs.org/sax set size:undefined disposed:false
80 http fetch GET 200 https://registry.npmjs.org/readable-stream 401ms (cache miss)
81 silly packumentCache full:https://registry.npmjs.org/readable-stream set size:undefined disposed:false
82 silly placeDep ROOT undici-types@7.24.6 OK for: @types/node@25.9.1 want: >=7.24.0 <7.24.7
83 silly placeDep ROOT inherits@2.0.4 OK for: hash.js@1.1.7 want: ^2.0.3
84 silly placeDep ROOT minimalistic-assert@1.0.1 OK for: hash.js@1.1.7 want: ^1.0.1
85 silly placeDep ROOT lie@3.3.0 OK for: jszip@3.10.1 want: ~3.3.0
86 silly placeDep node_modules/jszip pako@1.0.11 OK for: jszip@3.10.1 want: ~1.0.2
87 silly placeDep ROOT readable-stream@2.3.8 OK for: jszip@3.10.1 want: ~2.3.6
88 silly placeDep ROOT setimmediate@1.0.5 OK for: jszip@3.10.1 want: ^1.0.5
89 silly fetch manifest immediate@~3.0.5
90 silly packumentCache full:https://registry.npmjs.org/immediate cache-miss
91 silly fetch manifest isarray@~1.0.0
92 silly packumentCache full:https://registry.npmjs.org/isarray cache-miss
93 silly fetch manifest safe-buffer@~5.1.1
94 silly packumentCache full:https://registry.npmjs.org/safe-buffer cache-miss
95 silly fetch manifest core-util-is@~1.0.0
96 silly packumentCache full:https://registry.npmjs.org/core-util-is cache-miss
97 silly fetch manifest string_decoder@~1.1.1
98 silly packumentCache full:https://registry.npmjs.org/string_decoder cache-miss
99 silly fetch manifest util-deprecate@~1.0.1
100 silly packumentCache full:https://registry.npmjs.org/util-deprecate cache-miss
101 silly fetch manifest process-nextick-args@~2.0.0
102 silly packumentCache full:https://registry.npmjs.org/process-nextick-args cache-miss
103 http fetch GET 200 https://registry.npmjs.org/isarray 72ms (cache miss)
104 silly packumentCache full:https://registry.npmjs.org/isarray set size:undefined disposed:false
105 http fetch GET 200 https://registry.npmjs.org/core-util-is 77ms (cache miss)
106 silly packumentCache full:https://registry.npmjs.org/core-util-is set size:undefined disposed:false
107 http fetch GET 200 https://registry.npmjs.org/util-deprecate 76ms (cache miss)
108 silly packumentCache full:https://registry.npmjs.org/util-deprecate set size:undefined disposed:false
109 http fetch GET 200 https://registry.npmjs.org/immediate 83ms (cache miss)
110 silly packumentCache full:https://registry.npmjs.org/immediate set size:undefined disposed:false
111 http fetch GET 200 https://registry.npmjs.org/safe-buffer 90ms (cache miss)
112 silly packumentCache full:https://registry.npmjs.org/safe-buffer set size:undefined disposed:false
113 http fetch GET 200 https://registry.npmjs.org/string_decoder 93ms (cache miss)
114 silly packumentCache full:https://registry.npmjs.org/string_decoder set size:undefined disposed:false
115 http fetch GET 200 https://registry.npmjs.org/process-nextick-args 201ms (cache miss)
116 silly packumentCache full:https://registry.npmjs.org/process-nextick-args set size:undefined disposed:false
117 silly placeDep ROOT immediate@3.0.6 OK for: lie@3.3.0 want: ~3.0.5
118 silly placeDep ROOT core-util-is@1.0.3 OK for: readable-stream@2.3.8 want: ~1.0.0
119 silly placeDep node_modules/readable-stream isarray@1.0.0 OK for: readable-stream@2.3.8 want: ~1.0.0
120 silly placeDep ROOT process-nextick-args@2.0.1 OK for: readable-stream@2.3.8 want: ~2.0.0
121 silly placeDep node_modules/readable-stream safe-buffer@5.1.2 OK for: readable-stream@2.3.8 want: ~5.1.1
122 silly placeDep ROOT string_decoder@1.1.1 OK for: readable-stream@2.3.8 want: ~1.1.1
123 silly placeDep ROOT util-deprecate@1.0.2 OK for: readable-stream@2.3.8 want: ~1.0.1
124 silly fetch manifest safe-buffer@~5.1.0
125 silly packumentCache full:https://registry.npmjs.org/safe-buffer cache-miss
126 http cache https://registry.npmjs.org/safe-buffer 8ms (cache hit)
127 silly packumentCache full:https://registry.npmjs.org/safe-buffer set size:41183 disposed:false
128 silly placeDep node_modules/string_decoder safe-buffer@5.1.2 OK for: string_decoder@1.1.1 want: ~5.1.0
129 silly placeDep ROOT sax@1.6.0 OK for: xml-js@1.6.11 want: ^1.2.4
130 silly reify mark retired [ '/Users/admin/Desktop/dự án/mttqvn/node_modules/@types/node' ]
131 silly reify mark retired [ '/Users/admin/Desktop/dự án/mttqvn/node_modules/undici-types' ]
132 silly reify moves {
132 silly reify   '/Users/admin/Desktop/dự án/mttqvn/node_modules/@types/node': '/Users/admin/Desktop/dự án/mttqvn/node_modules/@types/.node-X5Eo9MRu',
132 silly reify   '/Users/admin/Desktop/dự án/mttqvn/node_modules/undici-types': '/Users/admin/Desktop/dự án/mttqvn/node_modules/.undici-types-prNt5Pey'
132 silly reify }
133 verbose reify failed optional dependency /Users/admin/Desktop/dự án/mttqvn/node_modules/@tailwindcss/oxide-wasm32-wasi
134 silly reify mark deleted [
134 silly reify   '/Users/admin/Desktop/dự án/mttqvn/node_modules/@tailwindcss/oxide-wasm32-wasi'
134 silly reify ]
135 silly audit bulk request {
135 silly audit   '@adobe/css-tools': [ '4.4.4' ],
135 silly audit   '@alloc/quick-lru': [ '5.2.0' ],
135 silly audit   '@apideck/better-ajv-errors': [ '0.3.6' ],
135 silly audit   '@asamuzakjp/css-color': [ '5.1.1' ],
135 silly audit   'lru-cache': [ '11.2.7', '5.1.1', '11.2.6' ],
135 silly audit   '@asamuzakjp/dom-selector': [ '7.0.4' ],
135 silly audit   '@asamuzakjp/nwsapi': [ '2.3.9' ],
135 silly audit   '@babel/code-frame': [ '7.29.0' ],
135 silly audit   '@babel/compat-data': [ '7.29.0' ],
135 silly audit   '@babel/core': [ '7.28.6' ],
135 silly audit   '@babel/generator': [ '7.29.1' ],
135 silly audit   '@babel/helper-annotate-as-pure': [ '7.27.3' ],
135 silly audit   '@babel/helper-compilation-targets': [ '7.28.6' ],
135 silly audit   '@babel/helper-create-class-features-plugin': [ '7.28.6' ],
135 silly audit   '@babel/helper-create-regexp-features-plugin': [ '7.28.5' ],
135 silly audit   '@babel/helper-define-polyfill-provider': [ '0.6.6' ],
135 silly audit   '@babel/helper-globals': [ '7.28.0' ],
135 silly audit   '@babel/helper-member-expression-to-functions': [ '7.28.5' ],
135 silly audit   '@babel/helper-module-imports': [ '7.28.6' ],
135 silly audit   '@babel/helper-module-transforms': [ '7.28.6' ],
135 silly audit   '@babel/helper-optimise-call-expression': [ '7.27.1' ],
135 silly audit   '@babel/helper-plugin-utils': [ '7.28.6' ],
135 silly audit   '@babel/helper-remap-async-to-generator': [ '7.27.1' ],
135 silly audit   '@babel/helper-replace-supers': [ '7.28.6' ],
135 silly audit   '@babel/helper-skip-transparent-expression-wrappers': [ '7.27.1' ],
135 silly audit   '@babel/helper-string-parser': [ '7.27.1' ],
135 silly audit   '@babel/helper-validator-identifier': [ '7.28.5' ],
135 silly audit   '@babel/helper-validator-option': [ '7.27.1' ],
135 silly audit   '@babel/helper-wrap-function': [ '7.28.6' ],
135 silly audit   '@babel/helpers': [ '7.28.6' ],
135 silly audit   '@babel/parser': [ '7.29.0' ],
135 silly audit   '@babel/plugin-bugfix-firefox-class-in-computed-class-key': [ '7.28.5' ],
135 silly audit   '@babel/plugin-bugfix-safari-class-field-initializer-scope': [ '7.27.1' ],
135 silly audit   '@babel/plugin-bugfix-safari-id-destructuring-collision-in-function-expression': [ '7.27.1' ],
135 silly audit   '@babel/plugin-bugfix-v8-spread-parameters-in-optional-chaining': [ '7.27.1' ],
135 silly audit   '@babel/plugin-bugfix-v8-static-class-fields-redefine-readonly': [ '7.28.6' ],
135 silly audit   '@babel/plugin-proposal-private-property-in-object': [ '7.21.0-placeholder-for-preset-env.2' ],
135 silly audit   '@babel/plugin-syntax-import-assertions': [ '7.28.6' ],
135 silly audit   '@babel/plugin-syntax-import-attributes': [ '7.28.6' ],
135 silly audit   '@babel/plugin-syntax-unicode-sets-regex': [ '7.18.6' ],
135 silly audit   '@babel/plugin-transform-arrow-functions': [ '7.27.1' ],
135 silly audit   '@babel/plugin-transform-async-generator-functions': [ '7.29.0' ],
135 silly audit   '@babel/plugin-transform-async-to-generator': [ '7.28.6' ],
135 silly audit   '@babel/plugin-transform-block-scoped-functions': [ '7.27.1' ],
135 silly audit   '@babel/plugin-transform-block-scoping': [ '7.28.6' ],
135 silly audit   '@babel/plugin-transform-class-properties': [ '7.28.6' ],
135 silly audit   '@babel/plugin-transform-class-static-block': [ '7.28.6' ],
135 silly audit   '@babel/plugin-transform-classes': [ '7.28.6' ],
135 silly audit   '@babel/plugin-transform-computed-properties': [ '7.28.6' ],
135 silly audit   '@babel/plugin-transform-destructuring': [ '7.28.5' ],
135 silly audit   '@babel/plugin-transform-dotall-regex': [ '7.28.6' ],
135 silly audit   '@babel/plugin-transform-duplicate-keys': [ '7.27.1' ],
135 silly audit   '@babel/plugin-transform-duplicate-named-capturing-groups-regex': [ '7.29.0' ],
135 silly audit   '@babel/plugin-transform-dynamic-import': [ '7.27.1' ],
135 silly audit   '@babel/plugin-transform-explicit-resource-management': [ '7.28.6' ],
135 silly audit   '@babel/plugin-transform-exponentiation-operator': [ '7.28.6' ],
135 silly audit   '@babel/plugin-transform-export-namespace-from': [ '7.27.1' ],
135 silly audit   '@babel/plugin-transform-for-of': [ '7.27.1' ],
135 silly audit   '@babel/plugin-transform-function-name': [ '7.27.1' ],
135 silly audit   '@babel/plugin-transform-json-strings': [ '7.28.6' ],
135 silly audit   '@babel/plugin-transform-literals': [ '7.27.1' ],
135 silly audit   '@babel/plugin-transform-logical-assignment-operators': [ '7.28.6' ],
135 silly audit   '@babel/plugin-transform-member-expression-literals': [ '7.27.1' ],
135 silly audit   '@babel/plugin-transform-modules-amd': [ '7.27.1' ],
135 silly audit   '@babel/plugin-transform-modules-commonjs': [ '7.28.6' ],
135 silly audit   '@babel/plugin-transform-modules-systemjs': [ '7.29.0' ],
135 silly audit   '@babel/plugin-transform-modules-umd': [ '7.27.1' ],
135 silly audit   '@babel/plugin-transform-named-capturing-groups-regex': [ '7.29.0' ],
135 silly audit   '@babel/plugin-transform-new-target': [ '7.27.1' ],
135 silly audit   '@babel/plugin-transform-nullish-coalescing-operator': [ '7.28.6' ],
135 silly audit   '@babel/plugin-transform-numeric-separator': [ '7.28.6' ],
135 silly audit   '@babel/plugin-transform-object-rest-spread': [ '7.28.6' ],
135 silly audit   '@babel/plugin-transform-object-super': [ '7.27.1' ],
135 silly audit   '@babel/plugin-transform-optional-catch-binding': [ '7.28.6' ],
135 silly audit   '@babel/plugin-transform-optional-chaining': [ '7.28.6' ],
135 silly audit   '@babel/plugin-transform-parameters': [ '7.27.7' ],
135 silly audit   '@babel/plugin-transform-private-methods': [ '7.28.6' ],
135 silly audit   '@babel/plugin-transform-private-property-in-object': [ '7.28.6' ],
135 silly audit   '@babel/plugin-transform-property-literals': [ '7.27.1' ],
135 silly audit   '@babel/plugin-transform-react-jsx-self': [ '7.27.1' ],
135 silly audit   '@babel/plugin-transform-react-jsx-source': [ '7.27.1' ],
135 silly audit   '@babel/plugin-transform-regenerator': [ '7.29.0' ],
135 silly audit   '@babel/plugin-transform-regexp-modifiers': [ '7.28.6' ],
135 silly audit   '@babel/plugin-transform-reserved-words': [ '7.27.1' ],
135 silly audit   '@babel/plugin-transform-shorthand-properties': [ '7.27.1' ],
135 silly audit   '@babel/plugin-transform-spread': [ '7.28.6' ],
135 silly audit   '@babel/plugin-transform-sticky-regex': [ '7.27.1' ],
135 silly audit   '@babel/plugin-transform-template-literals': [ '7.27.1' ],
135 silly audit   '@babel/plugin-transform-typeof-symbol': [ '7.27.1' ],
135 silly audit   '@babel/plugin-transform-unicode-escapes': [ '7.27.1' ],
135 silly audit   '@babel/plugin-transform-unicode-property-regex': [ '7.28.6' ],
135 silly audit   '@babel/plugin-transform-unicode-regex': [ '7.27.1' ],
135 silly audit   '@babel/plugin-transform-unicode-sets-regex': [ '7.28.6' ],
135 silly audit   '@babel/preset-env': [ '7.29.0' ],
135 silly audit   '@babel/preset-modules': [ '0.1.6-no-external-plugins' ],
135 silly audit   '@babel/runtime': [ '7.28.6' ],
135 silly audit   '@babel/template': [ '7.28.6' ],
135 silly audit   '@babel/traverse': [ '7.29.0' ],
135 silly audit   '@babel/types': [ '7.29.0' ],
135 silly audit   '@bramus/specificity': [ '2.4.2' ],
135 silly audit   '@csstools/color-helpers': [ '6.0.2' ],
135 silly audit   '@csstools/css-calc': [ '3.1.1' ],
135 silly audit   '@csstools/css-color-parser': [ '4.0.2' ],
135 silly audit   '@csstools/css-parser-algorithms': [ '4.0.0' ],
135 silly audit   '@csstools/css-syntax-patches-for-csstree': [ '1.1.2' ],
135 silly audit   '@csstools/css-tokenizer': [ '4.0.0' ],
135 silly audit   '@dnd-kit/accessibility': [ '3.1.1' ],
135 silly audit   '@dnd-kit/core': [ '6.3.1' ],
135 silly audit   '@dnd-kit/utilities': [ '3.2.2' ],
135 silly audit   '@esbuild/aix-ppc64': [ '0.27.2' ],
135 silly audit   '@esbuild/android-arm': [ '0.27.2' ],
135 silly audit   '@esbuild/android-arm64': [ '0.27.2' ],
135 silly audit   '@esbuild/android-x64': [ '0.27.2' ],
135 silly audit   '@esbuild/darwin-arm64': [ '0.27.2' ],
135 silly audit   '@esbuild/darwin-x64': [ '0.27.2' ],
135 silly audit   '@esbuild/freebsd-arm64': [ '0.27.2' ],
135 silly audit   '@esbuild/freebsd-x64': [ '0.27.2' ],
135 silly audit   '@esbuild/linux-arm': [ '0.27.2' ],
135 silly audit   '@esbuild/linux-arm64': [ '0.27.2' ],
135 silly audit   '@esbuild/linux-ia32': [ '0.27.2' ],
135 silly audit   '@esbuild/linux-loong64': [ '0.27.2' ],
135 silly audit   '@esbuild/linux-mips64el': [ '0.27.2' ],
135 silly audit   '@esbuild/linux-ppc64': [ '0.27.2' ],
135 silly audit   '@esbuild/linux-riscv64': [ '0.27.2' ],
135 silly audit   '@esbuild/linux-s390x': [ '0.27.2' ],
135 silly audit   '@esbuild/linux-x64': [ '0.27.2' ],
135 silly audit   '@esbuild/netbsd-arm64': [ '0.27.2' ],
135 silly audit   '@esbuild/netbsd-x64': [ '0.27.2' ],
135 silly audit   '@esbuild/openbsd-arm64': [ '0.27.2' ],
135 silly audit   '@esbuild/openbsd-x64': [ '0.27.2' ],
135 silly audit   '@esbuild/openharmony-arm64': [ '0.27.2' ],
135 silly audit   '@esbuild/sunos-x64': [ '0.27.2' ],
135 silly audit   '@esbuild/win32-arm64': [ '0.27.2' ],
135 silly audit   '@esbuild/win32-ia32': [ '0.27.2' ],
135 silly audit   '@esbuild/win32-x64': [ '0.27.2' ],
135 silly audit   '@eslint-community/eslint-utils': [ '4.9.1' ],
135 silly audit   'eslint-visitor-keys': [ '3.4.3', '5.0.1', '4.2.1' ],
135 silly audit   '@eslint-community/regexpp': [ '4.12.2' ],
135 silly audit   '@eslint/config-array': [ '0.21.2' ],
135 silly audit   '@eslint/config-helpers': [ '0.4.2' ],
135 silly audit   '@eslint/core': [ '0.17.0' ],
135 silly audit   '@eslint/eslintrc': [ '3.3.5' ],
135 silly audit   ajv: [ '6.15.0', '8.17.1', '6.14.0' ],
135 silly audit   'json-schema-traverse': [ '0.4.1', '1.0.0' ],
135 silly audit   '@eslint/js': [ '9.39.4' ],
135 silly audit   '@eslint/object-schema': [ '2.1.7' ],
135 silly audit   '@eslint/plugin-kit': [ '0.4.1' ],
135 silly audit   '@exodus/bytes': [ '1.15.0' ],
135 silly audit   '@floating-ui/core': [ '1.7.4' ],
135 silly audit   '@floating-ui/dom': [ '1.7.5' ],
135 silly audit   '@floating-ui/utils': [ '0.2.10' ],
135 silly audit   '@hookform/resolvers': [ '5.2.2' ],
135 silly audit   '@humanfs/core': [ '0.19.1' ],
135 silly audit   '@humanfs/node': [ '0.16.7' ],
135 silly audit   '@humanwhocodes/module-importer': [ '1.0.1' ],
135 silly audit   '@humanwhocodes/retry': [ '0.4.3' ],
135 silly audit   '@isaacs/balanced-match': [ '4.0.1' ],
135 silly audit   '@isaacs/brace-expansion': [ '5.0.1' ],
135 silly audit   '@jridgewell/gen-mapping': [ '0.3.13' ],
135 silly audit   '@jridgewell/remapping': [ '2.3.5' ],
135 silly audit   '@jridgewell/resolve-uri': [ '3.1.2' ],
135 silly audit   '@jridgewell/source-map': [ '0.3.11' ],
135 silly audit   '@jridgewell/sourcemap-codec': [ '1.5.5' ],
135 silly audit   '@jridgewell/trace-mapping': [ '0.3.31' ],
135 silly audit   '@reduxjs/toolkit': [ '2.11.2' ],
135 silly audit   immer: [ '11.1.3', '10.2.0' ],
135 silly audit   '@remirror/core-constants': [ '3.0.0' ],
135 silly audit   '@rolldown/pluginutils': [ '1.0.0-beta.53' ],
135 silly audit   '@rollup/plugin-node-resolve': [ '15.3.1' ],
135 silly audit   '@rollup/plugin-terser': [ '0.4.4' ],
135 silly audit   '@rollup/pluginutils': [ '5.3.0', '3.1.0' ],
135 silly audit   'estree-walker': [ '2.0.2', '3.0.3', '1.0.1' ],
135 silly audit   '@rollup/rollup-android-arm-eabi': [ '4.57.1' ],
135 silly audit   '@rollup/rollup-android-arm64': [ '4.57.1' ],
135 silly audit   '@rollup/rollup-darwin-arm64': [ '4.57.1' ],
135 silly audit   '@rollup/rollup-darwin-x64': [ '4.57.1' ],
135 silly audit   '@rollup/rollup-freebsd-arm64': [ '4.57.1' ],
135 silly audit   '@rollup/rollup-freebsd-x64': [ '4.57.1' ],
135 silly audit   '@rollup/rollup-linux-arm-gnueabihf': [ '4.57.1' ],
135 silly audit   '@rollup/rollup-linux-arm-musleabihf': [ '4.57.1' ],
135 silly audit   '@rollup/rollup-linux-arm64-gnu': [ '4.57.1' ],
135 silly audit   '@rollup/rollup-linux-arm64-musl': [ '4.57.1' ],
135 silly audit   '@rollup/rollup-linux-loong64-gnu': [ '4.57.1' ],
135 silly audit   '@rollup/rollup-linux-loong64-musl': [ '4.57.1' ],
135 silly audit   '@rollup/rollup-linux-ppc64-gnu': [ '4.57.1' ],
135 silly audit   '@rollup/rollup-linux-ppc64-musl': [ '4.57.1' ],
135 silly audit   '@rollup/rollup-linux-riscv64-gnu': [ '4.57.1' ],
135 silly audit   '@rollup/rollup-linux-riscv64-musl': [ '4.57.1' ],
135 silly audit   '@rollup/rollup-linux-s390x-gnu': [ '4.57.1' ],
135 silly audit   '@rollup/rollup-linux-x64-gnu': [ '4.57.1' ],
135 silly audit   '@rollup/rollup-linux-x64-musl': [ '4.57.1' ],
135 silly audit   '@rollup/rollup-openbsd-x64': [ '4.57.1' ],
135 silly audit   '@rollup/rollup-openharmony-arm64': [ '4.57.1' ],
135 silly audit   '@rollup/rollup-win32-arm64-msvc': [ '4.57.1' ],
135 silly audit   '@rollup/rollup-win32-ia32-msvc': [ '4.57.1' ],
135 silly audit   '@rollup/rollup-win32-x64-gnu': [ '4.57.1' ],
135 silly audit   '@rollup/rollup-win32-x64-msvc': [ '4.57.1' ],
135 silly audit   '@sentry-internal/browser-utils': [ '10.40.0' ],
135 silly audit   '@sentry-internal/feedback': [ '10.40.0' ],
135 silly audit   '@sentry-internal/replay': [ '10.40.0' ],
135 silly audit   '@sentry-internal/replay-canvas': [ '10.40.0' ],
135 silly audit   '@sentry/browser': [ '10.40.0' ],
135 silly audit   '@sentry/core': [ '10.40.0' ],
135 silly audit   '@sentry/react': [ '10.40.0' ],
135 silly audit   '@standard-schema/spec': [ '1.1.0' ],
135 silly audit   '@standard-schema/utils': [ '0.3.0' ],
135 silly audit   '@supabase/auth-js': [ '2.98.0' ],
135 silly audit   '@supabase/functions-js': [ '2.98.0' ],
135 silly audit   '@supabase/postgrest-js': [ '2.98.0' ],
135 silly audit   '@supabase/realtime-js': [ '2.98.0' ],
135 silly audit   '@supabase/storage-js': [ '2.98.0' ],
135 silly audit   '@supabase/supabase-js': [ '2.98.0' ],
135 silly audit   '@surma/rollup-plugin-off-main-thread': [ '2.2.3' ],
135 silly audit   'magic-string': [ '0.25.9', '0.30.21' ],
135 silly audit   '@tailwindcss/node': [ '4.1.18' ],
135 silly audit   '@tailwindcss/oxide': [ '4.1.18' ],
135 silly audit   '@tailwindcss/oxide-android-arm64': [ '4.1.18' ],
135 silly audit   '@tailwindcss/oxide-darwin-arm64': [ '4.1.18' ],
135 silly audit   '@tailwindcss/oxide-darwin-x64': [ '4.1.18' ],
135 silly audit   '@tailwindcss/oxide-freebsd-x64': [ '4.1.18' ],
135 silly audit   '@tailwindcss/oxide-linux-arm-gnueabihf': [ '4.1.18' ],
135 silly audit   '@tailwindcss/oxide-linux-arm64-gnu': [ '4.1.18' ],
135 silly audit   '@tailwindcss/oxide-linux-arm64-musl': [ '4.1.18' ],
135 silly audit   '@tailwindcss/oxide-linux-x64-gnu': [ '4.1.18' ],
135 silly audit   '@tailwindcss/oxide-linux-x64-musl': [ '4.1.18' ],
135 silly audit   '@tailwindcss/oxide-win32-arm64-msvc': [ '4.1.18' ],
135 silly audit   '@tailwindcss/oxide-win32-x64-msvc': [ '4.1.18' ],
135 silly audit   '@tailwindcss/postcss': [ '4.1.18' ],
135 silly audit   '@tanstack/query-core': [ '5.100.9' ],
135 silly audit   '@tanstack/query-devtools': [ '5.99.0' ],
135 silly audit   '@tanstack/query-persist-client-core': [ '5.100.9' ],
135 silly audit   '@tanstack/query-sync-storage-persister': [ '5.100.9' ],
135 silly audit   '@tanstack/react-query': [ '5.100.9' ],
135 silly audit   '@tanstack/react-query-devtools': [ '5.99.0' ],
135 silly audit   '@tanstack/react-query-persist-client': [ '5.100.9' ],
135 silly audit   '@tanstack/react-virtual': [ '3.13.18' ],
135 silly audit   '@tanstack/virtual-core': [ '3.13.18' ],
135 silly audit   '@testing-library/dom': [ '10.4.1' ],
135 silly audit   'aria-query': [ '5.3.0', '5.3.2' ],
135 silly audit   'dom-accessibility-api': [ '0.5.16', '0.6.3' ],
135 silly audit   '@testing-library/jest-dom': [ '6.9.1' ],
135 silly audit   '@testing-library/react': [ '16.3.2' ],
135 silly audit   '@tiptap/core': [ '3.20.0' ],
135 silly audit   '@tiptap/extension-blockquote': [ '3.20.0' ],
135 silly audit   '@tiptap/extension-bold': [ '3.20.0' ],
135 silly audit   '@tiptap/extension-bubble-menu': [ '3.20.0' ],
135 silly audit   '@tiptap/extension-bullet-list': [ '3.20.0' ],
135 silly audit   '@tiptap/extension-code': [ '3.20.0' ],
135 silly audit   '@tiptap/extension-code-block': [ '3.20.0' ],
135 silly audit   '@tiptap/extension-document': [ '3.20.0' ],
135 silly audit   '@tiptap/extension-dropcursor': [ '3.20.0' ],
135 silly audit   '@tiptap/extension-floating-menu': [ '3.20.0' ],
135 silly audit   '@tiptap/extension-gapcursor': [ '3.20.0' ],
135 silly audit   '@tiptap/extension-hard-break': [ '3.20.0' ],
135 silly audit   '@tiptap/extension-heading': [ '3.20.0' ],
135 silly audit   '@tiptap/extension-horizontal-rule': [ '3.20.0' ],
135 silly audit   '@tiptap/extension-italic': [ '3.20.0' ],
135 silly audit   '@tiptap/extension-link': [ '3.20.0' ],
135 silly audit   '@tiptap/extension-list': [ '3.20.0' ],
135 silly audit   '@tiptap/extension-list-item': [ '3.20.0' ],
135 silly audit   '@tiptap/extension-list-keymap': [ '3.20.0' ],
135 silly audit   '@tiptap/extension-ordered-list': [ '3.20.0' ],
135 silly audit   '@tiptap/extension-paragraph': [ '3.20.0' ],
135 silly audit   '@tiptap/extension-strike': [ '3.20.0' ],
135 silly audit   '@tiptap/extension-table': [ '3.20.0' ],
135 silly audit   '@tiptap/extension-table-cell': [ '3.20.0' ],
135 silly audit   '@tiptap/extension-table-header': [ '3.20.0' ],
135 silly audit   '@tiptap/extension-table-row': [ '3.20.0' ],
135 silly audit   '@tiptap/extension-text': [ '3.20.0' ],
135 silly audit   '@tiptap/extension-text-style': [ '3.20.0' ],
135 silly audit   '@tiptap/extension-underline': [ '3.20.0' ],
135 silly audit   '@tiptap/extensions': [ '3.20.0' ],
135 silly audit   '@tiptap/pm': [ '3.20.0' ],
135 silly audit   '@tiptap/react': [ '3.20.0' ],
135 silly audit   '@tiptap/starter-kit': [ '3.20.0' ],
135 silly audit   '@types/aria-query': [ '5.0.4' ],
135 silly audit   '@types/babel__core': [ '7.20.5' ],
135 silly audit   '@types/babel__generator': [ '7.27.0' ],
135 silly audit   '@types/babel__template': [ '7.4.4' ],
135 silly audit   '@types/babel__traverse': [ '7.28.0' ],
135 silly audit   '@types/chai': [ '5.2.3' ],
135 silly audit   '@types/d3-array': [ '3.2.2' ],
135 silly audit   '@types/d3-color': [ '3.1.3' ],
135 silly audit   '@types/d3-ease': [ '3.0.2' ],
135 silly audit   '@types/d3-interpolate': [ '3.0.4' ],
135 silly audit   '@types/d3-path': [ '3.1.1' ],
135 silly audit   '@types/d3-scale': [ '4.0.9' ],
135 silly audit   '@types/d3-shape': [ '3.1.8' ],
135 silly audit   '@types/d3-time': [ '3.0.4' ],
135 silly audit   '@types/d3-timer': [ '3.0.2' ],
135 silly audit   '@types/deep-eql': [ '4.0.2' ],
135 silly audit   '@types/estree': [ '1.0.8', '0.0.39' ],
135 silly audit   '@types/json-schema': [ '7.0.15' ],
135 silly audit   '@types/linkify-it': [ '5.0.0' ],
135 silly audit   '@types/markdown-it': [ '14.1.2' ],
135 silly audit   '@types/mdurl': [ '2.0.0' ],
135 silly audit   '@types/pako': [ '2.0.4' ],
135 silly audit   '@types/phoenix': [ '1.6.7' ],
135 silly audit   '@types/raf': [ '3.4.3' ],
135 silly audit   '@types/react': [ '19.2.14' ],
135 silly audit   '@types/react-dom': [ '19.2.3' ],
135 silly audit   '@types/resolve': [ '1.20.2' ],
135 silly audit   '@types/trusted-types': [ '2.0.7' ],
135 silly audit   '@types/use-sync-external-store': [ '0.0.6' ],
135 silly audit   '@types/ws': [ '8.18.1' ],
135 silly audit   '@typescript-eslint/eslint-plugin': [ '8.56.1' ],
135 silly audit   ignore: [ '7.0.5', '5.3.2' ],
135 silly audit   '@typescript-eslint/parser': [ '8.56.1' ],
135 silly audit   '@typescript-eslint/project-service': [ '8.56.1' ],
135 silly audit   '@typescript-eslint/scope-manager': [ '8.56.1' ],
135 silly audit   '@typescript-eslint/tsconfig-utils': [ '8.56.1' ],
135 silly audit   '@typescript-eslint/type-utils': [ '8.56.1' ],
135 silly audit   '@typescript-eslint/types': [ '8.56.1' ],
135 silly audit   '@typescript-eslint/typescript-estree': [ '8.56.1' ],
135 silly audit   'balanced-match': [ '4.0.4', '1.0.2' ],
135 silly audit   'brace-expansion': [ '5.0.3', '2.0.2', '1.1.14' ],
135 silly audit   minimatch: [ '10.2.4', '5.1.6', '3.1.5', '10.1.2' ],
135 silly audit   semver: [ '7.7.4', '6.3.1' ],
135 silly audit   '@typescript-eslint/utils': [ '8.56.1' ],
135 silly audit   '@typescript-eslint/visitor-keys': [ '8.56.1' ],
135 silly audit   '@vitejs/plugin-react': [ '5.1.2' ],
135 silly audit   '@vitest/expect': [ '4.0.18' ],
135 silly audit   '@vitest/mocker': [ '4.0.18' ],
135 silly audit   '@vitest/pretty-format': [ '4.0.18' ],
135 silly audit   '@vitest/runner': [ '4.0.18' ],
135 silly audit   '@vitest/snapshot': [ '4.0.18' ],
135 silly audit   '@vitest/spy': [ '4.0.18' ],
135 silly audit   '@vitest/utils': [ '4.0.18' ],
135 silly audit   acorn: [ '8.16.0' ],
135 silly audit   'acorn-jsx': [ '5.3.2' ],
135 silly audit   'adler-32': [ '1.3.1' ],
135 silly audit   'ansi-regex': [ '5.0.1' ],
135 silly audit   'ansi-styles': [ '5.2.0', '4.3.0' ],
135 silly audit   argparse: [ '2.0.1' ],
135 silly audit   'array-buffer-byte-length': [ '1.0.2' ],
135 silly audit   'array-includes': [ '3.1.9' ],
135 silly audit   'array.prototype.findlast': [ '1.2.5' ],
135 silly audit   'array.prototype.flat': [ '1.3.3' ],
135 silly audit   'array.prototype.flatmap': [ '1.3.3' ],
135 silly audit   'array.prototype.tosorted': [ '1.1.4' ],
135 silly audit   'arraybuffer.prototype.slice': [ '1.0.4' ],
135 silly audit   'assertion-error': [ '2.0.1' ],
135 silly audit   'ast-types-flow': [ '0.0.8' ],
135 silly audit   async: [ '3.2.6' ],
135 silly audit   'async-function': [ '1.0.0' ],
135 silly audit   'at-least-node': [ '1.0.0' ],
135 silly audit   autoprefixer: [ '10.4.24' ],
135 silly audit   'available-typed-arrays': [ '1.0.7' ],
135 silly audit   'axe-core': [ '4.11.1' ],
135 silly audit   axios: [ '0.24.0' ],
135 silly audit   'axobject-query': [ '4.1.0' ],
135 silly audit   'babel-plugin-polyfill-corejs2': [ '0.4.15' ],
135 silly audit   'babel-plugin-polyfill-corejs3': [ '0.14.0' ],
135 silly audit   'babel-plugin-polyfill-regenerator': [ '0.6.6' ],
135 silly audit   'base64-arraybuffer': [ '1.0.2' ],
135 silly audit   'base64-js': [ '1.5.1' ],
135 silly audit   'baseline-browser-mapping': [ '2.9.19' ],
135 silly audit   'bidi-js': [ '1.0.3' ],
135 silly audit   browserslist: [ '4.28.1' ],
135 silly audit   buffer: [ '6.0.3' ],
135 silly audit   'buffer-from': [ '1.1.2' ],
135 silly audit   'call-bind': [ '1.0.8' ],
135 silly audit   'call-bind-apply-helpers': [ '1.0.2' ],
135 silly audit   'call-bound': [ '1.0.4' ],
135 silly audit   callsites: [ '3.1.0' ],
135 silly audit   camelcase: [ '5.3.1' ],
135 silly audit   'caniuse-lite': [ '1.0.30001766' ],
135 silly audit   canvg: [ '3.0.11' ],
135 silly audit   cfb: [ '1.2.2' ],
135 silly audit   chai: [ '6.2.2' ],
135 silly audit   chalk: [ '4.1.2' ],
135 silly audit   cliui: [ '6.0.0' ],
135 silly audit   'emoji-regex': [ '8.0.0', '9.2.2' ],
135 silly audit   'string-width': [ '4.2.3' ],
135 silly audit   'strip-ansi': [ '6.0.1' ],
135 silly audit   'wrap-ansi': [ '6.2.0' ],
135 silly audit   clsx: [ '2.1.1' ],
135 silly audit   codepage: [ '1.15.0' ],
135 silly audit   'color-convert': [ '2.0.1' ],
135 silly audit   'color-name': [ '1.1.4' ],
135 silly audit   commander: [ '2.20.3' ],
135 silly audit   'common-tags': [ '1.8.2' ],
135 silly audit   'concat-map': [ '0.0.1' ],
135 silly audit   'convert-source-map': [ '2.0.0' ],
135 silly audit   cookie: [ '1.1.1' ],
135 silly audit   'core-js': [ '3.48.0' ],
135 silly audit   'core-js-compat': [ '3.48.0' ],
135 silly audit   crc: [ '4.3.2' ],
135 silly audit   'crc-32': [ '1.2.2' ],
135 silly audit   crelt: [ '1.0.6' ],
135 silly audit   'cross-spawn': [ '7.0.6' ],
135 silly audit   'crypto-js': [ '4.2.0' ],
135 silly audit   'crypto-random-string': [ '2.0.0' ],
135 silly audit   'css-line-break': [ '2.1.0' ],
135 silly audit   'css-tree': [ '3.2.1' ],
135 silly audit   'css.escape': [ '1.5.1' ],
135 silly audit   csstype: [ '3.2.3' ],
135 silly audit   'd3-array': [ '3.2.4' ],
135 silly audit   'd3-color': [ '3.1.0' ],
135 silly audit   'd3-ease': [ '3.0.1' ],
135 silly audit   'd3-format': [ '3.1.2' ],
135 silly audit   'd3-interpolate': [ '3.0.1' ],
135 silly audit   'd3-path': [ '3.1.0' ],
135 silly audit   'd3-scale': [ '4.0.2' ],
135 silly audit   'd3-shape': [ '3.2.0' ],
135 silly audit   'd3-time': [ '3.1.0' ],
135 silly audit   'd3-time-format': [ '4.1.0' ],
135 silly audit   'd3-timer': [ '3.0.1' ],
135 silly audit   'damerau-levenshtein': [ '1.0.8' ],
135 silly audit   'data-urls': [ '7.0.0' ],
135 silly audit   tr46: [ '6.0.0', '1.0.1' ],
135 silly audit   'webidl-conversions': [ '8.0.1', '4.0.2' ],
135 silly audit   'whatwg-url': [ '16.0.1', '7.1.0' ],
135 silly audit   'data-view-buffer': [ '1.0.2' ],
135 silly audit   'data-view-byte-length': [ '1.0.2' ],
135 silly audit   'data-view-byte-offset': [ '1.0.1' ],
135 silly audit   dayjs: [ '1.11.19' ],
135 silly audit   debug: [ '4.4.3' ],
135 silly audit   decamelize: [ '1.2.0' ],
135 silly audit   'decimal.js': [ '10.6.0' ],
135 silly audit   'decimal.js-light': [ '2.5.1' ],
135 silly audit   'deep-is': [ '0.1.4' ],
135 silly audit   deepmerge: [ '4.3.1' ],
135 silly audit   'define-data-property': [ '1.1.4' ],
135 silly audit   'define-properties': [ '1.2.1' ],
135 silly audit   dequal: [ '2.0.3' ],
135 silly audit   'detect-libc': [ '2.1.2' ],
135 silly audit   dijkstrajs: [ '1.0.3' ],
135 silly audit   doctrine: [ '2.1.0' ],
135 silly audit   dompurify: [ '3.3.1' ],
135 silly audit   'dunder-proto': [ '1.0.1' ],
135 silly audit   ejs: [ '3.1.10' ],
135 silly audit   'electron-to-chromium': [ '1.5.283' ],
135 silly audit   'enhanced-resolve': [ '5.18.4' ],
135 silly audit   entities: [ '4.5.0', '6.0.1' ],
135 silly audit   'es-abstract': [ '1.24.1' ],
135 silly audit   'es-define-property': [ '1.0.1' ],
135 silly audit   'es-errors': [ '1.3.0' ],
135 silly audit   'es-iterator-helpers': [ '1.2.2' ],
135 silly audit   'es-module-lexer': [ '1.7.0' ],
135 silly audit   'es-object-atoms': [ '1.1.1' ],
135 silly audit   'es-set-tostringtag': [ '2.1.0' ],
135 silly audit   'es-shim-unscopables': [ '1.1.0' ],
135 silly audit   'es-to-primitive': [ '1.3.0' ],
135 silly audit   'es-toolkit': [ '1.44.0' ],
135 silly audit   esbuild: [ '0.27.2' ],
135 silly audit   escalade: [ '3.2.0' ],
135 silly audit   'escape-string-regexp': [ '4.0.0' ],
135 silly audit   eslint: [ '9.39.4' ],
135 silly audit   'eslint-config-prettier': [ '10.1.8' ],
135 silly audit   'eslint-plugin-jsx-a11y': [ '6.10.2' ],
135 silly audit   'eslint-plugin-react': [ '7.37.5' ],
135 silly audit   'eslint-plugin-react-hooks': [ '7.0.1' ],
135 silly audit   resolve: [ '2.0.0-next.6', '1.22.11' ],
135 silly audit   'eslint-scope': [ '8.4.0' ],
135 silly audit   espree: [ '10.4.0' ],
135 silly audit   esquery: [ '1.7.0' ],
135 silly audit   esrecurse: [ '4.3.0' ],
135 silly audit   estraverse: [ '5.3.0' ],
135 silly audit   esutils: [ '2.0.3' ],
135 silly audit   eventemitter3: [ '5.0.4' ],
135 silly audit   'expect-type': [ '1.3.0' ],
135 silly audit   'fast-deep-equal': [ '3.1.3' ],
135 silly audit   'fast-equals': [ '5.4.0' ],
135 silly audit   'fast-json-stable-stringify': [ '2.1.0' ],
135 silly audit   'fast-levenshtein': [ '2.0.6' ],
135 silly audit   'fast-png': [ '6.4.0' ],
135 silly audit   'fast-uri': [ '3.1.0' ],
135 silly audit   fdir: [ '6.5.0' ],
135 silly audit   fflate: [ '0.8.2' ],
135 silly audit   'file-entry-cache': [ '8.0.0' ],
135 silly audit   filelist: [ '1.0.4' ],
135 silly audit   'find-up': [ '5.0.0', '4.1.0' ],
135 silly audit   'flat-cache': [ '4.0.1' ],
135 silly audit   flatted: [ '3.3.3' ],
135 silly audit   'follow-redirects': [ '1.15.11' ],
135 silly audit   'for-each': [ '0.3.5' ],
135 silly audit   'foreground-child': [ '3.3.1' ],
135 silly audit   frac: [ '1.1.2' ],
135 silly audit   'fraction.js': [ '5.3.4' ],
135 silly audit   'framer-motion': [ '12.29.2' ],
135 silly audit   'fs-extra': [ '9.1.0', '10.1.0' ],
135 silly audit   fsevents: [ '2.3.3' ],
135 silly audit   'function-bind': [ '1.1.2' ],
135 silly audit   'function.prototype.name': [ '1.1.8' ],
135 silly audit   'functions-have-names': [ '1.2.3' ],
135 silly audit   'generator-function': [ '2.0.1' ],
135 silly audit   gensync: [ '1.0.0-beta.2' ],
135 silly audit   'get-caller-file': [ '2.0.5' ],
135 silly audit   'get-intrinsic': [ '1.3.0' ],
135 silly audit   'get-own-enumerable-property-symbols': [ '3.0.2' ],
135 silly audit   'get-proto': [ '1.0.1' ],
135 silly audit   'get-symbol-description': [ '1.1.0' ],
135 silly audit   'glob-parent': [ '6.0.2' ],
135 silly audit   globals: [ '14.0.0' ],
135 silly audit   globalthis: [ '1.0.4' ],
135 silly audit   gopd: [ '1.2.0' ],
135 silly audit   'graceful-fs': [ '4.2.11' ],
135 silly audit   'has-bigints': [ '1.1.0' ],
135 silly audit   'has-flag': [ '4.0.0' ],
135 silly audit   'has-property-descriptors': [ '1.0.2' ],
135 silly audit   'has-proto': [ '1.2.0' ],
135 silly audit   'has-symbols': [ '1.1.0' ],
135 silly audit   'has-tostringtag': [ '1.0.2' ],
135 silly audit   hasown: [ '2.0.2' ],
135 silly audit   'hermes-estree': [ '0.25.1' ],
135 silly audit   'hermes-parser': [ '0.25.1' ],
135 silly audit   'html-encoding-sniffer': [ '6.0.0' ],
135 silly audit   html2canvas: [ '1.4.1' ],
135 silly audit   'iceberg-js': [ '0.8.1' ],
135 silly audit   idb: [ '7.1.1' ],
135 silly audit   ieee754: [ '1.2.1' ],
135 silly audit   'import-fresh': [ '3.3.1' ],
135 silly audit   imurmurhash: [ '0.1.4' ],
135 silly audit   'indent-string': [ '4.0.0' ],
135 silly audit   'internal-slot': [ '1.1.0' ],
135 silly audit   internmap: [ '2.0.3' ],
135 silly audit   iobuffer: [ '5.4.0' ],
135 silly audit   'is-array-buffer': [ '3.0.5' ],
135 silly audit   'is-async-function': [ '2.1.1' ],
135 silly audit   'is-bigint': [ '1.1.0' ],
135 silly audit   'is-boolean-object': [ '1.2.2' ],
135 silly audit   'is-callable': [ '1.2.7' ],
135 silly audit   'is-core-module': [ '2.16.1' ],
135 silly audit   'is-data-view': [ '1.0.2' ],
135 silly audit   'is-date-object': [ '1.1.0' ],
135 silly audit   'is-extglob': [ '2.1.1' ],
135 silly audit   'is-finalizationregistry': [ '1.1.1' ],
135 silly audit   'is-fullwidth-code-point': [ '3.0.0' ],
135 silly audit   'is-generator-function': [ '1.1.2' ],
135 silly audit   'is-glob': [ '4.0.3' ],
135 silly audit   'is-map': [ '2.0.3' ],
135 silly audit   'is-module': [ '1.0.0' ],
135 silly audit   'is-negative-zero': [ '2.0.3' ],
135 silly audit   'is-number-object': [ '1.1.1' ],
135 silly audit   'is-obj': [ '1.0.1' ],
135 silly audit   'is-potential-custom-element-name': [ '1.0.1' ],
135 silly audit   'is-regex': [ '1.2.1' ],
135 silly audit   'is-regexp': [ '1.0.0' ],
135 silly audit   'is-set': [ '2.0.3' ],
135 silly audit   'is-shared-array-buffer': [ '1.0.4' ],
135 silly audit   'is-stream': [ '2.0.1' ],
135 silly audit   'is-string': [ '1.1.1' ],
135 silly audit   'is-symbol': [ '1.1.1' ],
135 silly audit   'is-typed-array': [ '1.1.15' ],
135 silly audit   'is-weakmap': [ '2.0.2' ],
135 silly audit   'is-weakref': [ '1.1.1' ],
135 silly audit   'is-weakset': [ '2.0.4' ],
135 silly audit   isarray: [ '2.0.5', '1.0.0' ],
135 silly audit   isexe: [ '2.0.0' ],
135 silly audit   'iterator.prototype': [ '1.1.5' ],
135 silly audit   jake: [ '10.9.4' ],
135 silly audit   jiti: [ '2.6.1' ],
135 silly audit   'js-tokens': [ '4.0.0' ],
135 silly audit   'js-yaml': [ '4.1.1' ],
135 silly audit   jsdom: [ '29.0.1' ],
135 silly audit   jsesc: [ '3.1.0' ],
135 silly audit   'json-buffer': [ '3.0.1' ],
135 silly audit   'json-schema': [ '0.4.0' ],
135 silly audit   'json-stable-stringify-without-jsonify': [ '1.0.1' ],
135 silly audit   json5: [ '2.2.3' ],
135 silly audit   jsonfile: [ '6.2.0' ],
135 silly audit   jsonpointer: [ '5.0.1' ],
135 silly audit   jspdf: [ '4.1.0' ],
135 silly audit   'jspdf-autotable': [ '5.0.7' ],
135 silly audit   'jsx-ast-utils': [ '3.3.5' ],
135 silly audit   keyv: [ '4.5.4' ],
135 silly audit   'language-subtag-registry': [ '0.3.23' ],
135 silly audit   'language-tags': [ '1.0.9' ],
135 silly audit   leven: [ '3.1.0' ],
135 silly audit   levn: [ '0.4.1' ],
135 silly audit   lightningcss: [ '1.30.2' ],
135 silly audit   'lightningcss-android-arm64': [ '1.30.2' ],
135 silly audit   'lightningcss-darwin-arm64': [ '1.30.2' ],
135 silly audit   'lightningcss-darwin-x64': [ '1.30.2' ],
135 silly audit   'lightningcss-freebsd-x64': [ '1.30.2' ],
135 silly audit   'lightningcss-linux-arm-gnueabihf': [ '1.30.2' ],
135 silly audit   'lightningcss-linux-arm64-gnu': [ '1.30.2' ],
135 silly audit   'lightningcss-linux-arm64-musl': [ '1.30.2' ],
135 silly audit   'lightningcss-linux-x64-gnu': [ '1.30.2' ],
135 silly audit   'lightningcss-linux-x64-musl': [ '1.30.2' ],
135 silly audit   'lightningcss-win32-arm64-msvc': [ '1.30.2' ],
135 silly audit   'lightningcss-win32-x64-msvc': [ '1.30.2' ],
135 silly audit   'linkify-it': [ '5.0.0' ],
135 silly audit   linkifyjs: [ '4.3.2' ],
135 silly audit   'locate-path': [ '6.0.0', '5.0.0' ],
135 silly audit   lodash: [ '4.17.23' ],
135 silly audit   'lodash.debounce': [ '4.0.8' ],
135 silly audit   'lodash.merge': [ '4.6.2' ],
135 silly audit   'lodash.sortby': [ '4.7.0' ],
135 silly audit   'loose-envify': [ '1.4.0' ],
135 silly audit   'lucide-react': [ '0.563.0' ],
135 silly audit   'lz-string': [ '1.5.0' ],
135 silly audit   'markdown-it': [ '14.1.1' ],
135 silly audit   'math-intrinsics': [ '1.1.0' ],
135 silly audit   'mdn-data': [ '2.27.1' ],
135 silly audit   mdurl: [ '2.0.0' ],
135 silly audit   'min-indent': [ '1.0.1' ],
135 silly audit   minipass: [ '7.1.2' ],
135 silly audit   'motion-dom': [ '12.29.2' ],
135 silly audit   'motion-utils': [ '12.29.2' ],
135 silly audit   ms: [ '2.1.3' ],
135 silly audit   nanoid: [ '3.3.11', '5.1.11' ],
135 silly audit   'napas-qr': [ '1.0.4' ],
135 silly audit   'natural-compare': [ '1.4.0' ],
135 silly audit   'node-exports-info': [ '1.6.0' ],
135 silly audit   'node-releases': [ '2.0.27' ],
135 silly audit   'object-assign': [ '4.1.1' ],
135 silly audit   'object-inspect': [ '1.13.4' ],
135 silly audit   'object-keys': [ '1.1.1' ],
135 silly audit   'object.assign': [ '4.1.7' ],
135 silly audit   'object.entries': [ '1.1.9' ],
135 silly audit   'object.fromentries': [ '2.0.8' ],
135 silly audit   'object.values': [ '1.2.1' ],
135 silly audit   obug: [ '2.1.1' ],
135 silly audit   optionator: [ '0.9.4' ],
135 silly audit   orderedmap: [ '2.1.1' ],
135 silly audit   'own-keys': [ '1.0.1' ],
135 silly audit   'p-limit': [ '3.1.0', '2.3.0' ],
135 silly audit   'p-locate': [ '5.0.0', '4.1.0' ],
135 silly audit   'p-try': [ '2.2.0' ],
135 silly audit   'package-json-from-dist': [ '1.0.1' ],
135 silly audit   pako: [ '2.1.0', '1.0.11' ],
135 silly audit   'parent-module': [ '1.0.1' ],
135 silly audit   parse5: [ '8.0.0' ],
135 silly audit   'path-exists': [ '4.0.0' ],
135 silly audit   'path-key': [ '3.1.1' ],
135 silly audit   'path-parse': [ '1.0.7' ],
135 silly audit   pathe: [ '2.0.3' ],
135 silly audit   'performance-now': [ '2.1.0' ],
135 silly audit   picocolors: [ '1.1.1' ],
135 silly audit   picomatch: [ '4.0.3', '2.3.1' ],
135 silly audit   pngjs: [ '5.0.0' ],
135 silly audit   'possible-typed-array-names': [ '1.1.0' ],
135 silly audit   postcss: [ '8.5.6' ],
135 silly audit   'postcss-value-parser': [ '4.2.0' ],
135 silly audit   'prelude-ls': [ '1.2.1' ],
135 silly audit   prettier: [ '3.8.1' ],
135 silly audit   'pretty-bytes': [ '6.1.1', '5.6.0' ],
135 silly audit   'pretty-format': [ '27.5.1' ],
135 silly audit   'react-is': [ '17.0.2', '16.13.1', '19.2.4' ],
135 silly audit   'prop-types': [ '15.8.1' ],
135 silly audit   'prosemirror-changeset': [ '2.4.0' ],
135 silly audit   'prosemirror-collab': [ '1.3.1' ],
135 silly audit   'prosemirror-commands': [ '1.7.1' ],
135 silly audit   'prosemirror-dropcursor': [ '1.8.2' ],
135 silly audit   'prosemirror-gapcursor': [ '1.4.0' ],
135 silly audit   'prosemirror-history': [ '1.5.0' ],
135 silly audit   'prosemirror-inputrules': [ '1.5.1' ],
135 silly audit   'prosemirror-keymap': [ '1.2.3' ],
135 silly audit   'prosemirror-markdown': [ '1.13.4' ],
135 silly audit   'prosemirror-menu': [ '1.3.0' ],
135 silly audit   'prosemirror-model': [ '1.25.4' ],
135 silly audit   'prosemirror-schema-basic': [ '1.2.4' ],
135 silly audit   'prosemirror-schema-list': [ '1.5.1' ],
135 silly audit   'prosemirror-state': [ '1.4.4' ],
135 silly audit   'prosemirror-tables': [ '1.8.5' ],
135 silly audit   'prosemirror-trailing-node': [ '3.0.0' ],
135 silly audit   'prosemirror-transform': [ '1.11.0' ],
135 silly audit   'prosemirror-view': [ '1.41.6' ],
135 silly audit   punycode: [ '2.3.1' ],
135 silly audit   'punycode.js': [ '2.3.1' ],
135 silly audit   qrcode: [ '1.5.4' ],
135 silly audit   raf: [ '3.4.1' ],
135 silly audit   randombytes: [ '2.1.0' ],
135 silly audit   react: [ '19.2.4' ],
135 silly audit   'react-dom': [ '19.2.4' ],
135 silly audit   'react-hook-form': [ '7.71.1' ],
135 silly audit   'react-redux': [ '9.2.0' ],
135 silly audit   'react-refresh': [ '0.18.0' ],
135 silly audit   'react-router': [ '7.13.0' ],
135 silly audit   'react-router-dom': [ '7.13.0' ],
135 silly audit   recharts: [ '3.7.0' ],
135 silly audit   redent: [ '3.0.0' ],
135 silly audit   redux: [ '5.0.1' ],
135 silly audit   'redux-thunk': [ '3.1.0' ],
135 silly audit   'reflect.getprototypeof': [ '1.0.10' ],
135 silly audit   regenerate: [ '1.4.2' ],
135 silly audit   'regenerate-unicode-properties': [ '10.2.2' ],
135 silly audit   'regenerator-runtime': [ '0.13.11' ],
135 silly audit   'regexp.prototype.flags': [ '1.5.4' ],
135 silly audit   'regexpu-core': [ '6.4.0' ],
135 silly audit   regjsgen: [ '0.8.0' ],
135 silly audit   regjsparser: [ '0.13.0' ],
135 silly audit   'require-directory': [ '2.1.1' ],
135 silly audit   'require-from-string': [ '2.0.2' ],
135 silly audit   'require-main-filename': [ '2.0.0' ],
135 silly audit   reselect: [ '5.1.1' ],
135 silly audit   'resolve-from': [ '4.0.0' ],
135 silly audit   rgbcolor: [ '1.0.1' ],
135 silly audit   rollup: [ '4.57.1', '2.79.2' ],
135 silly audit   'rope-sequence': [ '1.3.4' ],
135 silly audit   'safe-array-concat': [ '1.1.3' ],
135 silly audit   'safe-buffer': [ '5.2.1', '5.1.2' ],
135 silly audit   'safe-push-apply': [ '1.0.0' ],
135 silly audit   'safe-regex-test': [ '1.1.0' ],
135 silly audit   saxes: [ '6.0.0' ],
135 silly audit   scheduler: [ '0.27.0' ],
135 silly audit   'serialize-javascript': [ '6.0.2' ],
135 silly audit   'set-blocking': [ '2.0.0' ],
135 silly audit   'set-cookie-parser': [ '2.7.2' ],
135 silly audit   'set-function-length': [ '1.2.2' ],
135 silly audit   'set-function-name': [ '2.0.2' ],
135 silly audit   'set-proto': [ '1.0.0' ],
135 silly audit   'shebang-command': [ '2.0.0' ],
135 silly audit   'shebang-regex': [ '3.0.0' ],
135 silly audit   'side-channel': [ '1.1.0' ],
135 silly audit   'side-channel-list': [ '1.0.0' ],
135 silly audit   'side-channel-map': [ '1.0.1' ],
135 silly audit   'side-channel-weakmap': [ '1.0.2' ],
135 silly audit   siginfo: [ '2.0.0' ],
135 silly audit   'signal-exit': [ '4.1.0' ],
135 silly audit   smob: [ '1.6.1' ],
135 silly audit   sonner: [ '2.0.7' ],
135 silly audit   'source-map': [ '0.8.0-beta.0', '0.6.1' ],
135 silly audit   'source-map-js': [ '1.2.1' ],
135 silly audit   'source-map-support': [ '0.5.21' ],
135 silly audit   'sourcemap-codec': [ '1.4.8' ],
135 silly audit   ssf: [ '0.11.2' ],
135 silly audit   stackback: [ '0.0.2' ],
135 silly audit   'stackblur-canvas': [ '2.7.0' ],
135 silly audit   'std-env': [ '3.10.0' ],
135 silly audit   'stop-iteration-iterator': [ '1.1.0' ],
135 silly audit   'string.prototype.includes': [ '2.0.1' ],
135 silly audit   'string.prototype.matchall': [ '4.0.12' ],
135 silly audit   'string.prototype.repeat': [ '1.0.0' ],
135 silly audit   'string.prototype.trim': [ '1.2.10' ],
135 silly audit   'string.prototype.trimend': [ '1.0.9' ],
135 silly audit   'string.prototype.trimstart': [ '1.0.8' ],
135 silly audit   'stringify-object': [ '3.3.0' ],
135 silly audit   'strip-comments': [ '2.0.1' ],
135 silly audit   'strip-indent': [ '3.0.0' ],
135 silly audit   'strip-json-comments': [ '3.1.1' ],
135 silly audit   'supports-color': [ '7.2.0' ],
135 silly audit   'supports-preserve-symlinks-flag': [ '1.0.0' ],
135 silly audit   'svg-pathdata': [ '6.0.3' ],
135 silly audit   'symbol-tree': [ '3.2.4' ],
135 silly audit   'tailwind-merge': [ '3.4.0' ],
135 silly audit   tailwindcss: [ '4.1.18' ],
135 silly audit   tapable: [ '2.3.0' ],
135 silly audit   'temp-dir': [ '2.0.0' ],
135 silly audit   tempy: [ '0.6.0' ],
135 silly audit   terser: [ '5.46.0' ],
135 silly audit   'text-segmentation': [ '1.0.3' ],
135 silly audit   'tiny-invariant': [ '1.3.3' ],
135 silly audit   tinybench: [ '2.9.0' ],
135 silly audit   tinyexec: [ '1.0.2' ],
135 silly audit   tinyglobby: [ '0.2.15' ],
135 silly audit   tinyrainbow: [ '3.0.3' ],
135 silly audit   tldts: [ '7.0.27' ],
135 silly audit   'tldts-core': [ '7.0.27' ],
135 silly audit   'tough-cookie': [ '6.0.1' ],
135 silly audit   'ts-api-utils': [ '2.4.0' ],
135 silly audit   tslib: [ '2.8.1' ],
135 silly audit   'type-check': [ '0.4.0' ],
135 silly audit   'type-fest': [ '0.16.0' ],
135 silly audit   'typed-array-buffer': [ '1.0.3' ],
135 silly audit   'typed-array-byte-length': [ '1.0.3' ],
135 silly audit   'typed-array-byte-offset': [ '1.0.4' ],
135 silly audit   'typed-array-length': [ '1.0.7' ],
135 silly audit   typescript: [ '5.9.3' ],
135 silly audit   'typescript-eslint': [ '8.56.1' ],
135 silly audit   'uc.micro': [ '2.1.0' ],
135 silly audit   'unbox-primitive': [ '1.1.0' ],
135 silly audit   undici: [ '7.24.6' ],
135 silly audit   'unicode-canonical-property-names-ecmascript': [ '2.0.1' ],
135 silly audit   'unicode-match-property-ecmascript': [ '2.0.0' ],
135 silly audit   'unicode-match-property-value-ecmascript': [ '2.2.1' ],
135 silly audit   'unicode-property-aliases-ecmascript': [ '2.2.0' ],
135 silly audit   'unique-string': [ '2.0.0' ],
135 silly audit   universalify: [ '2.0.1' ],
135 silly audit   upath: [ '1.2.0' ],
135 silly audit   'update-browserslist-db': [ '1.2.3' ],
135 silly audit   'uri-js': [ '4.4.1' ],
135 silly audit   'use-sync-external-store': [ '1.6.0' ],
135 silly audit   utrie: [ '1.0.2' ],
135 silly audit   'victory-vendor': [ '37.3.6' ],
135 silly audit   vietqr: [ '1.1.9' ],
135 silly audit   vite: [ '7.3.1' ],
135 silly audit   'vite-plugin-compression': [ '0.5.1' ],
135 silly audit   'vite-plugin-pwa': [ '1.2.0' ],
135 silly audit   vitest: [ '4.0.18' ],
135 silly audit   'w3c-keyname': [ '2.2.8' ],
135 silly audit   'w3c-xmlserializer': [ '5.0.0' ],
135 silly audit   'whatwg-mimetype': [ '5.0.0' ],
135 silly audit   which: [ '2.0.2' ],
135 silly audit   'which-boxed-primitive': [ '1.1.1' ],
135 silly audit   'which-builtin-type': [ '1.2.1' ],
135 silly audit   'which-collection': [ '1.0.2' ],
135 silly audit   'which-module': [ '2.0.1' ],
135 silly audit   'which-typed-array': [ '1.1.20' ],
135 silly audit   'why-is-node-running': [ '2.3.0' ],
135 silly audit   wmf: [ '1.0.2' ],
135 silly audit   word: [ '0.3.0' ],
135 silly audit   'word-wrap': [ '1.2.5' ],
135 silly audit   'workbox-background-sync': [ '7.4.0' ],
135 silly audit   'workbox-broadcast-update': [ '7.4.0' ],
135 silly audit   'workbox-build': [ '7.4.0' ],
135 silly audit   '@isaacs/cliui': [ '9.0.0' ],
135 silly audit   '@rollup/plugin-babel': [ '5.3.1' ],
135 silly audit   '@rollup/plugin-replace': [ '2.4.2' ],
135 silly audit   glob: [ '11.1.0' ],
135 silly audit   jackspeak: [ '4.2.3' ],
135 silly audit   'path-scurry': [ '2.0.1' ],
135 silly audit   'workbox-cacheable-response': [ '7.4.0' ],
135 silly audit   'workbox-core': [ '7.4.0' ],
135 silly audit   'workbox-expiration': [ '7.4.0' ],
135 silly audit   'workbox-google-analytics': [ '7.4.0' ],
135 silly audit   'workbox-navigation-preload': [ '7.4.0' ],
135 silly audit   'workbox-precaching': [ '7.4.0' ],
135 silly audit   'workbox-range-requests': [ '7.4.0' ],
135 silly audit   'workbox-recipes': [ '7.4.0' ],
135 silly audit   'workbox-routing': [ '7.4.0' ],
135 silly audit   'workbox-strategies': [ '7.4.0' ],
135 silly audit   'workbox-streams': [ '7.4.0' ],
135 silly audit   'workbox-sw': [ '7.4.0' ],
135 silly audit   'workbox-window': [ '7.4.0' ],
135 silly audit   ws: [ '8.19.0' ],
135 silly audit   xlsx: [ '0.18.5' ],
135 silly audit   'xml-name-validator': [ '5.0.0' ],
135 silly audit   xmlchars: [ '2.2.0' ],
135 silly audit   y18n: [ '4.0.3' ],
135 silly audit   yallist: [ '3.1.1' ],
135 silly audit   yargs: [ '15.4.1' ],
135 silly audit   'yargs-parser': [ '18.1.3' ],
135 silly audit   'yocto-queue': [ '0.1.0' ],
135 silly audit   zod: [ '4.3.6' ],
135 silly audit   'zod-validation-error': [ '4.0.2' ],
135 silly audit   zustand: [ '5.0.10' ],
135 silly audit   docx: [ '9.6.1' ],
135 silly audit   '@types/node': [ '25.9.1' ],
135 silly audit   'hash.js': [ '1.1.7' ],
135 silly audit   jszip: [ '3.10.1' ],
135 silly audit   xml: [ '1.0.1' ],
135 silly audit   'xml-js': [ '1.6.11' ],
135 silly audit   'undici-types': [ '7.24.6' ],
135 silly audit   inherits: [ '2.0.4' ],
135 silly audit   'minimalistic-assert': [ '1.0.1' ],
135 silly audit   lie: [ '3.3.0' ],
135 silly audit   'readable-stream': [ '2.3.8' ],
135 silly audit   setimmediate: [ '1.0.5' ],
135 silly audit   immediate: [ '3.0.6' ],
135 silly audit   'core-util-is': [ '1.0.3' ],
135 silly audit   'process-nextick-args': [ '2.0.1' ],
135 silly audit   string_decoder: [ '1.1.1' ],
135 silly audit   'util-deprecate': [ '1.0.2' ],
135 silly audit   sax: [ '1.6.0' ],
135 silly audit   '@tailwindcss/oxide-wasm32-wasi': [ '4.1.18' ]
135 silly audit }
136 verbose reify failed optional dependency /Users/admin/Desktop/dự án/mttqvn/node_modules/lightningcss-win32-x64-msvc
137 silly reify mark deleted [
137 silly reify   '/Users/admin/Desktop/dự án/mttqvn/node_modules/lightningcss-win32-x64-msvc'
137 silly reify ]
138 verbose reify failed optional dependency /Users/admin/Desktop/dự án/mttqvn/node_modules/lightningcss-win32-arm64-msvc
139 silly reify mark deleted [
139 silly reify   '/Users/admin/Desktop/dự án/mttqvn/node_modules/lightningcss-win32-arm64-msvc'
139 silly reify ]
140 verbose reify failed optional dependency /Users/admin/Desktop/dự án/mttqvn/node_modules/lightningcss-linux-x64-musl
141 silly reify mark deleted [
141 silly reify   '/Users/admin/Desktop/dự án/mttqvn/node_modules/lightningcss-linux-x64-musl'
141 silly reify ]
142 verbose reify failed optional dependency /Users/admin/Desktop/dự án/mttqvn/node_modules/lightningcss-linux-x64-gnu
143 silly reify mark deleted [
143 silly reify   '/Users/admin/Desktop/dự án/mttqvn/node_modules/lightningcss-linux-x64-gnu'
143 silly reify ]
144 verbose reify failed optional dependency /Users/admin/Desktop/dự án/mttqvn/node_modules/lightningcss-linux-arm64-musl
145 silly reify mark deleted [
145 silly reify   '/Users/admin/Desktop/dự án/mttqvn/node_modules/lightningcss-linux-arm64-musl'
145 silly reify ]
146 verbose reify failed optional dependency /Users/admin/Desktop/dự án/mttqvn/node_modules/lightningcss-linux-arm64-gnu
147 silly reify mark deleted [
147 silly reify   '/Users/admin/Desktop/dự án/mttqvn/node_modules/lightningcss-linux-arm64-gnu'
147 silly reify ]
148 verbose reify failed optional dependency /Users/admin/Desktop/dự án/mttqvn/node_modules/lightningcss-linux-arm-gnueabihf
149 silly reify mark deleted [
149 silly reify   '/Users/admin/Desktop/dự án/mttqvn/node_modules/lightningcss-linux-arm-gnueabihf'
149 silly reify ]
150 verbose reify failed optional dependency /Users/admin/Desktop/dự án/mttqvn/node_modules/lightningcss-freebsd-x64
151 silly reify mark deleted [
151 silly reify   '/Users/admin/Desktop/dự án/mttqvn/node_modules/lightningcss-freebsd-x64'
151 silly reify ]
152 verbose reify failed optional dependency /Users/admin/Desktop/dự án/mttqvn/node_modules/lightningcss-darwin-arm64
153 silly reify mark deleted [
153 silly reify   '/Users/admin/Desktop/dự án/mttqvn/node_modules/lightningcss-darwin-arm64'
153 silly reify ]
154 verbose reify failed optional dependency /Users/admin/Desktop/dự án/mttqvn/node_modules/lightningcss-android-arm64
155 silly reify mark deleted [
155 silly reify   '/Users/admin/Desktop/dự án/mttqvn/node_modules/lightningcss-android-arm64'
155 silly reify ]
156 verbose reify failed optional dependency /Users/admin/Desktop/dự án/mttqvn/node_modules/@tailwindcss/oxide-win32-x64-msvc
157 silly reify mark deleted [
157 silly reify   '/Users/admin/Desktop/dự án/mttqvn/node_modules/@tailwindcss/oxide-win32-x64-msvc'
157 silly reify ]
158 verbose reify failed optional dependency /Users/admin/Desktop/dự án/mttqvn/node_modules/@tailwindcss/oxide-win32-arm64-msvc
159 silly reify mark deleted [
159 silly reify   '/Users/admin/Desktop/dự án/mttqvn/node_modules/@tailwindcss/oxide-win32-arm64-msvc'
159 silly reify ]
160 verbose reify failed optional dependency /Users/admin/Desktop/dự án/mttqvn/node_modules/@tailwindcss/oxide-linux-x64-musl
161 silly reify mark deleted [
161 silly reify   '/Users/admin/Desktop/dự án/mttqvn/node_modules/@tailwindcss/oxide-linux-x64-musl'
161 silly reify ]
162 verbose reify failed optional dependency /Users/admin/Desktop/dự án/mttqvn/node_modules/@tailwindcss/oxide-linux-x64-gnu
163 silly reify mark deleted [
163 silly reify   '/Users/admin/Desktop/dự án/mttqvn/node_modules/@tailwindcss/oxide-linux-x64-gnu'
163 silly reify ]
164 verbose reify failed optional dependency /Users/admin/Desktop/dự án/mttqvn/node_modules/@tailwindcss/oxide-linux-arm64-musl
165 silly reify mark deleted [
165 silly reify   '/Users/admin/Desktop/dự án/mttqvn/node_modules/@tailwindcss/oxide-linux-arm64-musl'
165 silly reify ]
166 verbose reify failed optional dependency /Users/admin/Desktop/dự án/mttqvn/node_modules/@tailwindcss/oxide-linux-arm64-gnu
167 silly reify mark deleted [
167 silly reify   '/Users/admin/Desktop/dự án/mttqvn/node_modules/@tailwindcss/oxide-linux-arm64-gnu'
167 silly reify ]
168 verbose reify failed optional dependency /Users/admin/Desktop/dự án/mttqvn/node_modules/@tailwindcss/oxide-linux-arm-gnueabihf
169 silly reify mark deleted [
169 silly reify   '/Users/admin/Desktop/dự án/mttqvn/node_modules/@tailwindcss/oxide-linux-arm-gnueabihf'
169 silly reify ]
170 verbose reify failed optional dependency /Users/admin/Desktop/dự án/mttqvn/node_modules/@tailwindcss/oxide-freebsd-x64
171 silly reify mark deleted [
171 silly reify   '/Users/admin/Desktop/dự án/mttqvn/node_modules/@tailwindcss/oxide-freebsd-x64'
171 silly reify ]
172 verbose reify failed optional dependency /Users/admin/Desktop/dự án/mttqvn/node_modules/@tailwindcss/oxide-darwin-arm64
173 silly reify mark deleted [
173 silly reify   '/Users/admin/Desktop/dự án/mttqvn/node_modules/@tailwindcss/oxide-darwin-arm64'
173 silly reify ]
174 verbose reify failed optional dependency /Users/admin/Desktop/dự án/mttqvn/node_modules/@tailwindcss/oxide-android-arm64
175 silly reify mark deleted [
175 silly reify   '/Users/admin/Desktop/dự án/mttqvn/node_modules/@tailwindcss/oxide-android-arm64'
175 silly reify ]
176 verbose reify failed optional dependency /Users/admin/Desktop/dự án/mttqvn/node_modules/@rollup/rollup-win32-x64-msvc
177 silly reify mark deleted [
177 silly reify   '/Users/admin/Desktop/dự án/mttqvn/node_modules/@rollup/rollup-win32-x64-msvc'
177 silly reify ]
178 verbose reify failed optional dependency /Users/admin/Desktop/dự án/mttqvn/node_modules/@rollup/rollup-win32-x64-gnu
179 silly reify mark deleted [
179 silly reify   '/Users/admin/Desktop/dự án/mttqvn/node_modules/@rollup/rollup-win32-x64-gnu'
179 silly reify ]
180 verbose reify failed optional dependency /Users/admin/Desktop/dự án/mttqvn/node_modules/@rollup/rollup-win32-ia32-msvc
181 silly reify mark deleted [
181 silly reify   '/Users/admin/Desktop/dự án/mttqvn/node_modules/@rollup/rollup-win32-ia32-msvc'
181 silly reify ]
182 verbose reify failed optional dependency /Users/admin/Desktop/dự án/mttqvn/node_modules/@rollup/rollup-win32-arm64-msvc
183 silly reify mark deleted [
183 silly reify   '/Users/admin/Desktop/dự án/mttqvn/node_modules/@rollup/rollup-win32-arm64-msvc'
183 silly reify ]
184 verbose reify failed optional dependency /Users/admin/Desktop/dự án/mttqvn/node_modules/@rollup/rollup-openharmony-arm64
185 silly reify mark deleted [
185 silly reify   '/Users/admin/Desktop/dự án/mttqvn/node_modules/@rollup/rollup-openharmony-arm64'
185 silly reify ]
186 verbose reify failed optional dependency /Users/admin/Desktop/dự án/mttqvn/node_modules/@rollup/rollup-openbsd-x64
187 silly reify mark deleted [
187 silly reify   '/Users/admin/Desktop/dự án/mttqvn/node_modules/@rollup/rollup-openbsd-x64'
187 silly reify ]
188 verbose reify failed optional dependency /Users/admin/Desktop/dự án/mttqvn/node_modules/@rollup/rollup-linux-x64-musl
189 silly reify mark deleted [
189 silly reify   '/Users/admin/Desktop/dự án/mttqvn/node_modules/@rollup/rollup-linux-x64-musl'
189 silly reify ]
190 verbose reify failed optional dependency /Users/admin/Desktop/dự án/mttqvn/node_modules/@rollup/rollup-linux-x64-gnu
191 silly reify mark deleted [
191 silly reify   '/Users/admin/Desktop/dự án/mttqvn/node_modules/@rollup/rollup-linux-x64-gnu'
191 silly reify ]
192 verbose reify failed optional dependency /Users/admin/Desktop/dự án/mttqvn/node_modules/@rollup/rollup-linux-s390x-gnu
193 silly reify mark deleted [
193 silly reify   '/Users/admin/Desktop/dự án/mttqvn/node_modules/@rollup/rollup-linux-s390x-gnu'
193 silly reify ]
194 verbose reify failed optional dependency /Users/admin/Desktop/dự án/mttqvn/node_modules/@rollup/rollup-linux-riscv64-musl
195 silly reify mark deleted [
195 silly reify   '/Users/admin/Desktop/dự án/mttqvn/node_modules/@rollup/rollup-linux-riscv64-musl'
195 silly reify ]
196 verbose reify failed optional dependency /Users/admin/Desktop/dự án/mttqvn/node_modules/@rollup/rollup-linux-riscv64-gnu
197 silly reify mark deleted [
197 silly reify   '/Users/admin/Desktop/dự án/mttqvn/node_modules/@rollup/rollup-linux-riscv64-gnu'
197 silly reify ]
198 verbose reify failed optional dependency /Users/admin/Desktop/dự án/mttqvn/node_modules/@rollup/rollup-linux-ppc64-musl
199 silly reify mark deleted [
199 silly reify   '/Users/admin/Desktop/dự án/mttqvn/node_modules/@rollup/rollup-linux-ppc64-musl'
199 silly reify ]
200 verbose reify failed optional dependency /Users/admin/Desktop/dự án/mttqvn/node_modules/@rollup/rollup-linux-ppc64-gnu
201 silly reify mark deleted [
201 silly reify   '/Users/admin/Desktop/dự án/mttqvn/node_modules/@rollup/rollup-linux-ppc64-gnu'
201 silly reify ]
202 verbose reify failed optional dependency /Users/admin/Desktop/dự án/mttqvn/node_modules/@rollup/rollup-linux-loong64-musl
203 silly reify mark deleted [
203 silly reify   '/Users/admin/Desktop/dự án/mttqvn/node_modules/@rollup/rollup-linux-loong64-musl'
203 silly reify ]
204 verbose reify failed optional dependency /Users/admin/Desktop/dự án/mttqvn/node_modules/@rollup/rollup-linux-loong64-gnu
205 silly reify mark deleted [
205 silly reify   '/Users/admin/Desktop/dự án/mttqvn/node_modules/@rollup/rollup-linux-loong64-gnu'
205 silly reify ]
206 verbose reify failed optional dependency /Users/admin/Desktop/dự án/mttqvn/node_modules/@rollup/rollup-linux-arm64-musl
207 silly reify mark deleted [
207 silly reify   '/Users/admin/Desktop/dự án/mttqvn/node_modules/@rollup/rollup-linux-arm64-musl'
207 silly reify ]
208 verbose reify failed optional dependency /Users/admin/Desktop/dự án/mttqvn/node_modules/@rollup/rollup-linux-arm64-gnu
209 silly reify mark deleted [
209 silly reify   '/Users/admin/Desktop/dự án/mttqvn/node_modules/@rollup/rollup-linux-arm64-gnu'
209 silly reify ]
210 verbose reify failed optional dependency /Users/admin/Desktop/dự án/mttqvn/node_modules/@rollup/rollup-linux-arm-musleabihf
211 silly reify mark deleted [
211 silly reify   '/Users/admin/Desktop/dự án/mttqvn/node_modules/@rollup/rollup-linux-arm-musleabihf'
211 silly reify ]
212 verbose reify failed optional dependency /Users/admin/Desktop/dự án/mttqvn/node_modules/@rollup/rollup-linux-arm-gnueabihf
213 silly reify mark deleted [
213 silly reify   '/Users/admin/Desktop/dự án/mttqvn/node_modules/@rollup/rollup-linux-arm-gnueabihf'
213 silly reify ]
214 verbose reify failed optional dependency /Users/admin/Desktop/dự án/mttqvn/node_modules/@rollup/rollup-freebsd-x64
215 silly reify mark deleted [
215 silly reify   '/Users/admin/Desktop/dự án/mttqvn/node_modules/@rollup/rollup-freebsd-x64'
215 silly reify ]
216 verbose reify failed optional dependency /Users/admin/Desktop/dự án/mttqvn/node_modules/@rollup/rollup-freebsd-arm64
217 silly reify mark deleted [
217 silly reify   '/Users/admin/Desktop/dự án/mttqvn/node_modules/@rollup/rollup-freebsd-arm64'
217 silly reify ]
218 verbose reify failed optional dependency /Users/admin/Desktop/dự án/mttqvn/node_modules/@rollup/rollup-darwin-arm64
219 silly reify mark deleted [
219 silly reify   '/Users/admin/Desktop/dự án/mttqvn/node_modules/@rollup/rollup-darwin-arm64'
219 silly reify ]
220 verbose reify failed optional dependency /Users/admin/Desktop/dự án/mttqvn/node_modules/@rollup/rollup-android-arm64
221 silly reify mark deleted [
221 silly reify   '/Users/admin/Desktop/dự án/mttqvn/node_modules/@rollup/rollup-android-arm64'
221 silly reify ]
222 verbose reify failed optional dependency /Users/admin/Desktop/dự án/mttqvn/node_modules/@rollup/rollup-android-arm-eabi
223 silly reify mark deleted [
223 silly reify   '/Users/admin/Desktop/dự án/mttqvn/node_modules/@rollup/rollup-android-arm-eabi'
223 silly reify ]
224 verbose reify failed optional dependency /Users/admin/Desktop/dự án/mttqvn/node_modules/@esbuild/win32-x64
225 silly reify mark deleted [
225 silly reify   '/Users/admin/Desktop/dự án/mttqvn/node_modules/@esbuild/win32-x64'
225 silly reify ]
226 verbose reify failed optional dependency /Users/admin/Desktop/dự án/mttqvn/node_modules/@esbuild/win32-ia32
227 silly reify mark deleted [
227 silly reify   '/Users/admin/Desktop/dự án/mttqvn/node_modules/@esbuild/win32-ia32'
227 silly reify ]
228 verbose reify failed optional dependency /Users/admin/Desktop/dự án/mttqvn/node_modules/@esbuild/win32-arm64
229 silly reify mark deleted [
229 silly reify   '/Users/admin/Desktop/dự án/mttqvn/node_modules/@esbuild/win32-arm64'
229 silly reify ]
230 verbose reify failed optional dependency /Users/admin/Desktop/dự án/mttqvn/node_modules/@esbuild/sunos-x64
231 silly reify mark deleted [
231 silly reify   '/Users/admin/Desktop/dự án/mttqvn/node_modules/@esbuild/sunos-x64'
231 silly reify ]
232 verbose reify failed optional dependency /Users/admin/Desktop/dự án/mttqvn/node_modules/@esbuild/openharmony-arm64
233 silly reify mark deleted [
233 silly reify   '/Users/admin/Desktop/dự án/mttqvn/node_modules/@esbuild/openharmony-arm64'
233 silly reify ]
234 verbose reify failed optional dependency /Users/admin/Desktop/dự án/mttqvn/node_modules/@esbuild/openbsd-x64
235 silly reify mark deleted [
235 silly reify   '/Users/admin/Desktop/dự án/mttqvn/node_modules/@esbuild/openbsd-x64'
235 silly reify ]
236 verbose reify failed optional dependency /Users/admin/Desktop/dự án/mttqvn/node_modules/@esbuild/openbsd-arm64
237 silly reify mark deleted [
237 silly reify   '/Users/admin/Desktop/dự án/mttqvn/node_modules/@esbuild/openbsd-arm64'
237 silly reify ]
238 verbose reify failed optional dependency /Users/admin/Desktop/dự án/mttqvn/node_modules/@esbuild/netbsd-x64
239 silly reify mark deleted [
239 silly reify   '/Users/admin/Desktop/dự án/mttqvn/node_modules/@esbuild/netbsd-x64'
239 silly reify ]
240 verbose reify failed optional dependency /Users/admin/Desktop/dự án/mttqvn/node_modules/@esbuild/netbsd-arm64
241 silly reify mark deleted [
241 silly reify   '/Users/admin/Desktop/dự án/mttqvn/node_modules/@esbuild/netbsd-arm64'
241 silly reify ]
242 verbose reify failed optional dependency /Users/admin/Desktop/dự án/mttqvn/node_modules/@esbuild/linux-x64
243 silly reify mark deleted [
243 silly reify   '/Users/admin/Desktop/dự án/mttqvn/node_modules/@esbuild/linux-x64'
243 silly reify ]
244 verbose reify failed optional dependency /Users/admin/Desktop/dự án/mttqvn/node_modules/@esbuild/linux-s390x
245 silly reify mark deleted [
245 silly reify   '/Users/admin/Desktop/dự án/mttqvn/node_modules/@esbuild/linux-s390x'
245 silly reify ]
246 verbose reify failed optional dependency /Users/admin/Desktop/dự án/mttqvn/node_modules/@esbuild/linux-riscv64
247 silly reify mark deleted [
247 silly reify   '/Users/admin/Desktop/dự án/mttqvn/node_modules/@esbuild/linux-riscv64'
247 silly reify ]
248 verbose reify failed optional dependency /Users/admin/Desktop/dự án/mttqvn/node_modules/@esbuild/linux-ppc64
249 silly reify mark deleted [
249 silly reify   '/Users/admin/Desktop/dự án/mttqvn/node_modules/@esbuild/linux-ppc64'
249 silly reify ]
250 verbose reify failed optional dependency /Users/admin/Desktop/dự án/mttqvn/node_modules/@esbuild/linux-mips64el
251 silly reify mark deleted [
251 silly reify   '/Users/admin/Desktop/dự án/mttqvn/node_modules/@esbuild/linux-mips64el'
251 silly reify ]
252 verbose reify failed optional dependency /Users/admin/Desktop/dự án/mttqvn/node_modules/@esbuild/linux-loong64
253 silly reify mark deleted [
253 silly reify   '/Users/admin/Desktop/dự án/mttqvn/node_modules/@esbuild/linux-loong64'
253 silly reify ]
254 verbose reify failed optional dependency /Users/admin/Desktop/dự án/mttqvn/node_modules/@esbuild/linux-ia32
255 silly reify mark deleted [
255 silly reify   '/Users/admin/Desktop/dự án/mttqvn/node_modules/@esbuild/linux-ia32'
255 silly reify ]
256 verbose reify failed optional dependency /Users/admin/Desktop/dự án/mttqvn/node_modules/@esbuild/linux-arm64
257 silly reify mark deleted [
257 silly reify   '/Users/admin/Desktop/dự án/mttqvn/node_modules/@esbuild/linux-arm64'
257 silly reify ]
258 verbose reify failed optional dependency /Users/admin/Desktop/dự án/mttqvn/node_modules/@esbuild/linux-arm
259 silly reify mark deleted [
259 silly reify   '/Users/admin/Desktop/dự án/mttqvn/node_modules/@esbuild/linux-arm'
259 silly reify ]
260 verbose reify failed optional dependency /Users/admin/Desktop/dự án/mttqvn/node_modules/@esbuild/freebsd-x64
261 silly reify mark deleted [
261 silly reify   '/Users/admin/Desktop/dự án/mttqvn/node_modules/@esbuild/freebsd-x64'
261 silly reify ]
262 verbose reify failed optional dependency /Users/admin/Desktop/dự án/mttqvn/node_modules/@esbuild/freebsd-arm64
263 silly reify mark deleted [
263 silly reify   '/Users/admin/Desktop/dự án/mttqvn/node_modules/@esbuild/freebsd-arm64'
263 silly reify ]
264 verbose reify failed optional dependency /Users/admin/Desktop/dự án/mttqvn/node_modules/@esbuild/darwin-arm64
265 silly reify mark deleted [
265 silly reify   '/Users/admin/Desktop/dự án/mttqvn/node_modules/@esbuild/darwin-arm64'
265 silly reify ]
266 verbose reify failed optional dependency /Users/admin/Desktop/dự án/mttqvn/node_modules/@esbuild/android-x64
267 silly reify mark deleted [
267 silly reify   '/Users/admin/Desktop/dự án/mttqvn/node_modules/@esbuild/android-x64'
267 silly reify ]
268 verbose reify failed optional dependency /Users/admin/Desktop/dự án/mttqvn/node_modules/@esbuild/android-arm64
269 silly reify mark deleted [
269 silly reify   '/Users/admin/Desktop/dự án/mttqvn/node_modules/@esbuild/android-arm64'
269 silly reify ]
270 verbose reify failed optional dependency /Users/admin/Desktop/dự án/mttqvn/node_modules/@esbuild/android-arm
271 silly reify mark deleted [
271 silly reify   '/Users/admin/Desktop/dự án/mttqvn/node_modules/@esbuild/android-arm'
271 silly reify ]
272 verbose reify failed optional dependency /Users/admin/Desktop/dự án/mttqvn/node_modules/@esbuild/aix-ppc64
273 silly reify mark deleted [
273 silly reify   '/Users/admin/Desktop/dự án/mttqvn/node_modules/@esbuild/aix-ppc64'
273 silly reify ]
274 http cache util-deprecate@https://registry.npmjs.org/util-deprecate/-/util-deprecate-1.0.2.tgz 0ms (cache hit)
275 http cache string_decoder@https://registry.npmjs.org/string_decoder/-/string_decoder-1.1.1.tgz 0ms (cache hit)
276 http cache process-nextick-args@https://registry.npmjs.org/process-nextick-args/-/process-nextick-args-2.0.1.tgz 0ms (cache hit)
277 http cache immediate@https://registry.npmjs.org/immediate/-/immediate-3.0.6.tgz 0ms (cache hit)
278 http cache setimmediate@https://registry.npmjs.org/setimmediate/-/setimmediate-1.0.5.tgz 0ms (cache hit)
279 http cache sax@https://registry.npmjs.org/sax/-/sax-1.6.0.tgz 0ms (cache hit)
280 http cache core-util-is@https://registry.npmjs.org/core-util-is/-/core-util-is-1.0.3.tgz 0ms (cache hit)
281 http cache readable-stream@https://registry.npmjs.org/readable-stream/-/readable-stream-2.3.8.tgz 0ms (cache hit)
282 http cache lie@https://registry.npmjs.org/lie/-/lie-3.3.0.tgz 0ms (cache hit)
283 http cache inherits@https://registry.npmjs.org/inherits/-/inherits-2.0.4.tgz 0ms (cache hit)
284 http cache minimalistic-assert@https://registry.npmjs.org/minimalistic-assert/-/minimalistic-assert-1.0.1.tgz 0ms (cache hit)
285 http cache xml-js@https://registry.npmjs.org/xml-js/-/xml-js-1.6.11.tgz 0ms (cache hit)
286 http cache jszip@https://registry.npmjs.org/jszip/-/jszip-3.10.1.tgz 0ms (cache hit)
287 http cache xml@https://registry.npmjs.org/xml/-/xml-1.0.1.tgz 0ms (cache hit)
288 http cache docx@https://registry.npmjs.org/docx/-/docx-9.6.1.tgz 0ms (cache hit)
289 http cache hash.js@https://registry.npmjs.org/hash.js/-/hash.js-1.1.7.tgz 0ms (cache hit)
290 http cache undici-types@https://registry.npmjs.org/undici-types/-/undici-types-7.24.6.tgz 0ms (cache hit)
291 http cache @types/node@https://registry.npmjs.org/@types/node/-/node-25.9.1.tgz 0ms (cache hit)
292 http cache safe-buffer@https://registry.npmjs.org/safe-buffer/-/safe-buffer-5.1.2.tgz 0ms (cache hit)
293 http cache safe-buffer@https://registry.npmjs.org/safe-buffer/-/safe-buffer-5.1.2.tgz 0ms (cache hit)
294 http cache pako@https://registry.npmjs.org/pako/-/pako-1.0.11.tgz 0ms (cache hit)
295 silly tarball no local data for util-deprecate@https://registry.npmjs.org/util-deprecate/-/util-deprecate-1.0.2.tgz. Extracting by manifest.
296 silly tarball no local data for string_decoder@https://registry.npmjs.org/string_decoder/-/string_decoder-1.1.1.tgz. Extracting by manifest.
297 silly tarball no local data for process-nextick-args@https://registry.npmjs.org/process-nextick-args/-/process-nextick-args-2.0.1.tgz. Extracting by manifest.
298 silly tarball no local data for immediate@https://registry.npmjs.org/immediate/-/immediate-3.0.6.tgz. Extracting by manifest.
299 http cache nanoid@https://registry.npmjs.org/nanoid/-/nanoid-5.1.11.tgz 0ms (cache hit)
300 http cache isarray@https://registry.npmjs.org/isarray/-/isarray-1.0.0.tgz 0ms (cache hit)
301 silly tarball no local data for setimmediate@https://registry.npmjs.org/setimmediate/-/setimmediate-1.0.5.tgz. Extracting by manifest.
302 silly tarball no local data for core-util-is@https://registry.npmjs.org/core-util-is/-/core-util-is-1.0.3.tgz. Extracting by manifest.
303 silly tarball no local data for readable-stream@https://registry.npmjs.org/readable-stream/-/readable-stream-2.3.8.tgz. Extracting by manifest.
304 silly tarball no local data for sax@https://registry.npmjs.org/sax/-/sax-1.6.0.tgz. Extracting by manifest.
305 silly tarball no local data for lie@https://registry.npmjs.org/lie/-/lie-3.3.0.tgz. Extracting by manifest.
306 silly tarball no local data for inherits@https://registry.npmjs.org/inherits/-/inherits-2.0.4.tgz. Extracting by manifest.
307 silly tarball no local data for minimalistic-assert@https://registry.npmjs.org/minimalistic-assert/-/minimalistic-assert-1.0.1.tgz. Extracting by manifest.
308 silly tarball no local data for xml-js@https://registry.npmjs.org/xml-js/-/xml-js-1.6.11.tgz. Extracting by manifest.
309 silly tarball no local data for jszip@https://registry.npmjs.org/jszip/-/jszip-3.10.1.tgz. Extracting by manifest.
310 silly tarball no local data for xml@https://registry.npmjs.org/xml/-/xml-1.0.1.tgz. Extracting by manifest.
311 silly tarball no local data for docx@https://registry.npmjs.org/docx/-/docx-9.6.1.tgz. Extracting by manifest.
312 silly tarball no local data for hash.js@https://registry.npmjs.org/hash.js/-/hash.js-1.1.7.tgz. Extracting by manifest.
313 silly tarball no local data for undici-types@https://registry.npmjs.org/undici-types/-/undici-types-7.24.6.tgz. Extracting by manifest.
314 silly tarball no local data for @types/node@https://registry.npmjs.org/@types/node/-/node-25.9.1.tgz. Extracting by manifest.
315 silly tarball no local data for safe-buffer@https://registry.npmjs.org/safe-buffer/-/safe-buffer-5.1.2.tgz. Extracting by manifest.
316 silly tarball no local data for safe-buffer@https://registry.npmjs.org/safe-buffer/-/safe-buffer-5.1.2.tgz. Extracting by manifest.
317 silly tarball no local data for pako@https://registry.npmjs.org/pako/-/pako-1.0.11.tgz. Extracting by manifest.
318 silly tarball no local data for nanoid@https://registry.npmjs.org/nanoid/-/nanoid-5.1.11.tgz. Extracting by manifest.
319 silly tarball no local data for isarray@https://registry.npmjs.org/isarray/-/isarray-1.0.0.tgz. Extracting by manifest.
320 http fetch POST 200 https://registry.npmjs.org/-/npm/v1/security/advisories/bulk 448ms
321 silly audit report {
321 silly audit report   '@babel/plugin-transform-modules-systemjs': [
321 silly audit report     {
321 silly audit report       id: 1117908,
321 silly audit report       url: 'https://github.com/advisories/GHSA-fv7c-fp4j-7gwp',
321 silly audit report       title: '@babel/plugin-transform-modules-systemjs generates arbitrary code when compiling malicious input',
321 silly audit report       severity: 'high',
321 silly audit report       vulnerable_versions: '>=7.12.0 <=7.29.3',
321 silly audit report       cwe: [Array],
321 silly audit report       cvss: [Object]
321 silly audit report     }
321 silly audit report   ],
321 silly audit report   ajv: [
321 silly audit report     {
321 silly audit report       id: 1113715,
321 silly audit report       url: 'https://github.com/advisories/GHSA-2g4f-4pwh-qvx6',
321 silly audit report       title: 'ajv has ReDoS when using `$data` option',
321 silly audit report       severity: 'moderate',
321 silly audit report       vulnerable_versions: '>=7.0.0-alpha.0 <8.18.0',
321 silly audit report       cwe: [Array],
321 silly audit report       cvss: [Object]
321 silly audit report     }
321 silly audit report   ],
321 silly audit report   'brace-expansion': [
321 silly audit report     {
321 silly audit report       id: 1119088,
321 silly audit report       url: 'https://github.com/advisories/GHSA-jxxr-4gwj-5jf2',
321 silly audit report       title: 'brace-expansion: Large numeric range defeats documented `max` DoS protection',
321 silly audit report       severity: 'moderate',
321 silly audit report       vulnerable_versions: '>=5.0.0 <5.0.6',
321 silly audit report       cwe: [Array],
321 silly audit report       cvss: [Object]
321 silly audit report     },
321 silly audit report     {
321 silly audit report       id: 1115541,
321 silly audit report       url: 'https://github.com/advisories/GHSA-f886-m6hf-6m8v',
321 silly audit report       title: 'brace-expansion: Zero-step sequence causes process hang and memory exhaustion',
321 silly audit report       severity: 'moderate',
321 silly audit report       vulnerable_versions: '>=2.0.0 <2.0.3',
321 silly audit report       cwe: [Array],
321 silly audit report       cvss: [Object]
321 silly audit report     },
321 silly audit report     {
321 silly audit report       id: 1115543,
321 silly audit report       url: 'https://github.com/advisories/GHSA-f886-m6hf-6m8v',
321 silly audit report       title: 'brace-expansion: Zero-step sequence causes process hang and memory exhaustion',
321 silly audit report       severity: 'moderate',
321 silly audit report       vulnerable_versions: '>=4.0.0 <5.0.5',
321 silly audit report       cwe: [Array],
321 silly audit report       cvss: [Object]
321 silly audit report     }
321 silly audit report   ],
321 silly audit report   minimatch: [
321 silly audit report     {
321 silly audit report       id: 1113461,
321 silly audit report       url: 'https://github.com/advisories/GHSA-3ppc-4f35-3m26',
321 silly audit report       title: 'minimatch has a ReDoS via repeated wildcards with non-matching literal in pattern',
321 silly audit report       severity: 'high',
321 silly audit report       vulnerable_versions: '>=5.0.0 <5.1.7',
321 silly audit report       cwe: [Array],
321 silly audit report       cvss: [Object]
321 silly audit report     },
321 silly audit report     {
321 silly audit report       id: 1113466,
321 silly audit report       url: 'https://github.com/advisories/GHSA-3ppc-4f35-3m26',
321 silly audit report       title: 'minimatch has a ReDoS via repeated wildcards with non-matching literal in pattern',
321 silly audit report       severity: 'high',
321 silly audit report       vulnerable_versions: '>=10.0.0 <10.2.1',
321 silly audit report       cwe: [Array],
321 silly audit report       cvss: [Object]
321 silly audit report     },
321 silly audit report     {
321 silly audit report       id: 1113540,
321 silly audit report       url: 'https://github.com/advisories/GHSA-7r86-cg39-jmmj',
321 silly audit report       title: 'minimatch has ReDoS: matchOne() combinatorial backtracking via multiple non-adjacent GLOBSTAR segments',
321 silly audit report       severity: 'high',
321 silly audit report       vulnerable_versions: '>=5.0.0 <5.1.8',
321 silly audit report       cwe: [Array],
321 silly audit report       cvss: [Object]
321 silly audit report     },
321 silly audit report     {
321 silly audit report       id: 1113545,
321 silly audit report       url: 'https://github.com/advisories/GHSA-7r86-cg39-jmmj',
321 silly audit report       title: 'minimatch has ReDoS: matchOne() combinatorial backtracking via multiple non-adjacent GLOBSTAR segments',
321 silly audit report       severity: 'high',
321 silly audit report       vulnerable_versions: '>=10.0.0 <10.2.3',
321 silly audit report       cwe: [Array],
321 silly audit report       cvss: [Object]
321 silly audit report     },
321 silly audit report     {
321 silly audit report       id: 1113548,
321 silly audit report       url: 'https://github.com/advisories/GHSA-23c5-xmqv-rm74',
321 silly audit report       title: 'minimatch ReDoS: nested *() extglobs generate catastrophically backtracking regular expressions',
321 silly audit report       severity: 'high',
321 silly audit report       vulnerable_versions: '>=5.0.0 <5.1.8',
321 silly audit report       cwe: [Array],
321 silly audit report       cvss: [Object]
321 silly audit report     },
321 silly audit report     {
321 silly audit report       id: 1113553,
321 silly audit report       url: 'https://github.com/advisories/GHSA-23c5-xmqv-rm74',
321 silly audit report       title: 'minimatch ReDoS: nested *() extglobs generate catastrophically backtracking regular expressions',
321 silly audit report       severity: 'high',
321 silly audit report       vulnerable_versions: '>=10.0.0 <10.2.3',
321 silly audit report       cwe: [Array],
321 silly audit report       cvss: [Object]
321 silly audit report     }
321 silly audit report   ],
321 silly audit report   axios: [
321 silly audit report     {
321 silly audit report       id: 1111034,
321 silly audit report       url: 'https://github.com/advisories/GHSA-jr5f-v2jv-69x6',
321 silly audit report       title: 'axios Requests Vulnerable To Possible SSRF and Credential Leakage via Absolute URL',
321 silly audit report       severity: 'high',
321 silly audit report       vulnerable_versions: '<0.30.0',
321 silly audit report       cwe: [Array],
321 silly audit report       cvss: [Object]
321 silly audit report     },
321 silly audit report     {
321 silly audit report       id: 1119403,
321 silly audit report       url: 'https://github.com/advisories/GHSA-fvcv-3m26-pcqx',
321 silly audit report       title: 'Axios has Unrestricted Cloud Metadata Exfiltration via Header Injection Chain',
321 silly audit report       severity: 'moderate',
321 silly audit report       vulnerable_versions: '<0.31.0',
321 silly audit report       cwe: [Array],
321 silly audit report       cvss: [Object]
321 silly audit report     },
321 silly audit report     {
321 silly audit report       id: 1116672,
321 silly audit report       url: 'https://github.com/advisories/GHSA-3p68-rc4w-qgx5',
321 silly audit report       title: 'Axios has a NO_PROXY Hostname Normalization Bypass that Leads to SSRF',
321 silly audit report       severity: 'moderate',
321 silly audit report       vulnerable_versions: '<0.31.0',
321 silly audit report       cwe: [Array],
321 silly audit report       cvss: [Object]
321 silly audit report     },
321 silly audit report     {
321 silly audit report       id: 1117573,
321 silly audit report       url: 'https://github.com/advisories/GHSA-w9j2-pvgh-6h63',
321 silly audit report       title: 'Axios: Authentication Bypass via Prototype Pollution Gadget in `validateStatus` Merge Strategy',
321 silly audit report       severity: 'moderate',
321 silly audit report       vulnerable_versions: '<=0.31.0',
321 silly audit report       cwe: [Array],
321 silly audit report       cvss: [Object]
321 silly audit report     },
321 silly audit report     {
321 silly audit report       id: 1117575,
321 silly audit report       url: 'https://github.com/advisories/GHSA-pmwg-cvhr-8vh7',
321 silly audit report       title: 'Axios: Incomplete Fix for CVE-2025-62718 — NO_PROXY Protection Bypassed via RFC 1122 Loopback Subnet (127.0.0.0/8) in Axios 1.15.0',
321 silly audit report       severity: 'high',
321 silly audit report       vulnerable_versions: '<=0.31.0',
321 silly audit report       cwe: [Array],
321 silly audit report       cvss: [Object]
321 silly audit report     },
321 silly audit report     {
321 silly audit report       id: 1117579,
321 silly audit report       url: 'https://github.com/advisories/GHSA-xhjh-pmcv-23jw',
321 silly audit report       title: 'Axios: Null Byte Injection via Reverse-Encoding in AxiosURLSearchParams',
321 silly audit report       severity: 'low',
321 silly audit report       vulnerable_versions: '<=0.31.0',
321 silly audit report       cwe: [Array],
321 silly audit report       cvss: [Object]
321 silly audit report     },
321 silly audit report     {
321 silly audit report       id: 1117582,
321 silly audit report       url: 'https://github.com/advisories/GHSA-m7pr-hjqh-92cm',
321 silly audit report       title: 'Axios: no_proxy bypass via IP alias allows SSRF',
321 silly audit report       severity: 'moderate',
321 silly audit report       vulnerable_versions: '<=0.31.0',
321 silly audit report       cwe: [Array],
321 silly audit report       cvss: [Object]
321 silly audit report     },
321 silly audit report     {
321 silly audit report       id: 1117584,
321 silly audit report       url: 'https://github.com/advisories/GHSA-62hf-57xw-28j9',
321 silly audit report       title: 'Axios: unbounded recursion in toFormData causes DoS via deeply nested request data',
321 silly audit report       severity: 'moderate',
321 silly audit report       vulnerable_versions: '<=0.31.0',
321 silly audit report       cwe: [Array],
321 silly audit report       cvss: [Object]
321 silly audit report     },
321 silly audit report     {
321 silly audit report       id: 1117586,
321 silly audit report       url: 'https://github.com/advisories/GHSA-5c9x-8gcm-mpgx',
321 silly audit report       title: "Axios' HTTP adapter-streamed uploads bypass maxBodyLength when maxRedirects: 0",
321 silly audit report       severity: 'moderate',
321 silly audit report       vulnerable_versions: '<=0.31.0',
321 silly audit report       cwe: [Array],
321 silly audit report       cvss: [Object]
321 silly audit report     },
321 silly audit report     {
321 silly audit report       id: 1117588,
321 silly audit report       url: 'https://github.com/advisories/GHSA-vf2m-468p-8v99',
321 silly audit report       title: 'Axios: HTTP adapter streamed responses bypass maxContentLength',
321 silly audit report       severity: 'moderate',
321 silly audit report       vulnerable_versions: '<=0.31.0',
321 silly audit report       cwe: [Array],
321 silly audit report       cvss: [Object]
321 silly audit report     },
321 silly audit report     {
321 silly audit report       id: 1117590,
321 silly audit report       url: 'https://github.com/advisories/GHSA-pf86-5x62-jrwf',
321 silly audit report       title: 'Axios: Prototype Pollution Gadgets - Response Tampering, Data Exfiltration, and Request Hijacking',
321 silly audit report       severity: 'high',
321 silly audit report       vulnerable_versions: '<=0.31.0',
321 silly audit report       cwe: [Array],
321 silly audit report       cvss: [Object]
321 silly audit report     },
321 silly audit report     {
321 silly audit report       id: 1117592,
321 silly audit report       url: 'https://github.com/advisories/GHSA-6chq-wfr3-2hj9',
321 silly audit report       title: 'Axios: Header Injection via Prototype Pollution',
321 silly audit report       severity: 'high',
321 silly audit report       vulnerable_versions: '<=0.31.0',
321 silly audit report       cwe: [Array],
321 silly audit report       cvss: [Object]
321 silly audit report     },
321 silly audit report     {
321 silly audit report       id: 1117594,
321 silly audit report       url: 'https://github.com/advisories/GHSA-xx6v-rp6x-q39c',
321 silly audit report       title: 'Axios: XSRF Token Cross-Origin Leakage via Prototype Pollution Gadget in `withXSRFToken` Boolean Coercion',
321 silly audit report       severity: 'moderate',
321 silly audit report       vulnerable_versions: '<=0.31.0',
321 silly audit report       cwe: [Array],
321 silly audit report       cvss: [Object]
321 silly audit report     },
321 silly audit report     {
321 silly audit report       id: 1117857,
321 silly audit report       url: 'https://github.com/advisories/GHSA-43fc-jf86-j433',
321 silly audit report       title: 'Axios is Vulnerable to Denial of Service via __proto__ Key in mergeConfig',
321 silly audit report       severity: 'high',
321 silly audit report       vulnerable_versions: '<=0.30.2',
321 silly audit report       cwe: [Array],
321 silly audit report       cvss: [Object]
321 silly audit report     },
321 silly audit report     {
321 silly audit report       id: 1097679,
321 silly audit report       url: 'https://github.com/advisories/GHSA-wf5p-g6vw-rhxx',
321 silly audit report       title: 'Axios Cross-Site Request Forgery Vulnerability',
321 silly audit report       severity: 'moderate',
321 silly audit report       vulnerable_versions: '>=0.8.1 <0.28.0',
321 silly audit report       cwe: [Array],
321 silly audit report       cvss: [Object]
321 silly audit report     }
321 silly audit report   ],
321 silly audit report   dompurify: [
321 silly audit report     {
321 silly audit report       id: 1115668,
321 silly audit report       url: 'https://github.com/advisories/GHSA-v2wj-7wpq-c8vv',
321 silly audit report       title: 'DOMPurify contains a Cross-site Scripting vulnerability',
321 silly audit report       severity: 'moderate',
321 silly audit report       vulnerable_versions: '>=3.1.3 <=3.3.1',
321 silly audit report       cwe: [Array],
321 silly audit report       cvss: [Object]
321 silly audit report     },
321 silly audit report     {
321 silly audit report       id: 1115921,
321 silly audit report       url: 'https://github.com/advisories/GHSA-cjmm-f4jc-qw8r',
321 silly audit report       title: 'DOMPurify ADD_ATTR predicate skips URI validation',
321 silly audit report       severity: 'moderate',
321 silly audit report       vulnerable_versions: '<=3.3.1',
321 silly audit report       cwe: [Array],
321 silly audit report       cvss: [Object]
321 silly audit report     },
321 silly audit report     {
321 silly audit report       id: 1115922,
321 silly audit report       url: 'https://github.com/advisories/GHSA-cj63-jhhr-wcxv',
321 silly audit report       title: 'DOMPurify USE_PROFILES prototype pollution allows event handlers',
321 silly audit report       severity: 'moderate',
321 silly audit report       vulnerable_versions: '<=3.3.1',
321 silly audit report       cwe: [Array],
321 silly audit report       cvss: [Object]
321 silly audit report     },
321 silly audit report     {
321 silly audit report       id: 1116663,
321 silly audit report       url: 'https://github.com/advisories/GHSA-39q2-94rc-95cp',
321 silly audit report       title: "DOMPurify's ADD_TAGS function form bypasses FORBID_TAGS due to short-circuit evaluation",
321 silly audit report       severity: 'moderate',
321 silly audit report       vulnerable_versions: '<=3.3.3',
321 silly audit report       cwe: [Array],
321 silly audit report       cvss: [Object]
321 silly audit report     },
321 silly audit report     {
321 silly audit report       id: 1117138,
321 silly audit report       url: 'https://github.com/advisories/GHSA-h7mw-gpvr-xq4m',
321 silly audit report       title: 'DOMPurify: FORBID_TAGS bypassed by function-based ADD_TAGS predicate (asymmetry with FORBID_ATTR fix)',
321 silly audit report       severity: 'moderate',
321 silly audit report       vulnerable_versions: '<3.4.0',
321 silly audit report       cwe: [Array],
321 silly audit report       cvss: [Object]
321 silly audit report     },
321 silly audit report     {
321 silly audit report       id: 1117139,
321 silly audit report       url: 'https://github.com/advisories/GHSA-crv5-9vww-q3g8',
321 silly audit report       title: 'DOMPurify has a SAFE_FOR_TEMPLATES bypass in RETURN_DOM mode',
321 silly audit report       severity: 'moderate',
321 silly audit report       vulnerable_versions: '>=1.0.10 <3.4.0',
321 silly audit report       cwe: [Array],
321 silly audit report       cvss: [Object]
321 silly audit report     },
321 silly audit report     {
321 silly audit report       id: 1117140,
321 silly audit report       url: 'https://github.com/advisories/GHSA-v9jr-rg53-9pgp',
321 silly audit report       title: 'DOMPurify: Prototype Pollution to XSS Bypass via CUSTOM_ELEMENT_HANDLING Fallback',
321 silly audit report       severity: 'moderate',
321 silly audit report       vulnerable_versions: '>=3.0.1 <3.4.0',
321 silly audit report       cwe: [Array],
321 silly audit report       cvss: [Object]
321 silly audit report     },
321 silly audit report     {
321 silly audit report       id: 1117795,
321 silly audit report       url: 'https://github.com/advisories/GHSA-h8r8-wccr-v5f2',
321 silly audit report       title: 'DOMPurify is vulnerable to mutation-XSS via Re-Contextualization ',
321 silly audit report       severity: 'moderate',
321 silly audit report       vulnerable_versions: '<3.3.2',
321 silly audit report       cwe: [Array],
321 silly audit report       cvss: [Object]
321 silly audit report     }
321 silly audit report   ],
321 silly audit report   'fast-uri': [
321 silly audit report     {
321 silly audit report       id: 1117884,
321 silly audit report       url: 'https://github.com/advisories/GHSA-v39h-62p7-jpjc',
321 silly audit report       title: 'fast-uri vulnerable to host confusion via percent-encoded authority delimiters',
321 silly audit report       severity: 'high',
321 silly audit report       vulnerable_versions: '<=3.1.1',
321 silly audit report       cwe: [Array],
321 silly audit report       cvss: [Object]
321 silly audit report     },
321 silly audit report     {
321 silly audit report       id: 1117870,
321 silly audit report       url: 'https://github.com/advisories/GHSA-q3j6-qgpj-74h6',
321 silly audit report       title: 'fast-uri vulnerable to path traversal via percent-encoded dot segments',
321 silly audit report       severity: 'high',
321 silly audit report       vulnerable_versions: '<=3.1.0',
321 silly audit report       cwe: [Array],
321 silly audit report       cvss: [Object]
321 silly audit report     }
321 silly audit report   ],
321 silly audit report   flatted: [
321 silly audit report     {
321 silly audit report       id: 1114526,
321 silly audit report       url: 'https://github.com/advisories/GHSA-25h7-pfq9-p65f',
321 silly audit report       title: 'flatted vulnerable to unbounded recursion DoS in parse() revive phase',
321 silly audit report       severity: 'high',
321 silly audit report       vulnerable_versions: '<3.4.0',
321 silly audit report       cwe: [Array],
321 silly audit report       cvss: [Object]
321 silly audit report     },
321 silly audit report     {
321 silly audit report       id: 1115357,
321 silly audit report       url: 'https://github.com/advisories/GHSA-rf6f-7fwh-wjgh',
321 silly audit report       title: 'Prototype Pollution via parse() in NodeJS flatted',
321 silly audit report       severity: 'high',
321 silly audit report       vulnerable_versions: '<=3.4.1',
321 silly audit report       cwe: [Array],
321 silly audit report       cvss: [Object]
321 silly audit report     }
321 silly audit report   ],
321 silly audit report   'follow-redirects': [
321 silly audit report     {
321 silly audit report       id: 1116560,
321 silly audit report       url: 'https://github.com/advisories/GHSA-r4q5-vmmm-2653',
321 silly audit report       title: 'follow-redirects leaks Custom Authentication Headers to Cross-Domain Redirect Targets',
321 silly audit report       severity: 'moderate',
321 silly audit report       vulnerable_versions: '<=1.15.11',
321 silly audit report       cwe: [Array],
321 silly audit report       cvss: [Object]
321 silly audit report     }
321 silly audit report   ],
321 silly audit report   jspdf: [
321 silly audit report     {
321 silly audit report       id: 1113310,
321 silly audit report       url: 'https://github.com/advisories/GHSA-9vjf-qc39-jprp',
321 silly audit report       title: 'jsPDF has a PDF Object Injection via Unsanitized Input in addJS Method',
321 silly audit report       severity: 'high',
321 silly audit report       vulnerable_versions: '<4.2.0',
321 silly audit report       cwe: [Array],
321 silly audit report       cvss: [Object]
321 silly audit report     },
321 silly audit report     {
321 silly audit report       id: 1113324,
321 silly audit report       url: 'https://github.com/advisories/GHSA-67pg-wm7f-q7fj',
321 silly audit report       title: 'jsPDF Affected by Client-Side/Server-Side Denial of Service via Malicious GIF Dimensions',
321 silly audit report       severity: 'high',
321 silly audit report       vulnerable_versions: '<4.2.0',
321 silly audit report       cwe: [Array],
321 silly audit report       cvss: [Object]
321 silly audit report     },
321 silly audit report     {
321 silly audit report       id: 1114396,
321 silly audit report       url: 'https://github.com/advisories/GHSA-p5xg-68wr-hm3m',
321 silly audit report       title: 'jsPDF has a PDF Injection in AcroForm module allows Arbitrary JavaScript Execution (RadioButton.createOption and "AS" property)',
321 silly audit report       severity: 'high',
321 silly audit report       vulnerable_versions: '<4.2.0',
321 silly audit report       cwe: [Array],
321 silly audit report       cvss: [Object]
321 silly audit report     },
321 silly audit report     {
321 silly audit report       id: 1114950,
321 silly audit report       url: 'https://github.com/advisories/GHSA-7x6v-j9x4-qf24',
321 silly audit report       title: 'jsPDF has a PDF Object Injection via FreeText color',
321 silly audit report       severity: 'high',
321 silly audit report       vulnerable_versions: '<=4.2.0',
321 silly audit report       cwe: [Array],
321 silly audit report       cvss: [Object]
321 silly audit report     },
321 silly audit report     {
321 silly audit report       id: 1114974,
321 silly audit report       url: 'https://github.com/advisories/GHSA-wfv2-pwc8-crg5',
321 silly audit report       title: 'jsPDF has HTML Injection in New Window paths',
321 silly audit report       severity: 'critical',
321 silly audit report       vulnerable_versions: '<=4.2.0',
321 silly audit report       cwe: [Array],
321 silly audit report       cvss: [Object]
321 silly audit report     }
321 silly audit report   ],
321 silly audit report   lodash: [
321 silly audit report     {
321 silly audit report       id: 1115806,
321 silly audit report       url: 'https://github.com/advisories/GHSA-r5fr-rjxr-66jc',
321 silly audit report       title: 'lodash vulnerable to Code Injection via `_.template` imports key names',
321 silly audit report       severity: 'high',
321 silly audit report       vulnerable_versions: '>=4.0.0 <=4.17.23',
321 silly audit report       cwe: [Array],
321 silly audit report       cvss: [Object]
321 silly audit report     },
321 silly audit report     {
321 silly audit report       id: 1115810,
321 silly audit report       url: 'https://github.com/advisories/GHSA-f23m-r3pf-42rh',
321 silly audit report       title: 'lodash vulnerable to Prototype Pollution via array path bypass in `_.unset` and `_.omit`',
321 silly audit report       severity: 'moderate',
321 silly audit report       vulnerable_versions: '<=4.17.23',
321 silly audit report       cwe: [Array],
321 silly audit report       cvss: [Object]
321 silly audit report     }
321 silly audit report   ],
321 silly audit report   picomatch: [
321 silly audit report     {
321 silly audit report       id: 1115549,
321 silly audit report       url: 'https://github.com/advisories/GHSA-3v7f-55p6-f55p',
321 silly audit report       title: 'Picomatch: Method Injection in POSIX Character Classes causes incorrect Glob Matching',
321 silly audit report       severity: 'moderate',
321 silly audit report       vulnerable_versions: '<2.3.2',
321 silly audit report       cwe: [Array],
321 silly audit report       cvss: [Object]
321 silly audit report     },
321 silly audit report     {
321 silly audit report       id: 1115551,
321 silly audit report       url: 'https://github.com/advisories/GHSA-3v7f-55p6-f55p',
321 silly audit report       title: 'Picomatch: Method Injection in POSIX Character Classes causes incorrect Glob Matching',
321 silly audit report       severity: 'moderate',
321 silly audit report       vulnerable_versions: '>=4.0.0 <4.0.4',
321 silly audit report       cwe: [Array],
321 silly audit report       cvss: [Object]
321 silly audit report     },
321 silly audit report     {
321 silly audit report       id: 1115552,
321 silly audit report       url: 'https://github.com/advisories/GHSA-c2c7-rcm5-vvqj',
321 silly audit report       title: 'Picomatch has a ReDoS vulnerability via extglob quantifiers',
321 silly audit report       severity: 'high',
321 silly audit report       vulnerable_versions: '<2.3.2',
321 silly audit report       cwe: [Array],
321 silly audit report       cvss: [Object]
321 silly audit report     },
321 silly audit report     {
321 silly audit report       id: 1115554,
321 silly audit report       url: 'https://github.com/advisories/GHSA-c2c7-rcm5-vvqj',
321 silly audit report       title: 'Picomatch has a ReDoS vulnerability via extglob quantifiers',
321 silly audit report       severity: 'high',
321 silly audit report       vulnerable_versions: '>=4.0.0 <4.0.4',
321 silly audit report       cwe: [Array],
321 silly audit report       cvss: [Object]
321 silly audit report     }
321 silly audit report   ],
321 silly audit report   postcss: [
321 silly audit report     {
321 silly audit report       id: 1117015,
321 silly audit report       url: 'https://github.com/advisories/GHSA-qx2v-qp2m-jg93',
321 silly audit report       title: 'PostCSS has XSS via Unescaped </style> in its CSS Stringify Output',
321 silly audit report       severity: 'moderate',
321 silly audit report       vulnerable_versions: '<8.5.10',
321 silly audit report       cwe: [Array],
321 silly audit report       cvss: [Object]
321 silly audit report     }
321 silly audit report   ],
321 silly audit report   rollup: [
321 silly audit report     {
321 silly audit report       id: 1113515,
321 silly audit report       url: 'https://github.com/advisories/GHSA-mw96-cpmx-2vgc',
321 silly audit report       title: 'Rollup 4 has Arbitrary File Write via Path Traversal',
321 silly audit report       severity: 'high',
321 silly audit report       vulnerable_versions: '>=4.0.0 <4.59.0',
321 silly audit report       cwe: [Array],
321 silly audit report       cvss: [Object]
321 silly audit report     },
321 silly audit report     {
321 silly audit report       id: 1113517,
321 silly audit report       url: 'https://github.com/advisories/GHSA-mw96-cpmx-2vgc',
321 silly audit report       title: 'Rollup 4 has Arbitrary File Write via Path Traversal',
321 silly audit report       severity: 'high',
321 silly audit report       vulnerable_versions: '<2.80.0',
321 silly audit report       cwe: [Array],
321 silly audit report       cvss: [Object]
321 silly audit report     }
321 silly audit report   ],
321 silly audit report   'serialize-javascript': [
321 silly audit report     {
321 silly audit report       id: 1119440,
321 silly audit report       url: 'https://github.com/advisories/GHSA-qj8w-gfj5-8c6v',
321 silly audit report       title: 'Serialize JavaScript has CPU Exhaustion Denial of Service via crafted array-like objects',
321 silly audit report       severity: 'moderate',
321 silly audit report       vulnerable_versions: '>=5.0.0 <7.0.5',
321 silly audit report       cwe: [Array],
321 silly audit report       cvss: [Object]
321 silly audit report     },
321 silly audit report     {
321 silly audit report       id: 1113686,
321 silly audit report       url: 'https://github.com/advisories/GHSA-5c6j-r48x-rmvq',
321 silly audit report       title: 'Serialize JavaScript is Vulnerable to RCE via RegExp.flags and Date.prototype.toISOString()',
321 silly audit report       severity: 'high',
321 silly audit report       vulnerable_versions: '<=7.0.2',
321 silly audit report       cwe: [Array],
321 silly audit report       cvss: [Object]
321 silly audit report     }
321 silly audit report   ],
321 silly audit report   vite: [
321 silly audit report     {
321 silly audit report       id: 1116230,
321 silly audit report       url: 'https://github.com/advisories/GHSA-4w7w-66w2-5vf9',
321 silly audit report       title: 'Vite Vulnerable to Path Traversal in Optimized Deps `.map` Handling',
321 silly audit report       severity: 'moderate',
321 silly audit report       vulnerable_versions: '>=7.0.0 <=7.3.1',
321 silly audit report       cwe: [Array],
321 silly audit report       cvss: [Object]
321 silly audit report     },
321 silly audit report     {
321 silly audit report       id: 1116232,
321 silly audit report       url: 'https://github.com/advisories/GHSA-v2wj-q39q-566r',
321 silly audit report       title: 'Vite: `server.fs.deny` bypassed with queries',
321 silly audit report       severity: 'high',
321 silly audit report       vulnerable_versions: '>=7.1.0 <=7.3.1',
321 silly audit report       cwe: [Array],
321 silly audit report       cvss: [Object]
321 silly audit report     },
321 silly audit report     {
321 silly audit report       id: 1116235,
321 silly audit report       url: 'https://github.com/advisories/GHSA-p9ff-h696-f583',
321 silly audit report       title: 'Vite Vulnerable to Arbitrary File Read via Vite Dev Server WebSocket',
321 silly audit report       severity: 'high',
321 silly audit report       vulnerable_versions: '>=7.0.0 <=7.3.1',
321 silly audit report       cwe: [Array],
321 silly audit report       cvss: [Object]
321 silly audit report     }
321 silly audit report   ],
321 silly audit report   ws: [
321 silly audit report     {
321 silly audit report       id: 1119108,
321 silly audit report       url: 'https://github.com/advisories/GHSA-58qx-3vcg-4xpx',
321 silly audit report       title: 'ws: Uninitialized memory disclosure',
321 silly audit report       severity: 'moderate',
321 silly audit report       vulnerable_versions: '>=8.0.0 <8.20.1',
321 silly audit report       cwe: [Array],
321 silly audit report       cvss: [Object]
321 silly audit report     }
321 silly audit report   ],
321 silly audit report   xlsx: [
321 silly audit report     {
321 silly audit report       id: 1108110,
321 silly audit report       url: 'https://github.com/advisories/GHSA-4r6h-8v6p-xvw6',
321 silly audit report       title: 'Prototype Pollution in sheetJS',
321 silly audit report       severity: 'high',
321 silly audit report       vulnerable_versions: '<0.19.3',
321 silly audit report       cwe: [Array],
321 silly audit report       cvss: [Object]
321 silly audit report     },
321 silly audit report     {
321 silly audit report       id: 1108111,
321 silly audit report       url: 'https://github.com/advisories/GHSA-5pgg-2g8v-p4x9',
321 silly audit report       title: 'SheetJS Regular Expression Denial of Service (ReDoS)',
321 silly audit report       severity: 'high',
321 silly audit report       vulnerable_versions: '<0.20.2',
321 silly audit report       cwe: [Array],
321 silly audit report       cvss: [Object]
321 silly audit report     }
321 silly audit report   ]
321 silly audit report }
322 silly packumentCache corgi:https://registry.npmjs.org/@babel%2fplugin-transform-modules-systemjs cache-miss
323 silly packumentCache corgi:https://registry.npmjs.org/ajv cache-miss
324 silly packumentCache corgi:https://registry.npmjs.org/brace-expansion cache-miss
325 silly packumentCache corgi:https://registry.npmjs.org/minimatch cache-miss
326 silly packumentCache corgi:https://registry.npmjs.org/axios cache-miss
327 silly packumentCache corgi:https://registry.npmjs.org/dompurify cache-miss
328 silly packumentCache corgi:https://registry.npmjs.org/fast-uri cache-miss
329 silly packumentCache corgi:https://registry.npmjs.org/flatted cache-miss
330 silly packumentCache corgi:https://registry.npmjs.org/follow-redirects cache-miss
331 silly packumentCache corgi:https://registry.npmjs.org/jspdf cache-miss
332 silly packumentCache corgi:https://registry.npmjs.org/lodash cache-miss
333 silly packumentCache corgi:https://registry.npmjs.org/picomatch cache-miss
334 silly packumentCache corgi:https://registry.npmjs.org/postcss cache-miss
335 silly packumentCache corgi:https://registry.npmjs.org/rollup cache-miss
336 silly packumentCache corgi:https://registry.npmjs.org/serialize-javascript cache-miss
337 silly packumentCache corgi:https://registry.npmjs.org/vite cache-miss
338 silly packumentCache corgi:https://registry.npmjs.org/ws cache-miss
339 silly packumentCache corgi:https://registry.npmjs.org/xlsx cache-miss
340 http fetch GET 200 https://registry.npmjs.org/process-nextick-args/-/process-nextick-args-2.0.1.tgz 519ms (cache miss)
341 http fetch GET 200 https://registry.npmjs.org/immediate/-/immediate-3.0.6.tgz 531ms (cache miss)
342 http fetch GET 200 https://registry.npmjs.org/util-deprecate/-/util-deprecate-1.0.2.tgz 536ms (cache miss)
343 http fetch GET 200 https://registry.npmjs.org/string_decoder/-/string_decoder-1.1.1.tgz 556ms (cache miss)
344 http fetch GET 200 https://registry.npmjs.org/setimmediate/-/setimmediate-1.0.5.tgz 567ms (cache miss)
345 http fetch GET 200 https://registry.npmjs.org/safe-buffer/-/safe-buffer-5.1.2.tgz 575ms (cache miss)
346 http fetch GET 200 https://registry.npmjs.org/isarray/-/isarray-1.0.0.tgz 575ms (cache miss)
347 http fetch GET 200 https://registry.npmjs.org/minimalistic-assert/-/minimalistic-assert-1.0.1.tgz 620ms (cache miss)
348 http fetch GET 200 https://registry.npmjs.org/inherits/-/inherits-2.0.4.tgz 623ms (cache miss)
349 http fetch GET 200 https://registry.npmjs.org/nanoid/-/nanoid-5.1.11.tgz 615ms (cache miss)
350 http fetch GET 200 https://registry.npmjs.org/core-util-is/-/core-util-is-1.0.3.tgz 627ms (cache miss)
351 http fetch GET 200 https://registry.npmjs.org/xml/-/xml-1.0.1.tgz 753ms (cache miss)
352 http fetch GET 200 https://registry.npmjs.org/fast-uri 435ms (cache miss)
353 silly packumentCache corgi:https://registry.npmjs.org/fast-uri set size:undefined disposed:false
354 http fetch GET 200 https://registry.npmjs.org/safe-buffer/-/safe-buffer-5.1.2.tgz 770ms (cache miss)
355 http fetch GET 200 https://registry.npmjs.org/hash.js/-/hash.js-1.1.7.tgz 777ms (cache miss)
356 http fetch GET 200 https://registry.npmjs.org/jspdf 463ms (cache revalidated)
357 silly packumentCache corgi:https://registry.npmjs.org/jspdf set size:68277 disposed:false
358 http fetch GET 200 https://registry.npmjs.org/lie/-/lie-3.3.0.tgz 792ms (cache miss)
359 http fetch GET 200 https://registry.npmjs.org/flatted 468ms (cache revalidated)
360 silly packumentCache corgi:https://registry.npmjs.org/flatted set size:57858 disposed:false
361 http fetch GET 200 https://registry.npmjs.org/picomatch 467ms (cache revalidated)
362 silly packumentCache corgi:https://registry.npmjs.org/picomatch set size:44414 disposed:false
363 http fetch GET 200 https://registry.npmjs.org/ajv 478ms (cache revalidated)
364 silly packumentCache corgi:https://registry.npmjs.org/ajv set size:467559 disposed:false
365 http fetch GET 200 https://registry.npmjs.org/serialize-javascript 480ms (cache revalidated)
366 silly packumentCache corgi:https://registry.npmjs.org/serialize-javascript set size:36142 disposed:false
367 http fetch GET 200 https://registry.npmjs.org/minimatch 491ms (cache revalidated)
368 silly packumentCache corgi:https://registry.npmjs.org/minimatch set size:168441 disposed:false
369 http fetch GET 200 https://registry.npmjs.org/xlsx 506ms (cache revalidated)
370 silly packumentCache corgi:https://registry.npmjs.org/xlsx set size:134408 disposed:false
371 http fetch GET 200 https://registry.npmjs.org/follow-redirects 515ms (cache revalidated)
372 silly packumentCache corgi:https://registry.npmjs.org/follow-redirects set size:88479 disposed:false
373 http fetch GET 200 https://registry.npmjs.org/sax/-/sax-1.6.0.tgz 853ms (cache miss)
374 http fetch GET 200 https://registry.npmjs.org/readable-stream/-/readable-stream-2.3.8.tgz 866ms (cache miss)
375 http fetch GET 200 https://registry.npmjs.org/@babel%2fplugin-transform-modules-systemjs 560ms (cache miss)
376 silly packumentCache corgi:https://registry.npmjs.org/@babel%2fplugin-transform-modules-systemjs set size:undefined disposed:false
377 http fetch GET 200 https://registry.npmjs.org/brace-expansion 583ms (cache updated)
378 silly packumentCache corgi:https://registry.npmjs.org/brace-expansion set size:undefined disposed:false
379 http fetch GET 200 https://registry.npmjs.org/ws 578ms (cache miss)
380 silly packumentCache corgi:https://registry.npmjs.org/ws set size:undefined disposed:false
381 http fetch GET 200 https://registry.npmjs.org/axios 633ms (cache updated)
382 silly packumentCache corgi:https://registry.npmjs.org/axios set size:undefined disposed:false
383 http fetch GET 200 https://registry.npmjs.org/lodash 652ms (cache updated)
384 silly packumentCache corgi:https://registry.npmjs.org/lodash set size:undefined disposed:false
385 http fetch GET 200 https://registry.npmjs.org/undici-types/-/undici-types-7.24.6.tgz 988ms (cache miss)
386 http fetch GET 200 https://registry.npmjs.org/postcss 674ms (cache updated)
387 silly packumentCache corgi:https://registry.npmjs.org/postcss set size:undefined disposed:false
388 http fetch GET 200 https://registry.npmjs.org/dompurify 698ms (cache updated)
389 silly packumentCache corgi:https://registry.npmjs.org/dompurify set size:undefined disposed:false
390 http fetch GET 200 https://registry.npmjs.org/xml-js/-/xml-js-1.6.11.tgz 1044ms (cache miss)
391 http fetch GET 200 https://registry.npmjs.org/pako/-/pako-1.0.11.tgz 1109ms (cache miss)
392 http fetch GET 200 https://registry.npmjs.org/jszip/-/jszip-3.10.1.tgz 1158ms (cache miss)
393 http fetch GET 200 https://registry.npmjs.org/vite 855ms (cache updated)
394 silly packumentCache corgi:https://registry.npmjs.org/vite set size:undefined disposed:false
395 http fetch GET 200 https://registry.npmjs.org/rollup 934ms (cache updated)
396 silly packumentCache corgi:https://registry.npmjs.org/rollup set size:undefined disposed:false
397 silly packumentCache corgi:https://registry.npmjs.org/@babel%2fpreset-env cache-miss
398 http fetch GET 200 https://registry.npmjs.org/docx/-/docx-9.6.1.tgz 1331ms (cache miss)
399 http fetch GET 200 https://registry.npmjs.org/@types/node/-/node-25.9.1.tgz 1343ms (cache miss)
400 http fetch GET 200 https://registry.npmjs.org/@babel%2fpreset-env 1216ms (cache miss)
401 silly packumentCache corgi:https://registry.npmjs.org/@babel%2fpreset-env set size:undefined disposed:false
402 silly packumentCache corgi:https://registry.npmjs.org/@apideck%2fbetter-ajv-errors cache-miss
403 silly packumentCache corgi:https://registry.npmjs.org/workbox-build cache-miss
404 http fetch GET 200 https://registry.npmjs.org/@apideck%2fbetter-ajv-errors 70ms (cache revalidated)
405 silly packumentCache corgi:https://registry.npmjs.org/@apideck%2fbetter-ajv-errors set size:26424 disposed:false
406 http fetch GET 200 https://registry.npmjs.org/workbox-build 289ms (cache revalidated)
407 silly packumentCache corgi:https://registry.npmjs.org/workbox-build set size:194410 disposed:false
408 silly packumentCache corgi:https://registry.npmjs.org/filelist cache-miss
409 http fetch GET 200 https://registry.npmjs.org/filelist 197ms (cache revalidated)
410 silly packumentCache corgi:https://registry.npmjs.org/filelist set size:11409 disposed:false
411 silly packumentCache corgi:https://registry.npmjs.org/glob cache-miss
412 http fetch GET 200 https://registry.npmjs.org/glob 52ms (cache revalidated)
413 silly packumentCache corgi:https://registry.npmjs.org/glob set size:199194 disposed:false
414 silly packumentCache corgi:https://registry.npmjs.org/vietqr cache-miss
415 http fetch GET 200 https://registry.npmjs.org/vietqr 268ms (cache revalidated)
416 silly packumentCache corgi:https://registry.npmjs.org/vietqr set size:28270 disposed:false
417 silly packumentCache corgi:https://registry.npmjs.org/flat-cache cache-miss
418 http fetch GET 200 https://registry.npmjs.org/flat-cache 67ms (cache revalidated)
419 silly packumentCache corgi:https://registry.npmjs.org/flat-cache set size:50282 disposed:false
420 silly packumentCache corgi:https://registry.npmjs.org/jspdf-autotable cache-miss
421 http fetch GET 200 https://registry.npmjs.org/jspdf-autotable 65ms (cache updated)
422 silly packumentCache corgi:https://registry.npmjs.org/jspdf-autotable set size:undefined disposed:false
423 silly packumentCache corgi:https://registry.npmjs.org/@rollup%2fpluginutils cache-miss
424 http fetch GET 200 https://registry.npmjs.org/@rollup%2fpluginutils 225ms (cache revalidated)
425 silly packumentCache corgi:https://registry.npmjs.org/@rollup%2fpluginutils set size:47240 disposed:false
426 silly packumentCache corgi:https://registry.npmjs.org/fdir cache-miss
427 silly packumentCache corgi:https://registry.npmjs.org/tinyglobby cache-miss
428 silly packumentCache corgi:https://registry.npmjs.org/vitest cache-miss
429 http fetch GET 200 https://registry.npmjs.org/tinyglobby 51ms (cache revalidated)
430 silly packumentCache corgi:https://registry.npmjs.org/tinyglobby set size:18884 disposed:false
431 http fetch GET 200 https://registry.npmjs.org/fdir 57ms (cache revalidated)
432 silly packumentCache corgi:https://registry.npmjs.org/fdir set size:76905 disposed:false
433 http fetch GET 200 https://registry.npmjs.org/vitest 126ms (cache updated)
434 silly packumentCache corgi:https://registry.npmjs.org/vitest set size:undefined disposed:false
435 silly packumentCache corgi:https://registry.npmjs.org/@tailwindcss%2fpostcss cache-miss
436 silly packumentCache corgi:https://registry.npmjs.org/autoprefixer cache-miss
437 http fetch GET 200 https://registry.npmjs.org/autoprefixer 112ms (cache revalidated)
438 silly packumentCache corgi:https://registry.npmjs.org/autoprefixer set size:298545 disposed:false
439 http fetch GET 200 https://registry.npmjs.org/@tailwindcss%2fpostcss 172ms (cache updated)
440 silly packumentCache corgi:https://registry.npmjs.org/@tailwindcss%2fpostcss set size:undefined disposed:false
441 silly packumentCache corgi:https://registry.npmjs.org/@rollup%2fplugin-node-resolve cache-miss
442 silly packumentCache corgi:https://registry.npmjs.org/@rollup%2fplugin-terser cache-miss
443 http fetch GET 200 https://registry.npmjs.org/@rollup%2fplugin-node-resolve 224ms (cache revalidated)
444 silly packumentCache corgi:https://registry.npmjs.org/@rollup%2fplugin-node-resolve set size:91698 disposed:false
445 http fetch GET 200 https://registry.npmjs.org/@rollup%2fplugin-terser 529ms (cache revalidated)
446 silly packumentCache corgi:https://registry.npmjs.org/@rollup%2fplugin-terser set size:14515 disposed:false
447 silly packumentCache corgi:https://registry.npmjs.org/@rollup%2fplugin-babel cache-miss
448 silly packumentCache corgi:https://registry.npmjs.org/@rollup%2fplugin-replace cache-miss
449 http fetch GET 200 https://registry.npmjs.org/@rollup%2fplugin-replace 143ms (cache revalidated)
450 silly packumentCache corgi:https://registry.npmjs.org/@rollup%2fplugin-replace set size:38369 disposed:false
451 http fetch GET 200 https://registry.npmjs.org/@rollup%2fplugin-babel 154ms (cache revalidated)
452 silly packumentCache corgi:https://registry.npmjs.org/@rollup%2fplugin-babel set size:35533 disposed:false
453 silly packumentCache corgi:https://registry.npmjs.org/@vitejs%2fplugin-react cache-miss
454 silly packumentCache corgi:https://registry.npmjs.org/@vitest%2fmocker cache-miss
455 silly packumentCache corgi:https://registry.npmjs.org/vite-plugin-compression cache-miss
456 silly packumentCache corgi:https://registry.npmjs.org/vite-plugin-pwa cache-miss
457 http fetch GET 200 https://registry.npmjs.org/vite-plugin-pwa 107ms (cache revalidated)
458 silly packumentCache corgi:https://registry.npmjs.org/vite-plugin-pwa set size:243094 disposed:false
459 http fetch GET 200 https://registry.npmjs.org/@vitest%2fmocker 134ms (cache updated)
460 silly packumentCache corgi:https://registry.npmjs.org/@vitest%2fmocker set size:undefined disposed:false
461 http fetch GET 200 https://registry.npmjs.org/@vitejs%2fplugin-react 137ms (cache updated)
462 silly packumentCache corgi:https://registry.npmjs.org/@vitejs%2fplugin-react set size:undefined disposed:false
463 http fetch GET 200 https://registry.npmjs.org/vite-plugin-compression 249ms (cache miss)
464 silly packumentCache corgi:https://registry.npmjs.org/vite-plugin-compression set size:undefined disposed:false
465 silly packumentCache corgi:https://registry.npmjs.org/@supabase%2frealtime-js cache-miss
466 http fetch GET 200 https://registry.npmjs.org/@supabase%2frealtime-js 99ms (cache miss)
467 silly packumentCache corgi:https://registry.npmjs.org/@supabase%2frealtime-js set size:undefined disposed:false
468 silly ADD node_modules/sax
469 silly ADD node_modules/util-deprecate
470 silly ADD node_modules/string_decoder
471 silly ADD node_modules/string_decoder/node_modules/safe-buffer
472 silly ADD node_modules/process-nextick-args
473 silly ADD node_modules/core-util-is
474 silly ADD node_modules/immediate
475 silly ADD node_modules/setimmediate
476 silly ADD node_modules/readable-stream
477 silly ADD node_modules/readable-stream/node_modules/safe-buffer
478 silly ADD node_modules/readable-stream/node_modules/isarray
479 silly ADD node_modules/lie
480 silly ADD node_modules/minimalistic-assert
481 silly ADD node_modules/inherits
482 silly ADD node_modules/xml-js
483 silly ADD node_modules/xml
484 silly ADD node_modules/jszip
485 silly ADD node_modules/jszip/node_modules/pako
486 silly ADD node_modules/hash.js
487 silly ADD node_modules/docx
488 silly ADD node_modules/docx/node_modules/nanoid
489 silly ADD
490 silly ADD
491 silly ADD
492 silly ADD
493 silly ADD
494 silly ADD
495 silly ADD
496 silly ADD
497 silly ADD
498 silly ADD
499 silly ADD
500 silly ADD
501 silly ADD
502 silly ADD
503 silly ADD
504 silly ADD
505 silly ADD
506 silly ADD
507 silly ADD
508 silly ADD
509 silly ADD
510 silly ADD
511 silly ADD
512 silly ADD
513 silly ADD
514 silly ADD
515 silly ADD
516 silly ADD
517 silly ADD
518 silly ADD
519 silly ADD
520 silly ADD
521 silly ADD
522 silly ADD
523 silly ADD
524 silly ADD
525 silly ADD
526 silly ADD
527 silly ADD
528 silly ADD
529 silly ADD
530 silly ADD
531 silly ADD
532 silly ADD
533 silly ADD
534 silly ADD
535 silly ADD
536 silly ADD
537 silly ADD
538 silly ADD
539 silly ADD
540 silly ADD
541 silly ADD
542 silly ADD
543 silly ADD
544 silly ADD
545 silly ADD
546 silly ADD
547 silly ADD
548 silly ADD
549 silly ADD
550 silly ADD
551 silly ADD
552 silly ADD
553 silly ADD
554 silly ADD
555 silly ADD
556 silly ADD
557 silly ADD
558 silly ADD
559 silly CHANGE node_modules/undici-types
560 silly CHANGE node_modules/@types/node
561 verbose cwd /Users/admin/Desktop/dự án/mttqvn
562 verbose os Darwin 24.6.0
563 verbose node v22.19.0
564 verbose npm  v10.9.3
565 verbose exit 0
566 info ok
