0 verbose cli /usr/local/bin/node /usr/local/bin/npm
1 info using npm@10.9.3
2 info using node@v22.19.0
3 silly config load:file:/usr/local/lib/node_modules/npm/npmrc
4 silly config load:file:/Users/admin/Desktop/dự án/mttqvn/.npmrc
5 silly config load:file:/Users/admin/.npmrc
6 silly config load:file:/usr/local/etc/npmrc
7 verbose title npm install
8 verbose argv "install"
9 verbose logfile logs-max:10 dir:/Users/admin/Desktop/dự án/mttqvn/.npm-cache/_logs/2026-05-05T16_07_21_421Z-
10 verbose logfile /Users/admin/Desktop/dự án/mttqvn/.npm-cache/_logs/2026-05-05T16_07_21_421Z-debug-0.log
11 silly logfile start cleaning logs, removing 1 files
12 silly packumentCache heap:2197815296 maxSize:549453824 maxEntrySize:274726912
13 silly logfile done cleaning log files
14 silly idealTree buildDeps
15 silly fetch manifest react-leaflet@^5.0.0
16 silly packumentCache full:https://registry.npmjs.org/react-leaflet cache-miss
17 http cache https://registry.npmjs.org/react-leaflet 46ms (cache hit)
18 silly packumentCache full:https://registry.npmjs.org/react-leaflet set size:472546 disposed:false
19 silly fetch manifest leaflet@^1.9.4
20 silly packumentCache full:https://registry.npmjs.org/leaflet cache-miss
21 http fetch GET 200 https://registry.npmjs.org/leaflet 304ms (cache miss)
22 silly packumentCache full:https://registry.npmjs.org/leaflet set size:undefined disposed:false
23 silly fetch manifest react@^19.2.4
24 silly packumentCache full:https://registry.npmjs.org/react cache-miss
25 http cache https://registry.npmjs.org/react 60ms (cache hit)
26 silly packumentCache full:https://registry.npmjs.org/react set size:6637568 disposed:false
27 silly fetch manifest react-dom@^19.2.4
28 silly packumentCache full:https://registry.npmjs.org/react-dom cache-miss
29 http cache https://registry.npmjs.org/react-dom 34ms (cache hit)
30 silly packumentCache full:https://registry.npmjs.org/react-dom set size:8846320 disposed:false
31 silly fetch manifest @eslint/js@^9.39.4
32 silly packumentCache full:https://registry.npmjs.org/@eslint%2fjs cache-miss
33 http cache https://registry.npmjs.org/@eslint%2fjs 95ms (cache hit)
34 silly packumentCache full:https://registry.npmjs.org/@eslint%2fjs set size:140022 disposed:false
35 silly fetch manifest eslint@^9.39.4
36 silly packumentCache full:https://registry.npmjs.org/eslint cache-miss
37 http cache https://registry.npmjs.org/eslint 9ms (cache hit)
38 silly packumentCache full:https://registry.npmjs.org/eslint set size:1990528 disposed:false
39 silly fetch manifest jiti@*
40 silly packumentCache full:https://registry.npmjs.org/jiti cache-miss
41 http cache https://registry.npmjs.org/jiti 5ms (cache hit)
42 silly packumentCache full:https://registry.npmjs.org/jiti set size:382310 disposed:false
43 silly placeDep ROOT @eslint/js@9.39.4 REPLACE for:  want: ^9.39.4
44 silly placeDep ROOT eslint@9.39.4 REPLACE for:  want: ^9.39.4
45 silly placeDep ROOT react-leaflet@5.0.0 REPLACE for:  want: ^5.0.0
46 silly fetch manifest chalk@^4.0.0
47 silly packumentCache full:https://registry.npmjs.org/chalk cache-miss
48 silly fetch manifest espree@^10.4.0
49 silly packumentCache full:https://registry.npmjs.org/espree cache-miss
50 silly fetch manifest minimatch@^3.1.5
51 silly packumentCache full:https://registry.npmjs.org/minimatch cache-miss
52 silly fetch manifest @eslint/core@^0.17.0
53 silly packumentCache full:https://registry.npmjs.org/@eslint%2fcore cache-miss
54 silly fetch manifest eslint-scope@^8.4.0
55 silly packumentCache full:https://registry.npmjs.org/eslint-scope cache-miss
56 silly fetch manifest lodash.merge@^4.6.2
57 silly packumentCache full:https://registry.npmjs.org/lodash.merge cache-miss
58 silly fetch manifest @eslint/eslintrc@^3.3.5
59 silly packumentCache full:https://registry.npmjs.org/@eslint%2feslintrc cache-miss
60 http cache https://registry.npmjs.org/chalk 42ms (cache hit)
61 silly packumentCache full:https://registry.npmjs.org/chalk set size:117861 disposed:false
62 silly fetch manifest @eslint/plugin-kit@^0.4.1
63 silly packumentCache full:https://registry.npmjs.org/@eslint%2fplugin-kit cache-miss
64 http cache https://registry.npmjs.org/espree 46ms (cache hit)
65 silly packumentCache full:https://registry.npmjs.org/espree set size:326080 disposed:false
66 silly fetch manifest eslint-visitor-keys@^4.2.1
67 silly packumentCache full:https://registry.npmjs.org/eslint-visitor-keys cache-miss
68 http cache https://registry.npmjs.org/lodash.merge 50ms (cache hit)
69 silly packumentCache full:https://registry.npmjs.org/lodash.merge set size:78575 disposed:false
70 silly fetch manifest @eslint/config-array@^0.21.2
71 silly packumentCache full:https://registry.npmjs.org/@eslint%2fconfig-array cache-miss
72 http cache https://registry.npmjs.org/@eslint%2feslintrc 51ms (cache hit)
73 silly packumentCache full:https://registry.npmjs.org/@eslint%2feslintrc set size:168674 disposed:false
74 silly fetch manifest @eslint/config-helpers@^0.4.2
75 silly packumentCache full:https://registry.npmjs.org/@eslint%2fconfig-helpers cache-miss
76 http cache https://registry.npmjs.org/eslint-scope 60ms (cache hit)
77 silly packumentCache full:https://registry.npmjs.org/eslint-scope set size:98867 disposed:false
78 silly fetch manifest @react-leaflet/core@^3.0.0
79 silly packumentCache full:https://registry.npmjs.org/@react-leaflet%2fcore cache-miss
80 http cache https://registry.npmjs.org/@eslint%2fcore 62ms (cache hit)
81 silly packumentCache full:https://registry.npmjs.org/@eslint%2fcore set size:58023 disposed:false
82 http cache https://registry.npmjs.org/minimatch 72ms (cache hit)
83 silly packumentCache full:https://registry.npmjs.org/minimatch set size:375282 disposed:false
84 http cache https://registry.npmjs.org/@eslint%2fplugin-kit 67ms (cache hit)
85 silly packumentCache full:https://registry.npmjs.org/@eslint%2fplugin-kit set size:73270 disposed:false
86 http cache https://registry.npmjs.org/eslint-visitor-keys 66ms (cache hit)
87 silly packumentCache full:https://registry.npmjs.org/eslint-visitor-keys set size:69949 disposed:false
88 http cache https://registry.npmjs.org/@eslint%2fconfig-array 69ms (cache hit)
89 silly packumentCache full:https://registry.npmjs.org/@eslint%2fconfig-array set size:74140 disposed:false
90 http cache https://registry.npmjs.org/@eslint%2fconfig-helpers 69ms (cache hit)
91 silly packumentCache full:https://registry.npmjs.org/@eslint%2fconfig-helpers set size:47979 disposed:false
92 http fetch GET 200 https://registry.npmjs.org/@react-leaflet%2fcore 104ms (cache miss)
93 silly packumentCache full:https://registry.npmjs.org/@react-leaflet%2fcore set size:undefined disposed:false
94 silly fetch manifest @tanstack/react-query@^5.99.0
95 silly packumentCache full:https://registry.npmjs.org/@tanstack%2freact-query cache-miss
96 http cache https://registry.npmjs.org/@tanstack%2freact-query 8ms (cache hit)
97 silly packumentCache full:https://registry.npmjs.org/@tanstack%2freact-query set size:1589091 disposed:false
98 silly fetch manifest react@^18 || ^19
99 silly packumentCache full:https://registry.npmjs.org/react cache-miss
100 http cache https://registry.npmjs.org/react 35ms (cache hit)
101 silly packumentCache full:https://registry.npmjs.org/react set size:6637568 disposed:false
102 silly placeDep ROOT @tanstack/react-query@5.100.9 REPLACE for: @tanstack/react-query-devtools@5.99.0 want: ^5.99.0
103 silly fetch manifest @tanstack/query-core@5.100.9
104 silly packumentCache full:https://registry.npmjs.org/@tanstack%2fquery-core cache-miss
105 http cache https://registry.npmjs.org/@tanstack%2fquery-core 13ms (cache hit)
106 silly packumentCache full:https://registry.npmjs.org/@tanstack%2fquery-core set size:1079064 disposed:false
107 silly placeDep ROOT @tanstack/query-core@5.100.9 OK for: @tanstack/react-query@5.100.9 want: 5.100.9
108 silly fetch manifest @types/react@^17.0.0 || ^18.0.0 || ^19.0.0
109 silly packumentCache full:https://registry.npmjs.org/@types%2freact cache-miss
110 http cache https://registry.npmjs.org/@types%2freact 15ms (cache hit)
111 silly packumentCache full:https://registry.npmjs.org/@types%2freact set size:2588964 disposed:false
112 silly fetch manifest @types/react-dom@^17.0.0 || ^18.0.0 || ^19.0.0
113 silly packumentCache full:https://registry.npmjs.org/@types%2freact-dom cache-miss
114 http cache https://registry.npmjs.org/@types%2freact-dom 6ms (cache hit)
115 silly packumentCache full:https://registry.npmjs.org/@types%2freact-dom set size:429026 disposed:false
116 silly placeDep ROOT @types/react@19.2.14 OK for: @tiptap/react@3.20.0 want: ^17.0.0 || ^18.0.0 || ^19.0.0
117 silly placeDep ROOT @types/react-dom@19.2.3 OK for: @tiptap/react@3.20.0 want: ^17.0.0 || ^18.0.0 || ^19.0.0
118 silly fetch manifest csstype@^3.2.2
119 silly packumentCache full:https://registry.npmjs.org/csstype cache-miss
120 http cache https://registry.npmjs.org/csstype 7ms (cache hit)
121 silly packumentCache full:https://registry.npmjs.org/csstype set size:274189 disposed:false
122 silly placeDep ROOT csstype@3.2.3 OK for: @types/react@19.2.14 want: ^3.2.2
123 silly placeDep ROOT @eslint/config-array@0.21.2 OK for: eslint@9.39.4 want: ^0.21.2
124 silly placeDep ROOT @eslint/config-helpers@0.4.2 OK for: eslint@9.39.4 want: ^0.4.2
125 silly placeDep ROOT @eslint/core@0.17.0 OK for: eslint@9.39.4 want: ^0.17.0
126 silly placeDep ROOT @eslint/eslintrc@3.3.5 OK for: eslint@9.39.4 want: ^3.3.5
127 silly placeDep ROOT @eslint/plugin-kit@0.4.1 OK for: eslint@9.39.4 want: ^0.4.1
128 silly placeDep ROOT chalk@4.1.2 OK for: eslint@9.39.4 want: ^4.0.0
129 silly placeDep ROOT eslint-scope@8.4.0 OK for: eslint@9.39.4 want: ^8.4.0
130 silly placeDep node_modules/eslint eslint-visitor-keys@4.2.1 OK for: eslint@9.39.4 want: ^4.2.1
131 silly placeDep ROOT espree@10.4.0 OK for: eslint@9.39.4 want: ^10.4.0
132 silly placeDep ROOT lodash.merge@4.6.2 OK for: eslint@9.39.4 want: ^4.6.2
133 silly placeDep ROOT minimatch@3.1.5 OK for: eslint@9.39.4 want: ^3.1.5
134 silly fetch manifest @eslint/object-schema@^2.1.7
135 silly packumentCache full:https://registry.npmjs.org/@eslint%2fobject-schema cache-miss
136 silly fetch manifest @types/json-schema@^7.0.15
137 silly packumentCache full:https://registry.npmjs.org/@types%2fjson-schema cache-miss
138 silly fetch manifest ajv@^6.14.0
139 silly packumentCache full:https://registry.npmjs.org/ajv cache-miss
140 silly fetch manifest espree@^10.0.1
141 silly packumentCache full:https://registry.npmjs.org/espree cache-hit
142 silly fetch manifest globals@^14.0.0
143 silly packumentCache full:https://registry.npmjs.org/globals cache-miss
144 silly fetch manifest import-fresh@^3.2.1
145 silly packumentCache full:https://registry.npmjs.org/import-fresh cache-miss
146 silly fetch manifest js-yaml@^4.1.1
147 silly packumentCache full:https://registry.npmjs.org/js-yaml cache-miss
148 silly fetch manifest strip-json-comments@^3.1.1
149 silly packumentCache full:https://registry.npmjs.org/strip-json-comments cache-miss
150 http cache https://registry.npmjs.org/@eslint%2fobject-schema 43ms (cache hit)
151 silly packumentCache full:https://registry.npmjs.org/@eslint%2fobject-schema set size:38535 disposed:false
152 silly fetch manifest ansi-styles@^4.1.0
153 silly packumentCache full:https://registry.npmjs.org/ansi-styles cache-miss
154 http cache https://registry.npmjs.org/strip-json-comments 43ms (cache hit)
155 silly packumentCache full:https://registry.npmjs.org/strip-json-comments set size:43569 disposed:false
156 silly fetch manifest supports-color@^7.1.0
157 silly packumentCache full:https://registry.npmjs.org/supports-color cache-miss
158 http cache https://registry.npmjs.org/ajv 54ms (cache hit)
159 silly packumentCache full:https://registry.npmjs.org/ajv set size:1142658 disposed:false
160 silly fetch manifest esrecurse@^4.3.0
161 silly packumentCache full:https://registry.npmjs.org/esrecurse cache-miss
162 http cache https://registry.npmjs.org/@types%2fjson-schema 71ms (cache hit)
163 silly packumentCache full:https://registry.npmjs.org/@types%2fjson-schema set size:44704 disposed:false
164 silly fetch manifest acorn-jsx@^5.3.2
165 silly packumentCache full:https://registry.npmjs.org/acorn-jsx cache-miss
166 http cache https://registry.npmjs.org/import-fresh 67ms (cache hit)
167 silly packumentCache full:https://registry.npmjs.org/import-fresh set size:24604 disposed:false
168 silly fetch manifest brace-expansion@^1.1.7
169 silly packumentCache full:https://registry.npmjs.org/brace-expansion cache-miss
170 http cache https://registry.npmjs.org/globals 72ms (cache hit)
171 silly packumentCache full:https://registry.npmjs.org/globals set size:315985 disposed:false
172 http cache https://registry.npmjs.org/js-yaml 74ms (cache hit)
173 silly packumentCache full:https://registry.npmjs.org/js-yaml set size:152232 disposed:false
174 http cache https://registry.npmjs.org/ansi-styles 60ms (cache hit)
175 silly packumentCache full:https://registry.npmjs.org/ansi-styles set size:63233 disposed:false
176 http cache https://registry.npmjs.org/esrecurse 40ms (cache hit)
177 silly packumentCache full:https://registry.npmjs.org/esrecurse set size:29005 disposed:false
178 http cache https://registry.npmjs.org/supports-color 62ms (cache hit)
179 silly packumentCache full:https://registry.npmjs.org/supports-color set size:118680 disposed:false
180 http cache https://registry.npmjs.org/acorn-jsx 52ms (cache hit)
181 silly packumentCache full:https://registry.npmjs.org/acorn-jsx set size:71068 disposed:false
182 http cache https://registry.npmjs.org/brace-expansion 57ms (cache hit)
183 silly packumentCache full:https://registry.npmjs.org/brace-expansion set size:65768 disposed:false
184 silly placeDep ROOT @eslint/object-schema@2.1.7 OK for: @eslint/config-array@0.21.2 want: ^2.1.7
185 silly placeDep ROOT @types/json-schema@7.0.15 OK for: @eslint/core@0.17.0 want: ^7.0.15
186 silly placeDep node_modules/@eslint/eslintrc ajv@6.15.0 OK for: @eslint/eslintrc@3.3.5 want: ^6.14.0
187 silly placeDep ROOT globals@14.0.0 OK for: @eslint/eslintrc@3.3.5 want: ^14.0.0
188 silly placeDep ROOT import-fresh@3.3.1 OK for: @eslint/eslintrc@3.3.5 want: ^3.2.1
189 silly placeDep ROOT js-yaml@4.1.1 OK for: @eslint/eslintrc@3.3.5 want: ^4.1.1
190 silly placeDep ROOT strip-json-comments@3.1.1 OK for: @eslint/eslintrc@3.3.5 want: ^3.1.1
191 silly fetch manifest json-schema-traverse@^0.4.1
192 silly packumentCache full:https://registry.npmjs.org/json-schema-traverse cache-miss
193 silly fetch manifest resolve-from@^4.0.0
194 silly packumentCache full:https://registry.npmjs.org/resolve-from cache-miss
195 silly fetch manifest parent-module@^1.0.0
196 silly packumentCache full:https://registry.npmjs.org/parent-module cache-miss
197 http cache https://registry.npmjs.org/resolve-from 4ms (cache hit)
198 silly packumentCache full:https://registry.npmjs.org/resolve-from set size:12911 disposed:false
199 http cache https://registry.npmjs.org/json-schema-traverse 5ms (cache hit)
200 silly packumentCache full:https://registry.npmjs.org/json-schema-traverse set size:23537 disposed:false
201 http cache https://registry.npmjs.org/parent-module 6ms (cache hit)
202 silly packumentCache full:https://registry.npmjs.org/parent-module set size:18255 disposed:false
203 silly placeDep node_modules/chalk ansi-styles@4.3.0 OK for: chalk@4.1.2 want: ^4.1.0
204 silly placeDep ROOT supports-color@7.2.0 OK for: chalk@4.1.2 want: ^7.1.0
205 silly fetch manifest has-flag@^4.0.0
206 silly packumentCache full:https://registry.npmjs.org/has-flag cache-miss
207 http cache https://registry.npmjs.org/has-flag 3ms (cache hit)
208 silly packumentCache full:https://registry.npmjs.org/has-flag set size:15180 disposed:false
209 silly placeDep ROOT esrecurse@4.3.0 OK for: eslint-scope@8.4.0 want: ^4.3.0
210 silly fetch manifest acorn@^8.15.0
211 silly packumentCache full:https://registry.npmjs.org/acorn cache-miss
212 http cache https://registry.npmjs.org/acorn 4ms (cache hit)
213 silly packumentCache full:https://registry.npmjs.org/acorn set size:379626 disposed:false
214 silly placeDep ROOT acorn-jsx@5.3.2 OK for: espree@10.4.0 want: ^5.3.2
215 silly placeDep node_modules/espree eslint-visitor-keys@4.2.1 OK for: espree@10.4.0 want: ^4.2.1
216 silly placeDep ROOT parent-module@1.0.1 OK for: import-fresh@3.3.1 want: ^1.0.0
217 silly placeDep ROOT resolve-from@4.0.0 OK for: import-fresh@3.3.1 want: ^4.0.0
218 silly fetch manifest callsites@^3.0.0
219 silly packumentCache full:https://registry.npmjs.org/callsites cache-miss
220 http cache https://registry.npmjs.org/callsites 87ms (cache hit)
221 silly packumentCache full:https://registry.npmjs.org/callsites set size:21349 disposed:false
222 silly placeDep node_modules/minimatch brace-expansion@1.1.14 OK for: minimatch@3.1.5 want: ^1.1.7
223 silly fetch manifest concat-map@0.0.1
224 silly packumentCache full:https://registry.npmjs.org/concat-map cache-miss
225 http cache https://registry.npmjs.org/concat-map 5ms (cache hit)
226 silly packumentCache full:https://registry.npmjs.org/concat-map set size:9290 disposed:false
227 silly placeDep ROOT callsites@3.1.0 OK for: parent-module@1.0.1 want: ^3.0.0
228 silly fetch manifest leaflet@^1.9.0
229 silly packumentCache full:https://registry.npmjs.org/leaflet cache-miss
230 http cache https://registry.npmjs.org/leaflet 4ms (cache hit)
231 silly packumentCache full:https://registry.npmjs.org/leaflet set size:146664 disposed:false
232 silly fetch manifest react@^19.0.0
233 silly packumentCache full:https://registry.npmjs.org/react cache-miss
234 http cache https://registry.npmjs.org/react 42ms (cache hit)
235 silly packumentCache full:https://registry.npmjs.org/react set size:6637568 disposed:false
236 silly fetch manifest react-dom@^19.0.0
237 silly packumentCache full:https://registry.npmjs.org/react-dom cache-miss
238 http cache https://registry.npmjs.org/react-dom 42ms (cache hit)
239 silly packumentCache full:https://registry.npmjs.org/react-dom set size:8846320 disposed:false
240 silly placeDep ROOT @react-leaflet/core@3.0.0 OK for: react-leaflet@5.0.0 want: ^3.0.0
241 silly placeDep ROOT has-flag@4.0.0 OK for: supports-color@7.2.0 want: ^4.0.0
242 silly placeDep node_modules/@eslint/eslintrc json-schema-traverse@0.4.1 OK for: ajv@6.15.0 want: ^0.4.1
243 silly placeDep ROOT concat-map@0.0.1 OK for: brace-expansion@1.1.14 want: 0.0.1
244 silly reify moves {}
245 verbose reify failed optional dependency /Users/admin/Desktop/dự án/mttqvn/node_modules/@tailwindcss/oxide-wasm32-wasi
246 silly reify mark deleted [
246 silly reify   '/Users/admin/Desktop/dự án/mttqvn/node_modules/@tailwindcss/oxide-wasm32-wasi'
246 silly reify ]
247 silly audit bulk request {
247 silly audit   '@adobe/css-tools': [ '4.4.4' ],
247 silly audit   '@alloc/quick-lru': [ '5.2.0' ],
247 silly audit   '@apideck/better-ajv-errors': [ '0.3.6' ],
247 silly audit   '@asamuzakjp/css-color': [ '5.1.1' ],
247 silly audit   'lru-cache': [ '11.2.7', '5.1.1', '11.2.6' ],
247 silly audit   '@asamuzakjp/dom-selector': [ '7.0.4' ],
247 silly audit   '@asamuzakjp/nwsapi': [ '2.3.9' ],
247 silly audit   '@babel/code-frame': [ '7.29.0' ],
247 silly audit   '@babel/compat-data': [ '7.29.0' ],
247 silly audit   '@babel/core': [ '7.28.6' ],
247 silly audit   '@babel/generator': [ '7.29.1' ],
247 silly audit   '@babel/helper-annotate-as-pure': [ '7.27.3' ],
247 silly audit   '@babel/helper-compilation-targets': [ '7.28.6' ],
247 silly audit   '@babel/helper-create-class-features-plugin': [ '7.28.6' ],
247 silly audit   '@babel/helper-create-regexp-features-plugin': [ '7.28.5' ],
247 silly audit   '@babel/helper-define-polyfill-provider': [ '0.6.6' ],
247 silly audit   '@babel/helper-globals': [ '7.28.0' ],
247 silly audit   '@babel/helper-member-expression-to-functions': [ '7.28.5' ],
247 silly audit   '@babel/helper-module-imports': [ '7.28.6' ],
247 silly audit   '@babel/helper-module-transforms': [ '7.28.6' ],
247 silly audit   '@babel/helper-optimise-call-expression': [ '7.27.1' ],
247 silly audit   '@babel/helper-plugin-utils': [ '7.28.6' ],
247 silly audit   '@babel/helper-remap-async-to-generator': [ '7.27.1' ],
247 silly audit   '@babel/helper-replace-supers': [ '7.28.6' ],
247 silly audit   '@babel/helper-skip-transparent-expression-wrappers': [ '7.27.1' ],
247 silly audit   '@babel/helper-string-parser': [ '7.27.1' ],
247 silly audit   '@babel/helper-validator-identifier': [ '7.28.5' ],
247 silly audit   '@babel/helper-validator-option': [ '7.27.1' ],
247 silly audit   '@babel/helper-wrap-function': [ '7.28.6' ],
247 silly audit   '@babel/helpers': [ '7.28.6' ],
247 silly audit   '@babel/parser': [ '7.29.0' ],
247 silly audit   '@babel/plugin-bugfix-firefox-class-in-computed-class-key': [ '7.28.5' ],
247 silly audit   '@babel/plugin-bugfix-safari-class-field-initializer-scope': [ '7.27.1' ],
247 silly audit   '@babel/plugin-bugfix-safari-id-destructuring-collision-in-function-expression': [ '7.27.1' ],
247 silly audit   '@babel/plugin-bugfix-v8-spread-parameters-in-optional-chaining': [ '7.27.1' ],
247 silly audit   '@babel/plugin-bugfix-v8-static-class-fields-redefine-readonly': [ '7.28.6' ],
247 silly audit   '@babel/plugin-proposal-private-property-in-object': [ '7.21.0-placeholder-for-preset-env.2' ],
247 silly audit   '@babel/plugin-syntax-import-assertions': [ '7.28.6' ],
247 silly audit   '@babel/plugin-syntax-import-attributes': [ '7.28.6' ],
247 silly audit   '@babel/plugin-syntax-unicode-sets-regex': [ '7.18.6' ],
247 silly audit   '@babel/plugin-transform-arrow-functions': [ '7.27.1' ],
247 silly audit   '@babel/plugin-transform-async-generator-functions': [ '7.29.0' ],
247 silly audit   '@babel/plugin-transform-async-to-generator': [ '7.28.6' ],
247 silly audit   '@babel/plugin-transform-block-scoped-functions': [ '7.27.1' ],
247 silly audit   '@babel/plugin-transform-block-scoping': [ '7.28.6' ],
247 silly audit   '@babel/plugin-transform-class-properties': [ '7.28.6' ],
247 silly audit   '@babel/plugin-transform-class-static-block': [ '7.28.6' ],
247 silly audit   '@babel/plugin-transform-classes': [ '7.28.6' ],
247 silly audit   '@babel/plugin-transform-computed-properties': [ '7.28.6' ],
247 silly audit   '@babel/plugin-transform-destructuring': [ '7.28.5' ],
247 silly audit   '@babel/plugin-transform-dotall-regex': [ '7.28.6' ],
247 silly audit   '@babel/plugin-transform-duplicate-keys': [ '7.27.1' ],
247 silly audit   '@babel/plugin-transform-duplicate-named-capturing-groups-regex': [ '7.29.0' ],
247 silly audit   '@babel/plugin-transform-dynamic-import': [ '7.27.1' ],
247 silly audit   '@babel/plugin-transform-explicit-resource-management': [ '7.28.6' ],
247 silly audit   '@babel/plugin-transform-exponentiation-operator': [ '7.28.6' ],
247 silly audit   '@babel/plugin-transform-export-namespace-from': [ '7.27.1' ],
247 silly audit   '@babel/plugin-transform-for-of': [ '7.27.1' ],
247 silly audit   '@babel/plugin-transform-function-name': [ '7.27.1' ],
247 silly audit   '@babel/plugin-transform-json-strings': [ '7.28.6' ],
247 silly audit   '@babel/plugin-transform-literals': [ '7.27.1' ],
247 silly audit   '@babel/plugin-transform-logical-assignment-operators': [ '7.28.6' ],
247 silly audit   '@babel/plugin-transform-member-expression-literals': [ '7.27.1' ],
247 silly audit   '@babel/plugin-transform-modules-amd': [ '7.27.1' ],
247 silly audit   '@babel/plugin-transform-modules-commonjs': [ '7.28.6' ],
247 silly audit   '@babel/plugin-transform-modules-systemjs': [ '7.29.0' ],
247 silly audit   '@babel/plugin-transform-modules-umd': [ '7.27.1' ],
247 silly audit   '@babel/plugin-transform-named-capturing-groups-regex': [ '7.29.0' ],
247 silly audit   '@babel/plugin-transform-new-target': [ '7.27.1' ],
247 silly audit   '@babel/plugin-transform-nullish-coalescing-operator': [ '7.28.6' ],
247 silly audit   '@babel/plugin-transform-numeric-separator': [ '7.28.6' ],
247 silly audit   '@babel/plugin-transform-object-rest-spread': [ '7.28.6' ],
247 silly audit   '@babel/plugin-transform-object-super': [ '7.27.1' ],
247 silly audit   '@babel/plugin-transform-optional-catch-binding': [ '7.28.6' ],
247 silly audit   '@babel/plugin-transform-optional-chaining': [ '7.28.6' ],
247 silly audit   '@babel/plugin-transform-parameters': [ '7.27.7' ],
247 silly audit   '@babel/plugin-transform-private-methods': [ '7.28.6' ],
247 silly audit   '@babel/plugin-transform-private-property-in-object': [ '7.28.6' ],
247 silly audit   '@babel/plugin-transform-property-literals': [ '7.27.1' ],
247 silly audit   '@babel/plugin-transform-react-jsx-self': [ '7.27.1' ],
247 silly audit   '@babel/plugin-transform-react-jsx-source': [ '7.27.1' ],
247 silly audit   '@babel/plugin-transform-regenerator': [ '7.29.0' ],
247 silly audit   '@babel/plugin-transform-regexp-modifiers': [ '7.28.6' ],
247 silly audit   '@babel/plugin-transform-reserved-words': [ '7.27.1' ],
247 silly audit   '@babel/plugin-transform-shorthand-properties': [ '7.27.1' ],
247 silly audit   '@babel/plugin-transform-spread': [ '7.28.6' ],
247 silly audit   '@babel/plugin-transform-sticky-regex': [ '7.27.1' ],
247 silly audit   '@babel/plugin-transform-template-literals': [ '7.27.1' ],
247 silly audit   '@babel/plugin-transform-typeof-symbol': [ '7.27.1' ],
247 silly audit   '@babel/plugin-transform-unicode-escapes': [ '7.27.1' ],
247 silly audit   '@babel/plugin-transform-unicode-property-regex': [ '7.28.6' ],
247 silly audit   '@babel/plugin-transform-unicode-regex': [ '7.27.1' ],
247 silly audit   '@babel/plugin-transform-unicode-sets-regex': [ '7.28.6' ],
247 silly audit   '@babel/preset-env': [ '7.29.0' ],
247 silly audit   '@babel/preset-modules': [ '0.1.6-no-external-plugins' ],
247 silly audit   '@babel/runtime': [ '7.28.6' ],
247 silly audit   '@babel/template': [ '7.28.6' ],
247 silly audit   '@babel/traverse': [ '7.29.0' ],
247 silly audit   '@babel/types': [ '7.29.0' ],
247 silly audit   '@bramus/specificity': [ '2.4.2' ],
247 silly audit   '@csstools/color-helpers': [ '6.0.2' ],
247 silly audit   '@csstools/css-calc': [ '3.1.1' ],
247 silly audit   '@csstools/css-color-parser': [ '4.0.2' ],
247 silly audit   '@csstools/css-parser-algorithms': [ '4.0.0' ],
247 silly audit   '@csstools/css-syntax-patches-for-csstree': [ '1.1.2' ],
247 silly audit   '@csstools/css-tokenizer': [ '4.0.0' ],
247 silly audit   '@dnd-kit/accessibility': [ '3.1.1' ],
247 silly audit   '@dnd-kit/core': [ '6.3.1' ],
247 silly audit   '@dnd-kit/utilities': [ '3.2.2' ],
247 silly audit   '@esbuild/aix-ppc64': [ '0.27.2' ],
247 silly audit   '@esbuild/android-arm': [ '0.27.2' ],
247 silly audit   '@esbuild/android-arm64': [ '0.27.2' ],
247 silly audit   '@esbuild/android-x64': [ '0.27.2' ],
247 silly audit   '@esbuild/darwin-arm64': [ '0.27.2' ],
247 silly audit   '@esbuild/darwin-x64': [ '0.27.2' ],
247 silly audit   '@esbuild/freebsd-arm64': [ '0.27.2' ],
247 silly audit   '@esbuild/freebsd-x64': [ '0.27.2' ],
247 silly audit   '@esbuild/linux-arm': [ '0.27.2' ],
247 silly audit   '@esbuild/linux-arm64': [ '0.27.2' ],
247 silly audit   '@esbuild/linux-ia32': [ '0.27.2' ],
247 silly audit   '@esbuild/linux-loong64': [ '0.27.2' ],
247 silly audit   '@esbuild/linux-mips64el': [ '0.27.2' ],
247 silly audit   '@esbuild/linux-ppc64': [ '0.27.2' ],
247 silly audit   '@esbuild/linux-riscv64': [ '0.27.2' ],
247 silly audit   '@esbuild/linux-s390x': [ '0.27.2' ],
247 silly audit   '@esbuild/linux-x64': [ '0.27.2' ],
247 silly audit   '@esbuild/netbsd-arm64': [ '0.27.2' ],
247 silly audit   '@esbuild/netbsd-x64': [ '0.27.2' ],
247 silly audit   '@esbuild/openbsd-arm64': [ '0.27.2' ],
247 silly audit   '@esbuild/openbsd-x64': [ '0.27.2' ],
247 silly audit   '@esbuild/openharmony-arm64': [ '0.27.2' ],
247 silly audit   '@esbuild/sunos-x64': [ '0.27.2' ],
247 silly audit   '@esbuild/win32-arm64': [ '0.27.2' ],
247 silly audit   '@esbuild/win32-ia32': [ '0.27.2' ],
247 silly audit   '@esbuild/win32-x64': [ '0.27.2' ],
247 silly audit   '@eslint-community/eslint-utils': [ '4.9.1' ],
247 silly audit   'eslint-visitor-keys': [ '3.4.3', '5.0.1', '4.2.1' ],
247 silly audit   '@eslint-community/regexpp': [ '4.12.2' ],
247 silly audit   'balanced-match': [ '4.0.4', '1.0.2' ],
247 silly audit   'brace-expansion': [ '5.0.3', '2.0.2', '1.1.14' ],
247 silly audit   minimatch: [ '10.2.4', '5.1.6', '10.1.2', '3.1.5' ],
247 silly audit   '@exodus/bytes': [ '1.15.0' ],
247 silly audit   '@floating-ui/core': [ '1.7.4' ],
247 silly audit   '@floating-ui/dom': [ '1.7.5' ],
247 silly audit   '@floating-ui/utils': [ '0.2.10' ],
247 silly audit   '@hookform/resolvers': [ '5.2.2' ],
247 silly audit   '@humanfs/core': [ '0.19.1' ],
247 silly audit   '@humanfs/node': [ '0.16.7' ],
247 silly audit   '@humanwhocodes/module-importer': [ '1.0.1' ],
247 silly audit   '@humanwhocodes/retry': [ '0.4.3' ],
247 silly audit   '@isaacs/balanced-match': [ '4.0.1' ],
247 silly audit   '@isaacs/brace-expansion': [ '5.0.1' ],
247 silly audit   '@jridgewell/gen-mapping': [ '0.3.13' ],
247 silly audit   '@jridgewell/remapping': [ '2.3.5' ],
247 silly audit   '@jridgewell/resolve-uri': [ '3.1.2' ],
247 silly audit   '@jridgewell/source-map': [ '0.3.11' ],
247 silly audit   '@jridgewell/sourcemap-codec': [ '1.5.5' ],
247 silly audit   '@jridgewell/trace-mapping': [ '0.3.31' ],
247 silly audit   '@reduxjs/toolkit': [ '2.11.2' ],
247 silly audit   immer: [ '11.1.3', '10.2.0' ],
247 silly audit   '@remirror/core-constants': [ '3.0.0' ],
247 silly audit   '@rolldown/pluginutils': [ '1.0.0-beta.53' ],
247 silly audit   '@rollup/plugin-node-resolve': [ '15.3.1' ],
247 silly audit   '@rollup/plugin-terser': [ '0.4.4' ],
247 silly audit   '@rollup/pluginutils': [ '5.3.0', '3.1.0' ],
247 silly audit   'estree-walker': [ '2.0.2', '3.0.3', '1.0.1' ],
247 silly audit   '@rollup/rollup-android-arm-eabi': [ '4.57.1' ],
247 silly audit   '@rollup/rollup-android-arm64': [ '4.57.1' ],
247 silly audit   '@rollup/rollup-darwin-arm64': [ '4.57.1' ],
247 silly audit   '@rollup/rollup-darwin-x64': [ '4.57.1' ],
247 silly audit   '@rollup/rollup-freebsd-arm64': [ '4.57.1' ],
247 silly audit   '@rollup/rollup-freebsd-x64': [ '4.57.1' ],
247 silly audit   '@rollup/rollup-linux-arm-gnueabihf': [ '4.57.1' ],
247 silly audit   '@rollup/rollup-linux-arm-musleabihf': [ '4.57.1' ],
247 silly audit   '@rollup/rollup-linux-arm64-gnu': [ '4.57.1' ],
247 silly audit   '@rollup/rollup-linux-arm64-musl': [ '4.57.1' ],
247 silly audit   '@rollup/rollup-linux-loong64-gnu': [ '4.57.1' ],
247 silly audit   '@rollup/rollup-linux-loong64-musl': [ '4.57.1' ],
247 silly audit   '@rollup/rollup-linux-ppc64-gnu': [ '4.57.1' ],
247 silly audit   '@rollup/rollup-linux-ppc64-musl': [ '4.57.1' ],
247 silly audit   '@rollup/rollup-linux-riscv64-gnu': [ '4.57.1' ],
247 silly audit   '@rollup/rollup-linux-riscv64-musl': [ '4.57.1' ],
247 silly audit   '@rollup/rollup-linux-s390x-gnu': [ '4.57.1' ],
247 silly audit   '@rollup/rollup-linux-x64-gnu': [ '4.57.1' ],
247 silly audit   '@rollup/rollup-linux-x64-musl': [ '4.57.1' ],
247 silly audit   '@rollup/rollup-openbsd-x64': [ '4.57.1' ],
247 silly audit   '@rollup/rollup-openharmony-arm64': [ '4.57.1' ],
247 silly audit   '@rollup/rollup-win32-arm64-msvc': [ '4.57.1' ],
247 silly audit   '@rollup/rollup-win32-ia32-msvc': [ '4.57.1' ],
247 silly audit   '@rollup/rollup-win32-x64-gnu': [ '4.57.1' ],
247 silly audit   '@rollup/rollup-win32-x64-msvc': [ '4.57.1' ],
247 silly audit   '@sentry-internal/browser-utils': [ '10.40.0' ],
247 silly audit   '@sentry-internal/feedback': [ '10.40.0' ],
247 silly audit   '@sentry-internal/replay': [ '10.40.0' ],
247 silly audit   '@sentry-internal/replay-canvas': [ '10.40.0' ],
247 silly audit   '@sentry/browser': [ '10.40.0' ],
247 silly audit   '@sentry/core': [ '10.40.0' ],
247 silly audit   '@sentry/react': [ '10.40.0' ],
247 silly audit   '@standard-schema/spec': [ '1.1.0' ],
247 silly audit   '@standard-schema/utils': [ '0.3.0' ],
247 silly audit   '@supabase/auth-js': [ '2.98.0' ],
247 silly audit   '@supabase/functions-js': [ '2.98.0' ],
247 silly audit   '@supabase/postgrest-js': [ '2.98.0' ],
247 silly audit   '@supabase/realtime-js': [ '2.98.0' ],
247 silly audit   '@supabase/storage-js': [ '2.98.0' ],
247 silly audit   '@supabase/supabase-js': [ '2.98.0' ],
247 silly audit   '@surma/rollup-plugin-off-main-thread': [ '2.2.3' ],
247 silly audit   'magic-string': [ '0.25.9', '0.30.21' ],
247 silly audit   '@tailwindcss/node': [ '4.1.18' ],
247 silly audit   '@tailwindcss/oxide': [ '4.1.18' ],
247 silly audit   '@tailwindcss/oxide-android-arm64': [ '4.1.18' ],
247 silly audit   '@tailwindcss/oxide-darwin-arm64': [ '4.1.18' ],
247 silly audit   '@tailwindcss/oxide-darwin-x64': [ '4.1.18' ],
247 silly audit   '@tailwindcss/oxide-freebsd-x64': [ '4.1.18' ],
247 silly audit   '@tailwindcss/oxide-linux-arm-gnueabihf': [ '4.1.18' ],
247 silly audit   '@tailwindcss/oxide-linux-arm64-gnu': [ '4.1.18' ],
247 silly audit   '@tailwindcss/oxide-linux-arm64-musl': [ '4.1.18' ],
247 silly audit   '@tailwindcss/oxide-linux-x64-gnu': [ '4.1.18' ],
247 silly audit   '@tailwindcss/oxide-linux-x64-musl': [ '4.1.18' ],
247 silly audit   '@tailwindcss/oxide-win32-arm64-msvc': [ '4.1.18' ],
247 silly audit   '@tailwindcss/oxide-win32-x64-msvc': [ '4.1.18' ],
247 silly audit   '@tailwindcss/postcss': [ '4.1.18' ],
247 silly audit   '@tanstack/query-devtools': [ '5.99.0' ],
247 silly audit   '@tanstack/react-query-devtools': [ '5.99.0' ],
247 silly audit   '@tanstack/react-virtual': [ '3.13.18' ],
247 silly audit   '@tanstack/virtual-core': [ '3.13.18' ],
247 silly audit   '@testing-library/dom': [ '10.4.1' ],
247 silly audit   'aria-query': [ '5.3.0', '5.3.2' ],
247 silly audit   'dom-accessibility-api': [ '0.5.16', '0.6.3' ],
247 silly audit   '@testing-library/jest-dom': [ '6.9.1' ],
247 silly audit   '@testing-library/react': [ '16.3.2' ],
247 silly audit   '@tiptap/core': [ '3.20.0' ],
247 silly audit   '@tiptap/extension-blockquote': [ '3.20.0' ],
247 silly audit   '@tiptap/extension-bold': [ '3.20.0' ],
247 silly audit   '@tiptap/extension-bubble-menu': [ '3.20.0' ],
247 silly audit   '@tiptap/extension-bullet-list': [ '3.20.0' ],
247 silly audit   '@tiptap/extension-code': [ '3.20.0' ],
247 silly audit   '@tiptap/extension-code-block': [ '3.20.0' ],
247 silly audit   '@tiptap/extension-document': [ '3.20.0' ],
247 silly audit   '@tiptap/extension-dropcursor': [ '3.20.0' ],
247 silly audit   '@tiptap/extension-floating-menu': [ '3.20.0' ],
247 silly audit   '@tiptap/extension-gapcursor': [ '3.20.0' ],
247 silly audit   '@tiptap/extension-hard-break': [ '3.20.0' ],
247 silly audit   '@tiptap/extension-heading': [ '3.20.0' ],
247 silly audit   '@tiptap/extension-horizontal-rule': [ '3.20.0' ],
247 silly audit   '@tiptap/extension-italic': [ '3.20.0' ],
247 silly audit   '@tiptap/extension-link': [ '3.20.0' ],
247 silly audit   '@tiptap/extension-list': [ '3.20.0' ],
247 silly audit   '@tiptap/extension-list-item': [ '3.20.0' ],
247 silly audit   '@tiptap/extension-list-keymap': [ '3.20.0' ],
247 silly audit   '@tiptap/extension-ordered-list': [ '3.20.0' ],
247 silly audit   '@tiptap/extension-paragraph': [ '3.20.0' ],
247 silly audit   '@tiptap/extension-strike': [ '3.20.0' ],
247 silly audit   '@tiptap/extension-table': [ '3.20.0' ],
247 silly audit   '@tiptap/extension-table-cell': [ '3.20.0' ],
247 silly audit   '@tiptap/extension-table-header': [ '3.20.0' ],
247 silly audit   '@tiptap/extension-table-row': [ '3.20.0' ],
247 silly audit   '@tiptap/extension-text': [ '3.20.0' ],
247 silly audit   '@tiptap/extension-text-style': [ '3.20.0' ],
247 silly audit   '@tiptap/extension-underline': [ '3.20.0' ],
247 silly audit   '@tiptap/extensions': [ '3.20.0' ],
247 silly audit   '@tiptap/pm': [ '3.20.0' ],
247 silly audit   '@tiptap/react': [ '3.20.0' ],
247 silly audit   '@tiptap/starter-kit': [ '3.20.0' ],
247 silly audit   '@types/aria-query': [ '5.0.4' ],
247 silly audit   '@types/babel__core': [ '7.20.5' ],
247 silly audit   '@types/babel__generator': [ '7.27.0' ],
247 silly audit   '@types/babel__template': [ '7.4.4' ],
247 silly audit   '@types/babel__traverse': [ '7.28.0' ],
247 silly audit   '@types/chai': [ '5.2.3' ],
247 silly audit   '@types/d3-array': [ '3.2.2' ],
247 silly audit   '@types/d3-color': [ '3.1.3' ],
247 silly audit   '@types/d3-ease': [ '3.0.2' ],
247 silly audit   '@types/d3-interpolate': [ '3.0.4' ],
247 silly audit   '@types/d3-path': [ '3.1.1' ],
247 silly audit   '@types/d3-scale': [ '4.0.9' ],
247 silly audit   '@types/d3-shape': [ '3.1.8' ],
247 silly audit   '@types/d3-time': [ '3.0.4' ],
247 silly audit   '@types/d3-timer': [ '3.0.2' ],
247 silly audit   '@types/deep-eql': [ '4.0.2' ],
247 silly audit   '@types/estree': [ '1.0.8', '0.0.39' ],
247 silly audit   '@types/geojson': [ '7946.0.16' ],
247 silly audit   '@types/leaflet': [ '1.9.21' ],
247 silly audit   '@types/linkify-it': [ '5.0.0' ],
247 silly audit   '@types/markdown-it': [ '14.1.2' ],
247 silly audit   '@types/mdurl': [ '2.0.0' ],
247 silly audit   '@types/node': [ '25.1.0' ],
247 silly audit   '@types/pako': [ '2.0.4' ],
247 silly audit   '@types/phoenix': [ '1.6.7' ],
247 silly audit   '@types/raf': [ '3.4.3' ],
247 silly audit   '@types/resolve': [ '1.20.2' ],
247 silly audit   '@types/trusted-types': [ '2.0.7' ],
247 silly audit   '@types/use-sync-external-store': [ '0.0.6' ],
247 silly audit   '@types/ws': [ '8.18.1' ],
247 silly audit   '@typescript-eslint/eslint-plugin': [ '8.56.1' ],
247 silly audit   ignore: [ '7.0.5', '5.3.2' ],
247 silly audit   '@typescript-eslint/parser': [ '8.56.1' ],
247 silly audit   '@typescript-eslint/project-service': [ '8.56.1' ],
247 silly audit   '@typescript-eslint/scope-manager': [ '8.56.1' ],
247 silly audit   '@typescript-eslint/tsconfig-utils': [ '8.56.1' ],
247 silly audit   '@typescript-eslint/type-utils': [ '8.56.1' ],
247 silly audit   '@typescript-eslint/types': [ '8.56.1' ],
247 silly audit   '@typescript-eslint/typescript-estree': [ '8.56.1' ],
247 silly audit   semver: [ '7.7.4', '6.3.1' ],
247 silly audit   '@typescript-eslint/utils': [ '8.56.1' ],
247 silly audit   '@typescript-eslint/visitor-keys': [ '8.56.1' ],
247 silly audit   '@vitejs/plugin-react': [ '5.1.2' ],
247 silly audit   '@vitest/expect': [ '4.0.18' ],
247 silly audit   '@vitest/mocker': [ '4.0.18' ],
247 silly audit   '@vitest/pretty-format': [ '4.0.18' ],
247 silly audit   '@vitest/runner': [ '4.0.18' ],
247 silly audit   '@vitest/snapshot': [ '4.0.18' ],
247 silly audit   '@vitest/spy': [ '4.0.18' ],
247 silly audit   '@vitest/utils': [ '4.0.18' ],
247 silly audit   acorn: [ '8.16.0' ],
247 silly audit   'adler-32': [ '1.3.1' ],
247 silly audit   ajv: [ '8.17.1', '6.14.0', '6.15.0' ],
247 silly audit   'ansi-regex': [ '5.0.1' ],
247 silly audit   'ansi-styles': [ '5.2.0', '4.3.0' ],
247 silly audit   argparse: [ '2.0.1' ],
247 silly audit   'array-buffer-byte-length': [ '1.0.2' ],
247 silly audit   'array-includes': [ '3.1.9' ],
247 silly audit   'array.prototype.findlast': [ '1.2.5' ],
247 silly audit   'array.prototype.flat': [ '1.3.3' ],
247 silly audit   'array.prototype.flatmap': [ '1.3.3' ],
247 silly audit   'array.prototype.tosorted': [ '1.1.4' ],
247 silly audit   'arraybuffer.prototype.slice': [ '1.0.4' ],
247 silly audit   'assertion-error': [ '2.0.1' ],
247 silly audit   'ast-types-flow': [ '0.0.8' ],
247 silly audit   async: [ '3.2.6' ],
247 silly audit   'async-function': [ '1.0.0' ],
247 silly audit   'at-least-node': [ '1.0.0' ],
247 silly audit   autoprefixer: [ '10.4.24' ],
247 silly audit   'available-typed-arrays': [ '1.0.7' ],
247 silly audit   'axe-core': [ '4.11.1' ],
247 silly audit   axios: [ '0.24.0' ],
247 silly audit   'axobject-query': [ '4.1.0' ],
247 silly audit   'babel-plugin-polyfill-corejs2': [ '0.4.15' ],
247 silly audit   'babel-plugin-polyfill-corejs3': [ '0.14.0' ],
247 silly audit   'babel-plugin-polyfill-regenerator': [ '0.6.6' ],
247 silly audit   'base64-arraybuffer': [ '1.0.2' ],
247 silly audit   'base64-js': [ '1.5.1' ],
247 silly audit   'baseline-browser-mapping': [ '2.9.19' ],
247 silly audit   'bidi-js': [ '1.0.3' ],
247 silly audit   browserslist: [ '4.28.1' ],
247 silly audit   buffer: [ '6.0.3' ],
247 silly audit   'buffer-from': [ '1.1.2' ],
247 silly audit   'call-bind': [ '1.0.8' ],
247 silly audit   'call-bind-apply-helpers': [ '1.0.2' ],
247 silly audit   'call-bound': [ '1.0.4' ],
247 silly audit   camelcase: [ '5.3.1' ],
247 silly audit   'caniuse-lite': [ '1.0.30001766' ],
247 silly audit   canvg: [ '3.0.11' ],
247 silly audit   cfb: [ '1.2.2' ],
247 silly audit   chai: [ '6.2.2' ],
247 silly audit   cliui: [ '6.0.0' ],
247 silly audit   'emoji-regex': [ '8.0.0', '9.2.2' ],
247 silly audit   'string-width': [ '4.2.3' ],
247 silly audit   'strip-ansi': [ '6.0.1' ],
247 silly audit   'wrap-ansi': [ '6.2.0' ],
247 silly audit   clsx: [ '2.1.1' ],
247 silly audit   codepage: [ '1.15.0' ],
247 silly audit   'color-convert': [ '2.0.1' ],
247 silly audit   'color-name': [ '1.1.4' ],
247 silly audit   commander: [ '2.20.3' ],
247 silly audit   'common-tags': [ '1.8.2' ],
247 silly audit   'convert-source-map': [ '2.0.0' ],
247 silly audit   cookie: [ '1.1.1' ],
247 silly audit   'core-js': [ '3.48.0' ],
247 silly audit   'core-js-compat': [ '3.48.0' ],
247 silly audit   crc: [ '4.3.2' ],
247 silly audit   'crc-32': [ '1.2.2' ],
247 silly audit   crelt: [ '1.0.6' ],
247 silly audit   'cross-spawn': [ '7.0.6' ],
247 silly audit   'crypto-js': [ '4.2.0' ],
247 silly audit   'crypto-random-string': [ '2.0.0' ],
247 silly audit   'css-line-break': [ '2.1.0' ],
247 silly audit   'css-tree': [ '3.2.1' ],
247 silly audit   'css.escape': [ '1.5.1' ],
247 silly audit   'd3-array': [ '3.2.4' ],
247 silly audit   'd3-color': [ '3.1.0' ],
247 silly audit   'd3-ease': [ '3.0.1' ],
247 silly audit   'd3-format': [ '3.1.2' ],
247 silly audit   'd3-interpolate': [ '3.0.1' ],
247 silly audit   'd3-path': [ '3.1.0' ],
247 silly audit   'd3-scale': [ '4.0.2' ],
247 silly audit   'd3-shape': [ '3.2.0' ],
247 silly audit   'd3-time': [ '3.1.0' ],
247 silly audit   'd3-time-format': [ '4.1.0' ],
247 silly audit   'd3-timer': [ '3.0.1' ],
247 silly audit   'damerau-levenshtein': [ '1.0.8' ],
247 silly audit   'data-urls': [ '7.0.0' ],
247 silly audit   tr46: [ '6.0.0', '1.0.1' ],
247 silly audit   'webidl-conversions': [ '8.0.1', '4.0.2' ],
247 silly audit   'whatwg-url': [ '16.0.1', '7.1.0' ],
247 silly audit   'data-view-buffer': [ '1.0.2' ],
247 silly audit   'data-view-byte-length': [ '1.0.2' ],
247 silly audit   'data-view-byte-offset': [ '1.0.1' ],
247 silly audit   dayjs: [ '1.11.19' ],
247 silly audit   debug: [ '4.4.3' ],
247 silly audit   decamelize: [ '1.2.0' ],
247 silly audit   'decimal.js': [ '10.6.0' ],
247 silly audit   'decimal.js-light': [ '2.5.1' ],
247 silly audit   'deep-is': [ '0.1.4' ],
247 silly audit   deepmerge: [ '4.3.1' ],
247 silly audit   'define-data-property': [ '1.1.4' ],
247 silly audit   'define-properties': [ '1.2.1' ],
247 silly audit   dequal: [ '2.0.3' ],
247 silly audit   'detect-libc': [ '2.1.2' ],
247 silly audit   dijkstrajs: [ '1.0.3' ],
247 silly audit   doctrine: [ '2.1.0' ],
247 silly audit   dompurify: [ '3.3.1' ],
247 silly audit   'dunder-proto': [ '1.0.1' ],
247 silly audit   ejs: [ '3.1.10' ],
247 silly audit   'electron-to-chromium': [ '1.5.283' ],
247 silly audit   'enhanced-resolve': [ '5.18.4' ],
247 silly audit   entities: [ '4.5.0', '6.0.1' ],
247 silly audit   'es-abstract': [ '1.24.1' ],
247 silly audit   'es-define-property': [ '1.0.1' ],
247 silly audit   'es-errors': [ '1.3.0' ],
247 silly audit   'es-iterator-helpers': [ '1.2.2' ],
247 silly audit   'es-module-lexer': [ '1.7.0' ],
247 silly audit   'es-object-atoms': [ '1.1.1' ],
247 silly audit   'es-set-tostringtag': [ '2.1.0' ],
247 silly audit   'es-shim-unscopables': [ '1.1.0' ],
247 silly audit   'es-to-primitive': [ '1.3.0' ],
247 silly audit   'es-toolkit': [ '1.44.0' ],
247 silly audit   esbuild: [ '0.27.2' ],
247 silly audit   escalade: [ '3.2.0' ],
247 silly audit   'escape-string-regexp': [ '4.0.0' ],
247 silly audit   'eslint-config-prettier': [ '10.1.8' ],
247 silly audit   'eslint-plugin-jsx-a11y': [ '6.10.2' ],
247 silly audit   'eslint-plugin-react': [ '7.37.5' ],
247 silly audit   'eslint-plugin-react-hooks': [ '7.0.1' ],
247 silly audit   resolve: [ '2.0.0-next.6', '1.22.11' ],
247 silly audit   'json-schema-traverse': [ '1.0.0', '0.4.1' ],
247 silly audit   esquery: [ '1.7.0' ],
247 silly audit   estraverse: [ '5.3.0' ],
247 silly audit   esutils: [ '2.0.3' ],
247 silly audit   eventemitter3: [ '5.0.4' ],
247 silly audit   'expect-type': [ '1.3.0' ],
247 silly audit   'fast-deep-equal': [ '3.1.3' ],
247 silly audit   'fast-equals': [ '5.4.0' ],
247 silly audit   'fast-json-stable-stringify': [ '2.1.0' ],
247 silly audit   'fast-levenshtein': [ '2.0.6' ],
247 silly audit   'fast-png': [ '6.4.0' ],
247 silly audit   'fast-uri': [ '3.1.0' ],
247 silly audit   fdir: [ '6.5.0' ],
247 silly audit   fflate: [ '0.8.2' ],
247 silly audit   'file-entry-cache': [ '8.0.0' ],
247 silly audit   filelist: [ '1.0.4' ],
247 silly audit   'find-up': [ '5.0.0', '4.1.0' ],
247 silly audit   'flat-cache': [ '4.0.1' ],
247 silly audit   flatted: [ '3.3.3' ],
247 silly audit   'follow-redirects': [ '1.15.11' ],
247 silly audit   'for-each': [ '0.3.5' ],
247 silly audit   'foreground-child': [ '3.3.1' ],
247 silly audit   frac: [ '1.1.2' ],
247 silly audit   'fraction.js': [ '5.3.4' ],
247 silly audit   'framer-motion': [ '12.29.2' ],
247 silly audit   'fs-extra': [ '9.1.0' ],
247 silly audit   fsevents: [ '2.3.3' ],
247 silly audit   'function-bind': [ '1.1.2' ],
247 silly audit   'function.prototype.name': [ '1.1.8' ],
247 silly audit   'functions-have-names': [ '1.2.3' ],
247 silly audit   'generator-function': [ '2.0.1' ],
247 silly audit   gensync: [ '1.0.0-beta.2' ],
247 silly audit   'get-caller-file': [ '2.0.5' ],
247 silly audit   'get-intrinsic': [ '1.3.0' ],
247 silly audit   'get-own-enumerable-property-symbols': [ '3.0.2' ],
247 silly audit   'get-proto': [ '1.0.1' ],
247 silly audit   'get-symbol-description': [ '1.1.0' ],
247 silly audit   'glob-parent': [ '6.0.2' ],
247 silly audit   globalthis: [ '1.0.4' ],
247 silly audit   gopd: [ '1.2.0' ],
247 silly audit   'graceful-fs': [ '4.2.11' ],
247 silly audit   'has-bigints': [ '1.1.0' ],
247 silly audit   'has-property-descriptors': [ '1.0.2' ],
247 silly audit   'has-proto': [ '1.2.0' ],
247 silly audit   'has-symbols': [ '1.1.0' ],
247 silly audit   'has-tostringtag': [ '1.0.2' ],
247 silly audit   hasown: [ '2.0.2' ],
247 silly audit   'hermes-estree': [ '0.25.1' ],
247 silly audit   'hermes-parser': [ '0.25.1' ],
247 silly audit   'html-encoding-sniffer': [ '6.0.0' ],
247 silly audit   html2canvas: [ '1.4.1' ],
247 silly audit   'iceberg-js': [ '0.8.1' ],
247 silly audit   idb: [ '7.1.1' ],
247 silly audit   ieee754: [ '1.2.1' ],
247 silly audit   imurmurhash: [ '0.1.4' ],
247 silly audit   'indent-string': [ '4.0.0' ],
247 silly audit   'internal-slot': [ '1.1.0' ],
247 silly audit   internmap: [ '2.0.3' ],
247 silly audit   iobuffer: [ '5.4.0' ],
247 silly audit   'is-array-buffer': [ '3.0.5' ],
247 silly audit   'is-async-function': [ '2.1.1' ],
247 silly audit   'is-bigint': [ '1.1.0' ],
247 silly audit   'is-boolean-object': [ '1.2.2' ],
247 silly audit   'is-callable': [ '1.2.7' ],
247 silly audit   'is-core-module': [ '2.16.1' ],
247 silly audit   'is-data-view': [ '1.0.2' ],
247 silly audit   'is-date-object': [ '1.1.0' ],
247 silly audit   'is-extglob': [ '2.1.1' ],
247 silly audit   'is-finalizationregistry': [ '1.1.1' ],
247 silly audit   'is-fullwidth-code-point': [ '3.0.0' ],
247 silly audit   'is-generator-function': [ '1.1.2' ],
247 silly audit   'is-glob': [ '4.0.3' ],
247 silly audit   'is-map': [ '2.0.3' ],
247 silly audit   'is-module': [ '1.0.0' ],
247 silly audit   'is-negative-zero': [ '2.0.3' ],
247 silly audit   'is-number-object': [ '1.1.1' ],
247 silly audit   'is-obj': [ '1.0.1' ],
247 silly audit   'is-potential-custom-element-name': [ '1.0.1' ],
247 silly audit   'is-regex': [ '1.2.1' ],
247 silly audit   'is-regexp': [ '1.0.0' ],
247 silly audit   'is-set': [ '2.0.3' ],
247 silly audit   'is-shared-array-buffer': [ '1.0.4' ],
247 silly audit   'is-stream': [ '2.0.1' ],
247 silly audit   'is-string': [ '1.1.1' ],
247 silly audit   'is-symbol': [ '1.1.1' ],
247 silly audit   'is-typed-array': [ '1.1.15' ],
247 silly audit   'is-weakmap': [ '2.0.2' ],
247 silly audit   'is-weakref': [ '1.1.1' ],
247 silly audit   'is-weakset': [ '2.0.4' ],
247 silly audit   isarray: [ '2.0.5' ],
247 silly audit   isexe: [ '2.0.0' ],
247 silly audit   'iterator.prototype': [ '1.1.5' ],
247 silly audit   jake: [ '10.9.4' ],
247 silly audit   jiti: [ '2.6.1' ],
247 silly audit   'js-tokens': [ '4.0.0' ],
247 silly audit   jsdom: [ '29.0.1' ],
247 silly audit   jsesc: [ '3.1.0' ],
247 silly audit   'json-buffer': [ '3.0.1' ],
247 silly audit   'json-schema': [ '0.4.0' ],
247 silly audit   'json-stable-stringify-without-jsonify': [ '1.0.1' ],
247 silly audit   json5: [ '2.2.3' ],
247 silly audit   jsonfile: [ '6.2.0' ],
247 silly audit   jsonpointer: [ '5.0.1' ],
247 silly audit   jspdf: [ '4.1.0' ],
247 silly audit   'jspdf-autotable': [ '5.0.7' ],
247 silly audit   'jsx-ast-utils': [ '3.3.5' ],
247 silly audit   keyv: [ '4.5.4' ],
247 silly audit   'language-subtag-registry': [ '0.3.23' ],
247 silly audit   'language-tags': [ '1.0.9' ],
247 silly audit   leaflet: [ '1.9.4' ],
247 silly audit   leven: [ '3.1.0' ],
247 silly audit   levn: [ '0.4.1' ],
247 silly audit   lightningcss: [ '1.30.2' ],
247 silly audit   'lightningcss-android-arm64': [ '1.30.2' ],
247 silly audit   'lightningcss-darwin-arm64': [ '1.30.2' ],
247 silly audit   'lightningcss-darwin-x64': [ '1.30.2' ],
247 silly audit   'lightningcss-freebsd-x64': [ '1.30.2' ],
247 silly audit   'lightningcss-linux-arm-gnueabihf': [ '1.30.2' ],
247 silly audit   'lightningcss-linux-arm64-gnu': [ '1.30.2' ],
247 silly audit   'lightningcss-linux-arm64-musl': [ '1.30.2' ],
247 silly audit   'lightningcss-linux-x64-gnu': [ '1.30.2' ],
247 silly audit   'lightningcss-linux-x64-musl': [ '1.30.2' ],
247 silly audit   'lightningcss-win32-arm64-msvc': [ '1.30.2' ],
247 silly audit   'lightningcss-win32-x64-msvc': [ '1.30.2' ],
247 silly audit   'linkify-it': [ '5.0.0' ],
247 silly audit   linkifyjs: [ '4.3.2' ],
247 silly audit   'locate-path': [ '6.0.0', '5.0.0' ],
247 silly audit   lodash: [ '4.17.23' ],
247 silly audit   'lodash.debounce': [ '4.0.8' ],
247 silly audit   'lodash.sortby': [ '4.7.0' ],
247 silly audit   'loose-envify': [ '1.4.0' ],
247 silly audit   'lucide-react': [ '0.563.0' ],
247 silly audit   'lz-string': [ '1.5.0' ],
247 silly audit   'markdown-it': [ '14.1.1' ],
247 silly audit   'math-intrinsics': [ '1.1.0' ],
247 silly audit   'mdn-data': [ '2.27.1' ],
247 silly audit   mdurl: [ '2.0.0' ],
247 silly audit   'min-indent': [ '1.0.1' ],
247 silly audit   minipass: [ '7.1.2' ],
247 silly audit   'motion-dom': [ '12.29.2' ],
247 silly audit   'motion-utils': [ '12.29.2' ],
247 silly audit   ms: [ '2.1.3' ],
247 silly audit   nanoid: [ '3.3.11' ],
247 silly audit   'napas-qr': [ '1.0.4' ],
247 silly audit   'natural-compare': [ '1.4.0' ],
247 silly audit   'node-exports-info': [ '1.6.0' ],
247 silly audit   'node-releases': [ '2.0.27' ],
247 silly audit   'object-assign': [ '4.1.1' ],
247 silly audit   'object-inspect': [ '1.13.4' ],
247 silly audit   'object-keys': [ '1.1.1' ],
247 silly audit   'object.assign': [ '4.1.7' ],
247 silly audit   'object.entries': [ '1.1.9' ],
247 silly audit   'object.fromentries': [ '2.0.8' ],
247 silly audit   'object.values': [ '1.2.1' ],
247 silly audit   obug: [ '2.1.1' ],
247 silly audit   optionator: [ '0.9.4' ],
247 silly audit   orderedmap: [ '2.1.1' ],
247 silly audit   'own-keys': [ '1.0.1' ],
247 silly audit   'p-limit': [ '3.1.0', '2.3.0' ],
247 silly audit   'p-locate': [ '5.0.0', '4.1.0' ],
247 silly audit   'p-try': [ '2.2.0' ],
247 silly audit   'package-json-from-dist': [ '1.0.1' ],
247 silly audit   pako: [ '2.1.0' ],
247 silly audit   parse5: [ '8.0.0' ],
247 silly audit   'path-exists': [ '4.0.0' ],
247 silly audit   'path-key': [ '3.1.1' ],
247 silly audit   'path-parse': [ '1.0.7' ],
247 silly audit   pathe: [ '2.0.3' ],
247 silly audit   'performance-now': [ '2.1.0' ],
247 silly audit   picocolors: [ '1.1.1' ],
247 silly audit   picomatch: [ '4.0.3', '2.3.1' ],
247 silly audit   pngjs: [ '5.0.0' ],
247 silly audit   'possible-typed-array-names': [ '1.1.0' ],
247 silly audit   postcss: [ '8.5.6' ],
247 silly audit   'postcss-value-parser': [ '4.2.0' ],
247 silly audit   'prelude-ls': [ '1.2.1' ],
247 silly audit   prettier: [ '3.8.1' ],
247 silly audit   'pretty-bytes': [ '6.1.1', '5.6.0' ],
247 silly audit   'pretty-format': [ '27.5.1' ],
247 silly audit   'react-is': [ '17.0.2', '16.13.1', '19.2.4' ],
247 silly audit   'prop-types': [ '15.8.1' ],
247 silly audit   'prosemirror-changeset': [ '2.4.0' ],
247 silly audit   'prosemirror-collab': [ '1.3.1' ],
247 silly audit   'prosemirror-commands': [ '1.7.1' ],
247 silly audit   'prosemirror-dropcursor': [ '1.8.2' ],
247 silly audit   'prosemirror-gapcursor': [ '1.4.0' ],
247 silly audit   'prosemirror-history': [ '1.5.0' ],
247 silly audit   'prosemirror-inputrules': [ '1.5.1' ],
247 silly audit   'prosemirror-keymap': [ '1.2.3' ],
247 silly audit   'prosemirror-markdown': [ '1.13.4' ],
247 silly audit   'prosemirror-menu': [ '1.3.0' ],
247 silly audit   'prosemirror-model': [ '1.25.4' ],
247 silly audit   'prosemirror-schema-basic': [ '1.2.4' ],
247 silly audit   'prosemirror-schema-list': [ '1.5.1' ],
247 silly audit   'prosemirror-state': [ '1.4.4' ],
247 silly audit   'prosemirror-tables': [ '1.8.5' ],
247 silly audit   'prosemirror-trailing-node': [ '3.0.0' ],
247 silly audit   'prosemirror-transform': [ '1.11.0' ],
247 silly audit   'prosemirror-view': [ '1.41.6' ],
247 silly audit   punycode: [ '2.3.1' ],
247 silly audit   'punycode.js': [ '2.3.1' ],
247 silly audit   qrcode: [ '1.5.4' ],
247 silly audit   raf: [ '3.4.1' ],
247 silly audit   randombytes: [ '2.1.0' ],
247 silly audit   react: [ '19.2.4' ],
247 silly audit   'react-dom': [ '19.2.4' ],
247 silly audit   'react-hook-form': [ '7.71.1' ],
247 silly audit   'react-redux': [ '9.2.0' ],
247 silly audit   'react-refresh': [ '0.18.0' ],
247 silly audit   'react-router': [ '7.13.0' ],
247 silly audit   'react-router-dom': [ '7.13.0' ],
247 silly audit   recharts: [ '3.7.0' ],
247 silly audit   redent: [ '3.0.0' ],
247 silly audit   redux: [ '5.0.1' ],
247 silly audit   'redux-thunk': [ '3.1.0' ],
247 silly audit   'reflect.getprototypeof': [ '1.0.10' ],
247 silly audit   regenerate: [ '1.4.2' ],
247 silly audit   'regenerate-unicode-properties': [ '10.2.2' ],
247 silly audit   'regenerator-runtime': [ '0.13.11' ],
247 silly audit   'regexp.prototype.flags': [ '1.5.4' ],
247 silly audit   'regexpu-core': [ '6.4.0' ],
247 silly audit   regjsgen: [ '0.8.0' ],
247 silly audit   regjsparser: [ '0.13.0' ],
247 silly audit   'require-directory': [ '2.1.1' ],
247 silly audit   'require-from-string': [ '2.0.2' ],
247 silly audit   'require-main-filename': [ '2.0.0' ],
247 silly audit   reselect: [ '5.1.1' ],
247 silly audit   rgbcolor: [ '1.0.1' ],
247 silly audit   rollup: [ '4.57.1', '2.79.2' ],
247 silly audit   'rope-sequence': [ '1.3.4' ],
247 silly audit   'safe-array-concat': [ '1.1.3' ],
247 silly audit   'safe-buffer': [ '5.2.1' ],
247 silly audit   'safe-push-apply': [ '1.0.0' ],
247 silly audit   'safe-regex-test': [ '1.1.0' ],
247 silly audit   saxes: [ '6.0.0' ],
247 silly audit   scheduler: [ '0.27.0' ],
247 silly audit   'serialize-javascript': [ '6.0.2' ],
247 silly audit   'set-blocking': [ '2.0.0' ],
247 silly audit   'set-cookie-parser': [ '2.7.2' ],
247 silly audit   'set-function-length': [ '1.2.2' ],
247 silly audit   'set-function-name': [ '2.0.2' ],
247 silly audit   'set-proto': [ '1.0.0' ],
247 silly audit   'shebang-command': [ '2.0.0' ],
247 silly audit   'shebang-regex': [ '3.0.0' ],
247 silly audit   'side-channel': [ '1.1.0' ],
247 silly audit   'side-channel-list': [ '1.0.0' ],
247 silly audit   'side-channel-map': [ '1.0.1' ],
247 silly audit   'side-channel-weakmap': [ '1.0.2' ],
247 silly audit   siginfo: [ '2.0.0' ],
247 silly audit   'signal-exit': [ '4.1.0' ],
247 silly audit   smob: [ '1.6.1' ],
247 silly audit   sonner: [ '2.0.7' ],
247 silly audit   'source-map': [ '0.8.0-beta.0', '0.6.1' ],
247 silly audit   'source-map-js': [ '1.2.1' ],
247 silly audit   'source-map-support': [ '0.5.21' ],
247 silly audit   'sourcemap-codec': [ '1.4.8' ],
247 silly audit   ssf: [ '0.11.2' ],
247 silly audit   stackback: [ '0.0.2' ],
247 silly audit   'stackblur-canvas': [ '2.7.0' ],
247 silly audit   'std-env': [ '3.10.0' ],
247 silly audit   'stop-iteration-iterator': [ '1.1.0' ],
247 silly audit   'string.prototype.includes': [ '2.0.1' ],
247 silly audit   'string.prototype.matchall': [ '4.0.12' ],
247 silly audit   'string.prototype.repeat': [ '1.0.0' ],
247 silly audit   'string.prototype.trim': [ '1.2.10' ],
247 silly audit   'string.prototype.trimend': [ '1.0.9' ],
247 silly audit   'string.prototype.trimstart': [ '1.0.8' ],
247 silly audit   'stringify-object': [ '3.3.0' ],
247 silly audit   'strip-comments': [ '2.0.1' ],
247 silly audit   'strip-indent': [ '3.0.0' ],
247 silly audit   'supports-preserve-symlinks-flag': [ '1.0.0' ],
247 silly audit   'svg-pathdata': [ '6.0.3' ],
247 silly audit   'symbol-tree': [ '3.2.4' ],
247 silly audit   'tailwind-merge': [ '3.4.0' ],
247 silly audit   tailwindcss: [ '4.1.18' ],
247 silly audit   tapable: [ '2.3.0' ],
247 silly audit   'temp-dir': [ '2.0.0' ],
247 silly audit   tempy: [ '0.6.0' ],
247 silly audit   terser: [ '5.46.0' ],
247 silly audit   'text-segmentation': [ '1.0.3' ],
247 silly audit   'tiny-invariant': [ '1.3.3' ],
247 silly audit   tinybench: [ '2.9.0' ],
247 silly audit   tinyexec: [ '1.0.2' ],
247 silly audit   tinyglobby: [ '0.2.15' ],
247 silly audit   tinyrainbow: [ '3.0.3' ],
247 silly audit   tldts: [ '7.0.27' ],
247 silly audit   'tldts-core': [ '7.0.27' ],
247 silly audit   'tough-cookie': [ '6.0.1' ],
247 silly audit   'ts-api-utils': [ '2.4.0' ],
247 silly audit   tslib: [ '2.8.1' ],
247 silly audit   'type-check': [ '0.4.0' ],
247 silly audit   'type-fest': [ '0.16.0' ],
247 silly audit   'typed-array-buffer': [ '1.0.3' ],
247 silly audit   'typed-array-byte-length': [ '1.0.3' ],
247 silly audit   'typed-array-byte-offset': [ '1.0.4' ],
247 silly audit   'typed-array-length': [ '1.0.7' ],
247 silly audit   typescript: [ '5.9.3' ],
247 silly audit   'typescript-eslint': [ '8.56.1' ],
247 silly audit   'uc.micro': [ '2.1.0' ],
247 silly audit   'unbox-primitive': [ '1.1.0' ],
247 silly audit   undici: [ '7.24.6' ],
247 silly audit   'undici-types': [ '7.16.0' ],
247 silly audit   'unicode-canonical-property-names-ecmascript': [ '2.0.1' ],
247 silly audit   'unicode-match-property-ecmascript': [ '2.0.0' ],
247 silly audit   'unicode-match-property-value-ecmascript': [ '2.2.1' ],
247 silly audit   'unicode-property-aliases-ecmascript': [ '2.2.0' ],
247 silly audit   'unique-string': [ '2.0.0' ],
247 silly audit   universalify: [ '2.0.1' ],
247 silly audit   upath: [ '1.2.0' ],
247 silly audit   'update-browserslist-db': [ '1.2.3' ],
247 silly audit   'uri-js': [ '4.4.1' ],
247 silly audit   'use-sync-external-store': [ '1.6.0' ],
247 silly audit   utrie: [ '1.0.2' ],
247 silly audit   'victory-vendor': [ '37.3.6' ],
247 silly audit   vietqr: [ '1.1.9' ],
247 silly audit   vite: [ '7.3.1' ],
247 silly audit   'vite-plugin-pwa': [ '1.2.0' ],
247 silly audit   vitest: [ '4.0.18' ],
247 silly audit   'w3c-keyname': [ '2.2.8' ],
247 silly audit   'w3c-xmlserializer': [ '5.0.0' ],
247 silly audit   'whatwg-mimetype': [ '5.0.0' ],
247 silly audit   which: [ '2.0.2' ],
247 silly audit   'which-boxed-primitive': [ '1.1.1' ],
247 silly audit   'which-builtin-type': [ '1.2.1' ],
247 silly audit   'which-collection': [ '1.0.2' ],
247 silly audit   'which-module': [ '2.0.1' ],
247 silly audit   'which-typed-array': [ '1.1.20' ],
247 silly audit   'why-is-node-running': [ '2.3.0' ],
247 silly audit   wmf: [ '1.0.2' ],
247 silly audit   word: [ '0.3.0' ],
247 silly audit   'word-wrap': [ '1.2.5' ],
247 silly audit   'workbox-background-sync': [ '7.4.0' ],
247 silly audit   'workbox-broadcast-update': [ '7.4.0' ],
247 silly audit   'workbox-build': [ '7.4.0' ],
247 silly audit   '@isaacs/cliui': [ '9.0.0' ],
247 silly audit   '@rollup/plugin-babel': [ '5.3.1' ],
247 silly audit   '@rollup/plugin-replace': [ '2.4.2' ],
247 silly audit   glob: [ '11.1.0' ],
247 silly audit   jackspeak: [ '4.2.3' ],
247 silly audit   'path-scurry': [ '2.0.1' ],
247 silly audit   'workbox-cacheable-response': [ '7.4.0' ],
247 silly audit   'workbox-core': [ '7.4.0' ],
247 silly audit   'workbox-expiration': [ '7.4.0' ],
247 silly audit   'workbox-google-analytics': [ '7.4.0' ],
247 silly audit   'workbox-navigation-preload': [ '7.4.0' ],
247 silly audit   'workbox-precaching': [ '7.4.0' ],
247 silly audit   'workbox-range-requests': [ '7.4.0' ],
247 silly audit   'workbox-recipes': [ '7.4.0' ],
247 silly audit   'workbox-routing': [ '7.4.0' ],
247 silly audit   'workbox-strategies': [ '7.4.0' ],
247 silly audit   'workbox-streams': [ '7.4.0' ],
247 silly audit   'workbox-sw': [ '7.4.0' ],
247 silly audit   'workbox-window': [ '7.4.0' ],
247 silly audit   ws: [ '8.19.0' ],
247 silly audit   xlsx: [ '0.18.5' ],
247 silly audit   'xml-name-validator': [ '5.0.0' ],
247 silly audit   xmlchars: [ '2.2.0' ],
247 silly audit   y18n: [ '4.0.3' ],
247 silly audit   yallist: [ '3.1.1' ],
247 silly audit   yargs: [ '15.4.1' ],
247 silly audit   'yargs-parser': [ '18.1.3' ],
247 silly audit   'yocto-queue': [ '0.1.0' ],
247 silly audit   zod: [ '4.3.6' ],
247 silly audit   'zod-validation-error': [ '4.0.2' ],
247 silly audit   zustand: [ '5.0.10' ],
247 silly audit   '@eslint/js': [ '9.39.4' ],
247 silly audit   eslint: [ '9.39.4' ],
247 silly audit   'react-leaflet': [ '5.0.0' ],
247 silly audit   '@tanstack/react-query': [ '5.100.9' ],
247 silly audit   '@tanstack/query-core': [ '5.100.9' ],
247 silly audit   '@types/react': [ '19.2.14' ],
247 silly audit   '@types/react-dom': [ '19.2.3' ],
247 silly audit   csstype: [ '3.2.3' ],
247 silly audit   '@eslint/config-array': [ '0.21.2' ],
247 silly audit   '@eslint/config-helpers': [ '0.4.2' ],
247 silly audit   '@eslint/core': [ '0.17.0' ],
247 silly audit   '@eslint/eslintrc': [ '3.3.5' ],
247 silly audit   '@eslint/plugin-kit': [ '0.4.1' ],
247 silly audit   chalk: [ '4.1.2' ],
247 silly audit   'eslint-scope': [ '8.4.0' ],
247 silly audit   espree: [ '10.4.0' ],
247 silly audit   'lodash.merge': [ '4.6.2' ],
247 silly audit   '@eslint/object-schema': [ '2.1.7' ],
247 silly audit   '@types/json-schema': [ '7.0.15' ],
247 silly audit   globals: [ '14.0.0' ],
247 silly audit   'import-fresh': [ '3.3.1' ],
247 silly audit   'js-yaml': [ '4.1.1' ],
247 silly audit   'strip-json-comments': [ '3.1.1' ],
247 silly audit   'supports-color': [ '7.2.0' ],
247 silly audit   esrecurse: [ '4.3.0' ],
247 silly audit   'acorn-jsx': [ '5.3.2' ],
247 silly audit   'parent-module': [ '1.0.1' ],
247 silly audit   'resolve-from': [ '4.0.0' ],
247 silly audit   callsites: [ '3.1.0' ],
247 silly audit   '@react-leaflet/core': [ '3.0.0' ],
247 silly audit   'has-flag': [ '4.0.0' ],
247 silly audit   'concat-map': [ '0.0.1' ],
247 silly audit   '@tailwindcss/oxide-wasm32-wasi': [ '4.1.18' ]
247 silly audit }
248 verbose reify failed optional dependency /Users/admin/Desktop/dự án/mttqvn/node_modules/lightningcss-win32-x64-msvc
249 silly reify mark deleted [
249 silly reify   '/Users/admin/Desktop/dự án/mttqvn/node_modules/lightningcss-win32-x64-msvc'
249 silly reify ]
250 verbose reify failed optional dependency /Users/admin/Desktop/dự án/mttqvn/node_modules/lightningcss-win32-arm64-msvc
251 silly reify mark deleted [
251 silly reify   '/Users/admin/Desktop/dự án/mttqvn/node_modules/lightningcss-win32-arm64-msvc'
251 silly reify ]
252 verbose reify failed optional dependency /Users/admin/Desktop/dự án/mttqvn/node_modules/lightningcss-linux-x64-musl
253 silly reify mark deleted [
253 silly reify   '/Users/admin/Desktop/dự án/mttqvn/node_modules/lightningcss-linux-x64-musl'
253 silly reify ]
254 verbose reify failed optional dependency /Users/admin/Desktop/dự án/mttqvn/node_modules/lightningcss-linux-x64-gnu
255 silly reify mark deleted [
255 silly reify   '/Users/admin/Desktop/dự án/mttqvn/node_modules/lightningcss-linux-x64-gnu'
255 silly reify ]
256 verbose reify failed optional dependency /Users/admin/Desktop/dự án/mttqvn/node_modules/lightningcss-linux-arm64-musl
257 silly reify mark deleted [
257 silly reify   '/Users/admin/Desktop/dự án/mttqvn/node_modules/lightningcss-linux-arm64-musl'
257 silly reify ]
258 verbose reify failed optional dependency /Users/admin/Desktop/dự án/mttqvn/node_modules/lightningcss-linux-arm64-gnu
259 silly reify mark deleted [
259 silly reify   '/Users/admin/Desktop/dự án/mttqvn/node_modules/lightningcss-linux-arm64-gnu'
259 silly reify ]
260 verbose reify failed optional dependency /Users/admin/Desktop/dự án/mttqvn/node_modules/lightningcss-linux-arm-gnueabihf
261 silly reify mark deleted [
261 silly reify   '/Users/admin/Desktop/dự án/mttqvn/node_modules/lightningcss-linux-arm-gnueabihf'
261 silly reify ]
262 verbose reify failed optional dependency /Users/admin/Desktop/dự án/mttqvn/node_modules/lightningcss-freebsd-x64
263 silly reify mark deleted [
263 silly reify   '/Users/admin/Desktop/dự án/mttqvn/node_modules/lightningcss-freebsd-x64'
263 silly reify ]
264 verbose reify failed optional dependency /Users/admin/Desktop/dự án/mttqvn/node_modules/lightningcss-darwin-arm64
265 silly reify mark deleted [
265 silly reify   '/Users/admin/Desktop/dự án/mttqvn/node_modules/lightningcss-darwin-arm64'
265 silly reify ]
266 verbose reify failed optional dependency /Users/admin/Desktop/dự án/mttqvn/node_modules/lightningcss-android-arm64
267 silly reify mark deleted [
267 silly reify   '/Users/admin/Desktop/dự án/mttqvn/node_modules/lightningcss-android-arm64'
267 silly reify ]
268 verbose reify failed optional dependency /Users/admin/Desktop/dự án/mttqvn/node_modules/@tailwindcss/oxide-win32-x64-msvc
269 silly reify mark deleted [
269 silly reify   '/Users/admin/Desktop/dự án/mttqvn/node_modules/@tailwindcss/oxide-win32-x64-msvc'
269 silly reify ]
270 verbose reify failed optional dependency /Users/admin/Desktop/dự án/mttqvn/node_modules/@tailwindcss/oxide-win32-arm64-msvc
271 silly reify mark deleted [
271 silly reify   '/Users/admin/Desktop/dự án/mttqvn/node_modules/@tailwindcss/oxide-win32-arm64-msvc'
271 silly reify ]
272 verbose reify failed optional dependency /Users/admin/Desktop/dự án/mttqvn/node_modules/@tailwindcss/oxide-linux-x64-musl
273 silly reify mark deleted [
273 silly reify   '/Users/admin/Desktop/dự án/mttqvn/node_modules/@tailwindcss/oxide-linux-x64-musl'
273 silly reify ]
274 verbose reify failed optional dependency /Users/admin/Desktop/dự án/mttqvn/node_modules/@tailwindcss/oxide-linux-x64-gnu
275 silly reify mark deleted [
275 silly reify   '/Users/admin/Desktop/dự án/mttqvn/node_modules/@tailwindcss/oxide-linux-x64-gnu'
275 silly reify ]
276 verbose reify failed optional dependency /Users/admin/Desktop/dự án/mttqvn/node_modules/@tailwindcss/oxide-linux-arm64-musl
277 silly reify mark deleted [
277 silly reify   '/Users/admin/Desktop/dự án/mttqvn/node_modules/@tailwindcss/oxide-linux-arm64-musl'
277 silly reify ]
278 verbose reify failed optional dependency /Users/admin/Desktop/dự án/mttqvn/node_modules/@tailwindcss/oxide-linux-arm64-gnu
279 silly reify mark deleted [
279 silly reify   '/Users/admin/Desktop/dự án/mttqvn/node_modules/@tailwindcss/oxide-linux-arm64-gnu'
279 silly reify ]
280 verbose reify failed optional dependency /Users/admin/Desktop/dự án/mttqvn/node_modules/@tailwindcss/oxide-linux-arm-gnueabihf
281 silly reify mark deleted [
281 silly reify   '/Users/admin/Desktop/dự án/mttqvn/node_modules/@tailwindcss/oxide-linux-arm-gnueabihf'
281 silly reify ]
282 verbose reify failed optional dependency /Users/admin/Desktop/dự án/mttqvn/node_modules/@tailwindcss/oxide-freebsd-x64
283 silly reify mark deleted [
283 silly reify   '/Users/admin/Desktop/dự án/mttqvn/node_modules/@tailwindcss/oxide-freebsd-x64'
283 silly reify ]
284 verbose reify failed optional dependency /Users/admin/Desktop/dự án/mttqvn/node_modules/@tailwindcss/oxide-darwin-arm64
285 silly reify mark deleted [
285 silly reify   '/Users/admin/Desktop/dự án/mttqvn/node_modules/@tailwindcss/oxide-darwin-arm64'
285 silly reify ]
286 verbose reify failed optional dependency /Users/admin/Desktop/dự án/mttqvn/node_modules/@tailwindcss/oxide-android-arm64
287 silly reify mark deleted [
287 silly reify   '/Users/admin/Desktop/dự án/mttqvn/node_modules/@tailwindcss/oxide-android-arm64'
287 silly reify ]
288 verbose reify failed optional dependency /Users/admin/Desktop/dự án/mttqvn/node_modules/@rollup/rollup-win32-x64-msvc
289 silly reify mark deleted [
289 silly reify   '/Users/admin/Desktop/dự án/mttqvn/node_modules/@rollup/rollup-win32-x64-msvc'
289 silly reify ]
290 verbose reify failed optional dependency /Users/admin/Desktop/dự án/mttqvn/node_modules/@rollup/rollup-win32-x64-gnu
291 silly reify mark deleted [
291 silly reify   '/Users/admin/Desktop/dự án/mttqvn/node_modules/@rollup/rollup-win32-x64-gnu'
291 silly reify ]
292 verbose reify failed optional dependency /Users/admin/Desktop/dự án/mttqvn/node_modules/@rollup/rollup-win32-ia32-msvc
293 silly reify mark deleted [
293 silly reify   '/Users/admin/Desktop/dự án/mttqvn/node_modules/@rollup/rollup-win32-ia32-msvc'
293 silly reify ]
294 verbose reify failed optional dependency /Users/admin/Desktop/dự án/mttqvn/node_modules/@rollup/rollup-win32-arm64-msvc
295 silly reify mark deleted [
295 silly reify   '/Users/admin/Desktop/dự án/mttqvn/node_modules/@rollup/rollup-win32-arm64-msvc'
295 silly reify ]
296 verbose reify failed optional dependency /Users/admin/Desktop/dự án/mttqvn/node_modules/@rollup/rollup-openharmony-arm64
297 silly reify mark deleted [
297 silly reify   '/Users/admin/Desktop/dự án/mttqvn/node_modules/@rollup/rollup-openharmony-arm64'
297 silly reify ]
298 verbose reify failed optional dependency /Users/admin/Desktop/dự án/mttqvn/node_modules/@rollup/rollup-openbsd-x64
299 silly reify mark deleted [
299 silly reify   '/Users/admin/Desktop/dự án/mttqvn/node_modules/@rollup/rollup-openbsd-x64'
299 silly reify ]
300 verbose reify failed optional dependency /Users/admin/Desktop/dự án/mttqvn/node_modules/@rollup/rollup-linux-x64-musl
301 silly reify mark deleted [
301 silly reify   '/Users/admin/Desktop/dự án/mttqvn/node_modules/@rollup/rollup-linux-x64-musl'
301 silly reify ]
302 verbose reify failed optional dependency /Users/admin/Desktop/dự án/mttqvn/node_modules/@rollup/rollup-linux-x64-gnu
303 silly reify mark deleted [
303 silly reify   '/Users/admin/Desktop/dự án/mttqvn/node_modules/@rollup/rollup-linux-x64-gnu'
303 silly reify ]
304 verbose reify failed optional dependency /Users/admin/Desktop/dự án/mttqvn/node_modules/@rollup/rollup-linux-s390x-gnu
305 silly reify mark deleted [
305 silly reify   '/Users/admin/Desktop/dự án/mttqvn/node_modules/@rollup/rollup-linux-s390x-gnu'
305 silly reify ]
306 verbose reify failed optional dependency /Users/admin/Desktop/dự án/mttqvn/node_modules/@rollup/rollup-linux-riscv64-musl
307 silly reify mark deleted [
307 silly reify   '/Users/admin/Desktop/dự án/mttqvn/node_modules/@rollup/rollup-linux-riscv64-musl'
307 silly reify ]
308 verbose reify failed optional dependency /Users/admin/Desktop/dự án/mttqvn/node_modules/@rollup/rollup-linux-riscv64-gnu
309 silly reify mark deleted [
309 silly reify   '/Users/admin/Desktop/dự án/mttqvn/node_modules/@rollup/rollup-linux-riscv64-gnu'
309 silly reify ]
310 verbose reify failed optional dependency /Users/admin/Desktop/dự án/mttqvn/node_modules/@rollup/rollup-linux-ppc64-musl
311 silly reify mark deleted [
311 silly reify   '/Users/admin/Desktop/dự án/mttqvn/node_modules/@rollup/rollup-linux-ppc64-musl'
311 silly reify ]
312 verbose reify failed optional dependency /Users/admin/Desktop/dự án/mttqvn/node_modules/@rollup/rollup-linux-ppc64-gnu
313 silly reify mark deleted [
313 silly reify   '/Users/admin/Desktop/dự án/mttqvn/node_modules/@rollup/rollup-linux-ppc64-gnu'
313 silly reify ]
314 verbose reify failed optional dependency /Users/admin/Desktop/dự án/mttqvn/node_modules/@rollup/rollup-linux-loong64-musl
315 silly reify mark deleted [
315 silly reify   '/Users/admin/Desktop/dự án/mttqvn/node_modules/@rollup/rollup-linux-loong64-musl'
315 silly reify ]
316 verbose reify failed optional dependency /Users/admin/Desktop/dự án/mttqvn/node_modules/@rollup/rollup-linux-loong64-gnu
317 silly reify mark deleted [
317 silly reify   '/Users/admin/Desktop/dự án/mttqvn/node_modules/@rollup/rollup-linux-loong64-gnu'
317 silly reify ]
318 verbose reify failed optional dependency /Users/admin/Desktop/dự án/mttqvn/node_modules/@rollup/rollup-linux-arm64-musl
319 silly reify mark deleted [
319 silly reify   '/Users/admin/Desktop/dự án/mttqvn/node_modules/@rollup/rollup-linux-arm64-musl'
319 silly reify ]
320 verbose reify failed optional dependency /Users/admin/Desktop/dự án/mttqvn/node_modules/@rollup/rollup-linux-arm64-gnu
321 silly reify mark deleted [
321 silly reify   '/Users/admin/Desktop/dự án/mttqvn/node_modules/@rollup/rollup-linux-arm64-gnu'
321 silly reify ]
322 verbose reify failed optional dependency /Users/admin/Desktop/dự án/mttqvn/node_modules/@rollup/rollup-linux-arm-musleabihf
323 silly reify mark deleted [
323 silly reify   '/Users/admin/Desktop/dự án/mttqvn/node_modules/@rollup/rollup-linux-arm-musleabihf'
323 silly reify ]
324 verbose reify failed optional dependency /Users/admin/Desktop/dự án/mttqvn/node_modules/@rollup/rollup-linux-arm-gnueabihf
325 silly reify mark deleted [
325 silly reify   '/Users/admin/Desktop/dự án/mttqvn/node_modules/@rollup/rollup-linux-arm-gnueabihf'
325 silly reify ]
326 verbose reify failed optional dependency /Users/admin/Desktop/dự án/mttqvn/node_modules/@rollup/rollup-freebsd-x64
327 silly reify mark deleted [
327 silly reify   '/Users/admin/Desktop/dự án/mttqvn/node_modules/@rollup/rollup-freebsd-x64'
327 silly reify ]
328 verbose reify failed optional dependency /Users/admin/Desktop/dự án/mttqvn/node_modules/@rollup/rollup-freebsd-arm64
329 silly reify mark deleted [
329 silly reify   '/Users/admin/Desktop/dự án/mttqvn/node_modules/@rollup/rollup-freebsd-arm64'
329 silly reify ]
330 verbose reify failed optional dependency /Users/admin/Desktop/dự án/mttqvn/node_modules/@rollup/rollup-darwin-arm64
331 silly reify mark deleted [
331 silly reify   '/Users/admin/Desktop/dự án/mttqvn/node_modules/@rollup/rollup-darwin-arm64'
331 silly reify ]
332 verbose reify failed optional dependency /Users/admin/Desktop/dự án/mttqvn/node_modules/@rollup/rollup-android-arm64
333 silly reify mark deleted [
333 silly reify   '/Users/admin/Desktop/dự án/mttqvn/node_modules/@rollup/rollup-android-arm64'
333 silly reify ]
334 verbose reify failed optional dependency /Users/admin/Desktop/dự án/mttqvn/node_modules/@rollup/rollup-android-arm-eabi
335 silly reify mark deleted [
335 silly reify   '/Users/admin/Desktop/dự án/mttqvn/node_modules/@rollup/rollup-android-arm-eabi'
335 silly reify ]
336 verbose reify failed optional dependency /Users/admin/Desktop/dự án/mttqvn/node_modules/@esbuild/win32-x64
337 silly reify mark deleted [
337 silly reify   '/Users/admin/Desktop/dự án/mttqvn/node_modules/@esbuild/win32-x64'
337 silly reify ]
338 verbose reify failed optional dependency /Users/admin/Desktop/dự án/mttqvn/node_modules/@esbuild/win32-ia32
339 silly reify mark deleted [
339 silly reify   '/Users/admin/Desktop/dự án/mttqvn/node_modules/@esbuild/win32-ia32'
339 silly reify ]
340 verbose reify failed optional dependency /Users/admin/Desktop/dự án/mttqvn/node_modules/@esbuild/win32-arm64
341 silly reify mark deleted [
341 silly reify   '/Users/admin/Desktop/dự án/mttqvn/node_modules/@esbuild/win32-arm64'
341 silly reify ]
342 verbose reify failed optional dependency /Users/admin/Desktop/dự án/mttqvn/node_modules/@esbuild/sunos-x64
343 silly reify mark deleted [
343 silly reify   '/Users/admin/Desktop/dự án/mttqvn/node_modules/@esbuild/sunos-x64'
343 silly reify ]
344 verbose reify failed optional dependency /Users/admin/Desktop/dự án/mttqvn/node_modules/@esbuild/openharmony-arm64
345 silly reify mark deleted [
345 silly reify   '/Users/admin/Desktop/dự án/mttqvn/node_modules/@esbuild/openharmony-arm64'
345 silly reify ]
346 verbose reify failed optional dependency /Users/admin/Desktop/dự án/mttqvn/node_modules/@esbuild/openbsd-x64
347 silly reify mark deleted [
347 silly reify   '/Users/admin/Desktop/dự án/mttqvn/node_modules/@esbuild/openbsd-x64'
347 silly reify ]
348 verbose reify failed optional dependency /Users/admin/Desktop/dự án/mttqvn/node_modules/@esbuild/openbsd-arm64
349 silly reify mark deleted [
349 silly reify   '/Users/admin/Desktop/dự án/mttqvn/node_modules/@esbuild/openbsd-arm64'
349 silly reify ]
350 verbose reify failed optional dependency /Users/admin/Desktop/dự án/mttqvn/node_modules/@esbuild/netbsd-x64
351 silly reify mark deleted [
351 silly reify   '/Users/admin/Desktop/dự án/mttqvn/node_modules/@esbuild/netbsd-x64'
351 silly reify ]
352 verbose reify failed optional dependency /Users/admin/Desktop/dự án/mttqvn/node_modules/@esbuild/netbsd-arm64
353 silly reify mark deleted [
353 silly reify   '/Users/admin/Desktop/dự án/mttqvn/node_modules/@esbuild/netbsd-arm64'
353 silly reify ]
354 verbose reify failed optional dependency /Users/admin/Desktop/dự án/mttqvn/node_modules/@esbuild/linux-x64
355 silly reify mark deleted [
355 silly reify   '/Users/admin/Desktop/dự án/mttqvn/node_modules/@esbuild/linux-x64'
355 silly reify ]
356 verbose reify failed optional dependency /Users/admin/Desktop/dự án/mttqvn/node_modules/@esbuild/linux-s390x
357 silly reify mark deleted [
357 silly reify   '/Users/admin/Desktop/dự án/mttqvn/node_modules/@esbuild/linux-s390x'
357 silly reify ]
358 verbose reify failed optional dependency /Users/admin/Desktop/dự án/mttqvn/node_modules/@esbuild/linux-riscv64
359 silly reify mark deleted [
359 silly reify   '/Users/admin/Desktop/dự án/mttqvn/node_modules/@esbuild/linux-riscv64'
359 silly reify ]
360 verbose reify failed optional dependency /Users/admin/Desktop/dự án/mttqvn/node_modules/@esbuild/linux-ppc64
361 silly reify mark deleted [
361 silly reify   '/Users/admin/Desktop/dự án/mttqvn/node_modules/@esbuild/linux-ppc64'
361 silly reify ]
362 verbose reify failed optional dependency /Users/admin/Desktop/dự án/mttqvn/node_modules/@esbuild/linux-mips64el
363 silly reify mark deleted [
363 silly reify   '/Users/admin/Desktop/dự án/mttqvn/node_modules/@esbuild/linux-mips64el'
363 silly reify ]
364 verbose reify failed optional dependency /Users/admin/Desktop/dự án/mttqvn/node_modules/@esbuild/linux-loong64
365 silly reify mark deleted [
365 silly reify   '/Users/admin/Desktop/dự án/mttqvn/node_modules/@esbuild/linux-loong64'
365 silly reify ]
366 verbose reify failed optional dependency /Users/admin/Desktop/dự án/mttqvn/node_modules/@esbuild/linux-ia32
367 silly reify mark deleted [
367 silly reify   '/Users/admin/Desktop/dự án/mttqvn/node_modules/@esbuild/linux-ia32'
367 silly reify ]
368 verbose reify failed optional dependency /Users/admin/Desktop/dự án/mttqvn/node_modules/@esbuild/linux-arm64
369 silly reify mark deleted [
369 silly reify   '/Users/admin/Desktop/dự án/mttqvn/node_modules/@esbuild/linux-arm64'
369 silly reify ]
370 verbose reify failed optional dependency /Users/admin/Desktop/dự án/mttqvn/node_modules/@esbuild/linux-arm
371 silly reify mark deleted [
371 silly reify   '/Users/admin/Desktop/dự án/mttqvn/node_modules/@esbuild/linux-arm'
371 silly reify ]
372 verbose reify failed optional dependency /Users/admin/Desktop/dự án/mttqvn/node_modules/@esbuild/freebsd-x64
373 silly reify mark deleted [
373 silly reify   '/Users/admin/Desktop/dự án/mttqvn/node_modules/@esbuild/freebsd-x64'
373 silly reify ]
374 verbose reify failed optional dependency /Users/admin/Desktop/dự án/mttqvn/node_modules/@esbuild/freebsd-arm64
375 silly reify mark deleted [
375 silly reify   '/Users/admin/Desktop/dự án/mttqvn/node_modules/@esbuild/freebsd-arm64'
375 silly reify ]
376 verbose reify failed optional dependency /Users/admin/Desktop/dự án/mttqvn/node_modules/@esbuild/darwin-arm64
377 silly reify mark deleted [
377 silly reify   '/Users/admin/Desktop/dự án/mttqvn/node_modules/@esbuild/darwin-arm64'
377 silly reify ]
378 verbose reify failed optional dependency /Users/admin/Desktop/dự án/mttqvn/node_modules/@esbuild/android-x64
379 silly reify mark deleted [
379 silly reify   '/Users/admin/Desktop/dự án/mttqvn/node_modules/@esbuild/android-x64'
379 silly reify ]
380 verbose reify failed optional dependency /Users/admin/Desktop/dự án/mttqvn/node_modules/@esbuild/android-arm64
381 silly reify mark deleted [
381 silly reify   '/Users/admin/Desktop/dự án/mttqvn/node_modules/@esbuild/android-arm64'
381 silly reify ]
382 verbose reify failed optional dependency /Users/admin/Desktop/dự án/mttqvn/node_modules/@esbuild/android-arm
383 silly reify mark deleted [
383 silly reify   '/Users/admin/Desktop/dự án/mttqvn/node_modules/@esbuild/android-arm'
383 silly reify ]
384 verbose reify failed optional dependency /Users/admin/Desktop/dự án/mttqvn/node_modules/@esbuild/aix-ppc64
385 silly reify mark deleted [
385 silly reify   '/Users/admin/Desktop/dự án/mttqvn/node_modules/@esbuild/aix-ppc64'
385 silly reify ]
386 http cache concat-map@https://registry.npmjs.org/concat-map/-/concat-map-0.0.1.tgz 0ms (cache hit)
387 http cache @react-leaflet/core@https://registry.npmjs.org/@react-leaflet/core/-/core-3.0.0.tgz 0ms (cache hit)
388 http cache callsites@https://registry.npmjs.org/callsites/-/callsites-3.1.0.tgz 0ms (cache hit)
389 http cache resolve-from@https://registry.npmjs.org/resolve-from/-/resolve-from-4.0.0.tgz 0ms (cache hit)
390 http cache has-flag@https://registry.npmjs.org/has-flag/-/has-flag-4.0.0.tgz 0ms (cache hit)
391 http cache parent-module@https://registry.npmjs.org/parent-module/-/parent-module-1.0.1.tgz 0ms (cache hit)
392 http cache acorn-jsx@https://registry.npmjs.org/acorn-jsx/-/acorn-jsx-5.3.2.tgz 0ms (cache hit)
393 http cache esrecurse@https://registry.npmjs.org/esrecurse/-/esrecurse-4.3.0.tgz 0ms (cache hit)
394 http cache supports-color@https://registry.npmjs.org/supports-color/-/supports-color-7.2.0.tgz 0ms (cache hit)
395 http cache strip-json-comments@https://registry.npmjs.org/strip-json-comments/-/strip-json-comments-3.1.1.tgz 0ms (cache hit)
396 http cache js-yaml@https://registry.npmjs.org/js-yaml/-/js-yaml-4.1.1.tgz 0ms (cache hit)
397 http cache import-fresh@https://registry.npmjs.org/import-fresh/-/import-fresh-3.3.1.tgz 0ms (cache hit)
398 http cache globals@https://registry.npmjs.org/globals/-/globals-14.0.0.tgz 0ms (cache hit)
399 http cache @eslint/object-schema@https://registry.npmjs.org/@eslint/object-schema/-/object-schema-2.1.7.tgz 0ms (cache hit)
400 http cache @types/json-schema@https://registry.npmjs.org/@types/json-schema/-/json-schema-7.0.15.tgz 0ms (cache hit)
401 http cache lodash.merge@https://registry.npmjs.org/lodash.merge/-/lodash.merge-4.6.2.tgz 0ms (cache hit)
402 http cache minimatch@https://registry.npmjs.org/minimatch/-/minimatch-3.1.5.tgz 0ms (cache hit)
403 http cache eslint-scope@https://registry.npmjs.org/eslint-scope/-/eslint-scope-8.4.0.tgz 0ms (cache hit)
404 http cache espree@https://registry.npmjs.org/espree/-/espree-10.4.0.tgz 0ms (cache hit)
405 http cache @eslint/plugin-kit@https://registry.npmjs.org/@eslint/plugin-kit/-/plugin-kit-0.4.1.tgz 0ms (cache hit)
406 http cache chalk@https://registry.npmjs.org/chalk/-/chalk-4.1.2.tgz 0ms (cache hit)
407 http cache @eslint/core@https://registry.npmjs.org/@eslint/core/-/core-0.17.0.tgz 0ms (cache hit)
408 http cache @eslint/eslintrc@https://registry.npmjs.org/@eslint/eslintrc/-/eslintrc-3.3.5.tgz 0ms (cache hit)
409 http cache @eslint/config-array@https://registry.npmjs.org/@eslint/config-array/-/config-array-0.21.2.tgz 0ms (cache hit)
410 http cache @eslint/config-helpers@https://registry.npmjs.org/@eslint/config-helpers/-/config-helpers-0.4.2.tgz 0ms (cache hit)
411 http cache csstype@https://registry.npmjs.org/csstype/-/csstype-3.2.3.tgz 0ms (cache hit)
412 http cache @types/react-dom@https://registry.npmjs.org/@types/react-dom/-/react-dom-19.2.3.tgz 0ms (cache hit)
413 http cache @types/react@https://registry.npmjs.org/@types/react/-/react-19.2.14.tgz 0ms (cache hit)
414 http cache @tanstack/query-core@https://registry.npmjs.org/@tanstack/query-core/-/query-core-5.100.9.tgz 0ms (cache hit)
415 http cache @tanstack/react-query@https://registry.npmjs.org/@tanstack/react-query/-/react-query-5.100.9.tgz 0ms (cache hit)
416 http cache react-leaflet@https://registry.npmjs.org/react-leaflet/-/react-leaflet-5.0.0.tgz 0ms (cache hit)
417 http cache eslint@https://registry.npmjs.org/eslint/-/eslint-9.39.4.tgz 0ms (cache hit)
418 http cache zustand@https://registry.npmjs.org/zustand/-/zustand-5.0.10.tgz 0ms (cache hit)
419 http cache zod-validation-error@https://registry.npmjs.org/zod-validation-error/-/zod-validation-error-4.0.2.tgz 0ms (cache hit)
420 http cache zod@https://registry.npmjs.org/zod/-/zod-4.3.6.tgz 0ms (cache hit)
421 http cache yargs-parser@https://registry.npmjs.org/yargs-parser/-/yargs-parser-18.1.3.tgz 0ms (cache hit)
422 http cache yocto-queue@https://registry.npmjs.org/yocto-queue/-/yocto-queue-0.1.0.tgz 0ms (cache hit)
423 http cache yargs@https://registry.npmjs.org/yargs/-/yargs-15.4.1.tgz 0ms (cache hit)
424 http cache yallist@https://registry.npmjs.org/yallist/-/yallist-3.1.1.tgz 0ms (cache hit)
425 http cache @eslint/js@https://registry.npmjs.org/@eslint/js/-/js-9.39.4.tgz 0ms (cache hit)
426 http cache y18n@https://registry.npmjs.org/y18n/-/y18n-4.0.3.tgz 0ms (cache hit)
427 http cache xlsx@https://registry.npmjs.org/xlsx/-/xlsx-0.18.5.tgz 0ms (cache hit)
428 http cache xml-name-validator@https://registry.npmjs.org/xml-name-validator/-/xml-name-validator-5.0.0.tgz 0ms (cache hit)
429 http cache xmlchars@https://registry.npmjs.org/xmlchars/-/xmlchars-2.2.0.tgz 1ms (cache hit)
430 http cache workbox-window@https://registry.npmjs.org/workbox-window/-/workbox-window-7.4.0.tgz 0ms (cache hit)
431 http cache workbox-sw@https://registry.npmjs.org/workbox-sw/-/workbox-sw-7.4.0.tgz 0ms (cache hit)
432 http cache ws@https://registry.npmjs.org/ws/-/ws-8.19.0.tgz 0ms (cache hit)
433 http cache workbox-streams@https://registry.npmjs.org/workbox-streams/-/workbox-streams-7.4.0.tgz 0ms (cache hit)
434 http cache workbox-strategies@https://registry.npmjs.org/workbox-strategies/-/workbox-strategies-7.4.0.tgz 0ms (cache hit)
435 http cache workbox-routing@https://registry.npmjs.org/workbox-routing/-/workbox-routing-7.4.0.tgz 0ms (cache hit)
436 http cache workbox-recipes@https://registry.npmjs.org/workbox-recipes/-/workbox-recipes-7.4.0.tgz 0ms (cache hit)
437 http cache workbox-range-requests@https://registry.npmjs.org/workbox-range-requests/-/workbox-range-requests-7.4.0.tgz 0ms (cache hit)
438 http cache workbox-precaching@https://registry.npmjs.org/workbox-precaching/-/workbox-precaching-7.4.0.tgz 0ms (cache hit)
439 http cache workbox-navigation-preload@https://registry.npmjs.org/workbox-navigation-preload/-/workbox-navigation-preload-7.4.0.tgz 0ms (cache hit)
440 http cache workbox-google-analytics@https://registry.npmjs.org/workbox-google-analytics/-/workbox-google-analytics-7.4.0.tgz 0ms (cache hit)
441 http cache workbox-expiration@https://registry.npmjs.org/workbox-expiration/-/workbox-expiration-7.4.0.tgz 0ms (cache hit)
442 http cache workbox-core@https://registry.npmjs.org/workbox-core/-/workbox-core-7.4.0.tgz 0ms (cache hit)
443 http cache workbox-build@https://registry.npmjs.org/workbox-build/-/workbox-build-7.4.0.tgz 0ms (cache hit)
444 http cache workbox-cacheable-response@https://registry.npmjs.org/workbox-cacheable-response/-/workbox-cacheable-response-7.4.0.tgz 0ms (cache hit)
445 http cache workbox-broadcast-update@https://registry.npmjs.org/workbox-broadcast-update/-/workbox-broadcast-update-7.4.0.tgz 0ms (cache hit)
446 http cache workbox-background-sync@https://registry.npmjs.org/workbox-background-sync/-/workbox-background-sync-7.4.0.tgz 0ms (cache hit)
447 http cache word-wrap@https://registry.npmjs.org/word-wrap/-/word-wrap-1.2.5.tgz 0ms (cache hit)
448 http cache word@https://registry.npmjs.org/word/-/word-0.3.0.tgz 0ms (cache hit)
449 http cache wmf@https://registry.npmjs.org/wmf/-/wmf-1.0.2.tgz 0ms (cache hit)
450 http cache why-is-node-running@https://registry.npmjs.org/why-is-node-running/-/why-is-node-running-2.3.0.tgz 0ms (cache hit)
451 http cache which-typed-array@https://registry.npmjs.org/which-typed-array/-/which-typed-array-1.1.20.tgz 0ms (cache hit)
452 http cache which-module@https://registry.npmjs.org/which-module/-/which-module-2.0.1.tgz 0ms (cache hit)
453 http cache which-collection@https://registry.npmjs.org/which-collection/-/which-collection-1.0.2.tgz 0ms (cache hit)
454 http cache which-builtin-type@https://registry.npmjs.org/which-builtin-type/-/which-builtin-type-1.2.1.tgz 0ms (cache hit)
455 http cache which-boxed-primitive@https://registry.npmjs.org/which-boxed-primitive/-/which-boxed-primitive-1.1.1.tgz 0ms (cache hit)
456 http cache which@https://registry.npmjs.org/which/-/which-2.0.2.tgz 0ms (cache hit)
457 http cache whatwg-url@https://registry.npmjs.org/whatwg-url/-/whatwg-url-7.1.0.tgz 0ms (cache hit)
458 http cache whatwg-mimetype@https://registry.npmjs.org/whatwg-mimetype/-/whatwg-mimetype-5.0.0.tgz 0ms (cache hit)
459 http cache webidl-conversions@https://registry.npmjs.org/webidl-conversions/-/webidl-conversions-4.0.2.tgz 0ms (cache hit)
460 http cache w3c-keyname@https://registry.npmjs.org/w3c-keyname/-/w3c-keyname-2.2.8.tgz 0ms (cache hit)
461 http cache w3c-xmlserializer@https://registry.npmjs.org/w3c-xmlserializer/-/w3c-xmlserializer-5.0.0.tgz 0ms (cache hit)
462 http cache vitest@https://registry.npmjs.org/vitest/-/vitest-4.0.18.tgz 0ms (cache hit)
463 http cache vite@https://registry.npmjs.org/vite/-/vite-7.3.1.tgz 0ms (cache hit)
464 http cache vite-plugin-pwa@https://registry.npmjs.org/vite-plugin-pwa/-/vite-plugin-pwa-1.2.0.tgz 0ms (cache hit)
465 http cache vietqr@https://registry.npmjs.org/vietqr/-/vietqr-1.1.9.tgz 0ms (cache hit)
466 http cache victory-vendor@https://registry.npmjs.org/victory-vendor/-/victory-vendor-37.3.6.tgz 0ms (cache hit)
467 http cache utrie@https://registry.npmjs.org/utrie/-/utrie-1.0.2.tgz 0ms (cache hit)
468 http cache use-sync-external-store@https://registry.npmjs.org/use-sync-external-store/-/use-sync-external-store-1.6.0.tgz 0ms (cache hit)
469 http cache update-browserslist-db@https://registry.npmjs.org/update-browserslist-db/-/update-browserslist-db-1.2.3.tgz 0ms (cache hit)
470 http cache uri-js@https://registry.npmjs.org/uri-js/-/uri-js-4.4.1.tgz 0ms (cache hit)
471 http cache upath@https://registry.npmjs.org/upath/-/upath-1.2.0.tgz 0ms (cache hit)
472 http cache universalify@https://registry.npmjs.org/universalify/-/universalify-2.0.1.tgz 0ms (cache hit)
473 http cache unique-string@https://registry.npmjs.org/unique-string/-/unique-string-2.0.0.tgz 0ms (cache hit)
474 http cache unicode-property-aliases-ecmascript@https://registry.npmjs.org/unicode-property-aliases-ecmascript/-/unicode-property-aliases-ecmascript-2.2.0.tgz 0ms (cache hit)
475 http cache unicode-match-property-value-ecmascript@https://registry.npmjs.org/unicode-match-property-value-ecmascript/-/unicode-match-property-value-ecmascript-2.2.1.tgz 0ms (cache hit)
476 http cache unicode-match-property-ecmascript@https://registry.npmjs.org/unicode-match-property-ecmascript/-/unicode-match-property-ecmascript-2.0.0.tgz 0ms (cache hit)
477 http cache unicode-canonical-property-names-ecmascript@https://registry.npmjs.org/unicode-canonical-property-names-ecmascript/-/unicode-canonical-property-names-ecmascript-2.0.1.tgz 0ms (cache hit)
478 http cache undici-types@https://registry.npmjs.org/undici-types/-/undici-types-7.16.0.tgz 0ms (cache hit)
479 http cache undici@https://registry.npmjs.org/undici/-/undici-7.24.6.tgz 0ms (cache hit)
480 http cache unbox-primitive@https://registry.npmjs.org/unbox-primitive/-/unbox-primitive-1.1.0.tgz 0ms (cache hit)
481 http cache uc.micro@https://registry.npmjs.org/uc.micro/-/uc.micro-2.1.0.tgz 0ms (cache hit)
482 http cache typescript-eslint@https://registry.npmjs.org/typescript-eslint/-/typescript-eslint-8.56.1.tgz 0ms (cache hit)
483 http cache typescript@https://registry.npmjs.org/typescript/-/typescript-5.9.3.tgz 0ms (cache hit)
484 http cache typed-array-length@https://registry.npmjs.org/typed-array-length/-/typed-array-length-1.0.7.tgz 0ms (cache hit)
485 http cache typed-array-byte-offset@https://registry.npmjs.org/typed-array-byte-offset/-/typed-array-byte-offset-1.0.4.tgz 0ms (cache hit)
486 http cache typed-array-byte-length@https://registry.npmjs.org/typed-array-byte-length/-/typed-array-byte-length-1.0.3.tgz 0ms (cache hit)
487 http cache typed-array-buffer@https://registry.npmjs.org/typed-array-buffer/-/typed-array-buffer-1.0.3.tgz 0ms (cache hit)
488 http cache type-fest@https://registry.npmjs.org/type-fest/-/type-fest-0.16.0.tgz 0ms (cache hit)
489 http cache type-check@https://registry.npmjs.org/type-check/-/type-check-0.4.0.tgz 0ms (cache hit)
490 http cache tslib@https://registry.npmjs.org/tslib/-/tslib-2.8.1.tgz 0ms (cache hit)
491 http cache ts-api-utils@https://registry.npmjs.org/ts-api-utils/-/ts-api-utils-2.4.0.tgz 0ms (cache hit)
492 http cache tr46@https://registry.npmjs.org/tr46/-/tr46-1.0.1.tgz 0ms (cache hit)
493 http cache tldts-core@https://registry.npmjs.org/tldts-core/-/tldts-core-7.0.27.tgz 0ms (cache hit)
494 http cache tough-cookie@https://registry.npmjs.org/tough-cookie/-/tough-cookie-6.0.1.tgz 0ms (cache hit)
495 http cache tldts@https://registry.npmjs.org/tldts/-/tldts-7.0.27.tgz 0ms (cache hit)
496 http cache tinyrainbow@https://registry.npmjs.org/tinyrainbow/-/tinyrainbow-3.0.3.tgz 0ms (cache hit)
497 http cache tinyexec@https://registry.npmjs.org/tinyexec/-/tinyexec-1.0.2.tgz 0ms (cache hit)
498 http cache tinyglobby@https://registry.npmjs.org/tinyglobby/-/tinyglobby-0.2.15.tgz 0ms (cache hit)
499 http cache tinybench@https://registry.npmjs.org/tinybench/-/tinybench-2.9.0.tgz 0ms (cache hit)
500 http cache tiny-invariant@https://registry.npmjs.org/tiny-invariant/-/tiny-invariant-1.3.3.tgz 0ms (cache hit)
501 http cache terser@https://registry.npmjs.org/terser/-/terser-5.46.0.tgz 0ms (cache hit)
502 http cache text-segmentation@https://registry.npmjs.org/text-segmentation/-/text-segmentation-1.0.3.tgz 1ms (cache hit)
503 http cache tempy@https://registry.npmjs.org/tempy/-/tempy-0.6.0.tgz 0ms (cache hit)
504 http cache temp-dir@https://registry.npmjs.org/temp-dir/-/temp-dir-2.0.0.tgz 0ms (cache hit)
505 http cache tapable@https://registry.npmjs.org/tapable/-/tapable-2.3.0.tgz 0ms (cache hit)
506 http cache tailwind-merge@https://registry.npmjs.org/tailwind-merge/-/tailwind-merge-3.4.0.tgz 0ms (cache hit)
507 http cache tailwindcss@https://registry.npmjs.org/tailwindcss/-/tailwindcss-4.1.18.tgz 0ms (cache hit)
508 http cache svg-pathdata@https://registry.npmjs.org/svg-pathdata/-/svg-pathdata-6.0.3.tgz 0ms (cache hit)
509 http cache symbol-tree@https://registry.npmjs.org/symbol-tree/-/symbol-tree-3.2.4.tgz 0ms (cache hit)
510 http cache supports-preserve-symlinks-flag@https://registry.npmjs.org/supports-preserve-symlinks-flag/-/supports-preserve-symlinks-flag-1.0.0.tgz 0ms (cache hit)
511 http cache strip-indent@https://registry.npmjs.org/strip-indent/-/strip-indent-3.0.0.tgz 0ms (cache hit)
512 http cache strip-comments@https://registry.npmjs.org/strip-comments/-/strip-comments-2.0.1.tgz 1ms (cache hit)
513 http cache string.prototype.trimstart@https://registry.npmjs.org/string.prototype.trimstart/-/string.prototype.trimstart-1.0.8.tgz 0ms (cache hit)
514 http cache string.prototype.trimend@https://registry.npmjs.org/string.prototype.trimend/-/string.prototype.trimend-1.0.9.tgz 0ms (cache hit)
515 http cache string.prototype.trim@https://registry.npmjs.org/string.prototype.trim/-/string.prototype.trim-1.2.10.tgz 0ms (cache hit)
516 http cache string.prototype.repeat@https://registry.npmjs.org/string.prototype.repeat/-/string.prototype.repeat-1.0.0.tgz 0ms (cache hit)
517 http cache stringify-object@https://registry.npmjs.org/stringify-object/-/stringify-object-3.3.0.tgz 0ms (cache hit)
518 http cache string.prototype.includes@https://registry.npmjs.org/string.prototype.includes/-/string.prototype.includes-2.0.1.tgz 0ms (cache hit)
519 http cache stackblur-canvas@https://registry.npmjs.org/stackblur-canvas/-/stackblur-canvas-2.7.0.tgz 0ms (cache hit)
520 http cache stop-iteration-iterator@https://registry.npmjs.org/stop-iteration-iterator/-/stop-iteration-iterator-1.1.0.tgz 0ms (cache hit)
521 http cache std-env@https://registry.npmjs.org/std-env/-/std-env-3.10.0.tgz 0ms (cache hit)
522 http cache string.prototype.matchall@https://registry.npmjs.org/string.prototype.matchall/-/string.prototype.matchall-4.0.12.tgz 0ms (cache hit)
523 http cache ssf@https://registry.npmjs.org/ssf/-/ssf-0.11.2.tgz 0ms (cache hit)
524 http cache source-map-support@https://registry.npmjs.org/source-map-support/-/source-map-support-0.5.21.tgz 0ms (cache hit)
525 http cache stackback@https://registry.npmjs.org/stackback/-/stackback-0.0.2.tgz 0ms (cache hit)
526 http cache sourcemap-codec@https://registry.npmjs.org/sourcemap-codec/-/sourcemap-codec-1.4.8.tgz 0ms (cache hit)
527 http cache source-map@https://registry.npmjs.org/source-map/-/source-map-0.8.0-beta.0.tgz 0ms (cache hit)
528 http cache source-map-js@https://registry.npmjs.org/source-map-js/-/source-map-js-1.2.1.tgz 0ms (cache hit)
529 http cache sonner@https://registry.npmjs.org/sonner/-/sonner-2.0.7.tgz 0ms (cache hit)
530 http cache smob@https://registry.npmjs.org/smob/-/smob-1.6.1.tgz 0ms (cache hit)
531 http cache signal-exit@https://registry.npmjs.org/signal-exit/-/signal-exit-4.1.0.tgz 0ms (cache hit)
532 http cache siginfo@https://registry.npmjs.org/siginfo/-/siginfo-2.0.0.tgz 0ms (cache hit)
533 http cache side-channel-weakmap@https://registry.npmjs.org/side-channel-weakmap/-/side-channel-weakmap-1.0.2.tgz 0ms (cache hit)
534 http cache side-channel-map@https://registry.npmjs.org/side-channel-map/-/side-channel-map-1.0.1.tgz 0ms (cache hit)
535 http cache side-channel-list@https://registry.npmjs.org/side-channel-list/-/side-channel-list-1.0.0.tgz 0ms (cache hit)
536 http cache side-channel@https://registry.npmjs.org/side-channel/-/side-channel-1.1.0.tgz 0ms (cache hit)
537 http cache shebang-regex@https://registry.npmjs.org/shebang-regex/-/shebang-regex-3.0.0.tgz 0ms (cache hit)
538 http cache shebang-command@https://registry.npmjs.org/shebang-command/-/shebang-command-2.0.0.tgz 0ms (cache hit)
539 http cache set-proto@https://registry.npmjs.org/set-proto/-/set-proto-1.0.0.tgz 0ms (cache hit)
540 http cache set-function-name@https://registry.npmjs.org/set-function-name/-/set-function-name-2.0.2.tgz 0ms (cache hit)
541 http cache set-function-length@https://registry.npmjs.org/set-function-length/-/set-function-length-1.2.2.tgz 0ms (cache hit)
542 http cache set-cookie-parser@https://registry.npmjs.org/set-cookie-parser/-/set-cookie-parser-2.7.2.tgz 0ms (cache hit)
543 http cache set-blocking@https://registry.npmjs.org/set-blocking/-/set-blocking-2.0.0.tgz 0ms (cache hit)
544 http cache serialize-javascript@https://registry.npmjs.org/serialize-javascript/-/serialize-javascript-6.0.2.tgz 0ms (cache hit)
545 http cache semver@https://registry.npmjs.org/semver/-/semver-6.3.1.tgz 0ms (cache hit)
546 http cache scheduler@https://registry.npmjs.org/scheduler/-/scheduler-0.27.0.tgz 0ms (cache hit)
547 http cache saxes@https://registry.npmjs.org/saxes/-/saxes-6.0.0.tgz 0ms (cache hit)
548 http cache safe-regex-test@https://registry.npmjs.org/safe-regex-test/-/safe-regex-test-1.1.0.tgz 0ms (cache hit)
549 http cache safe-push-apply@https://registry.npmjs.org/safe-push-apply/-/safe-push-apply-1.0.0.tgz 0ms (cache hit)
550 http cache safe-buffer@https://registry.npmjs.org/safe-buffer/-/safe-buffer-5.2.1.tgz 0ms (cache hit)
551 http cache safe-array-concat@https://registry.npmjs.org/safe-array-concat/-/safe-array-concat-1.1.3.tgz 0ms (cache hit)
552 http cache rope-sequence@https://registry.npmjs.org/rope-sequence/-/rope-sequence-1.3.4.tgz 0ms (cache hit)
553 http cache rollup@https://registry.npmjs.org/rollup/-/rollup-4.57.1.tgz 0ms (cache hit)
554 http cache rgbcolor@https://registry.npmjs.org/rgbcolor/-/rgbcolor-1.0.1.tgz 0ms (cache hit)
555 http cache resolve@https://registry.npmjs.org/resolve/-/resolve-1.22.11.tgz 0ms (cache hit)
556 http cache reselect@https://registry.npmjs.org/reselect/-/reselect-5.1.1.tgz 0ms (cache hit)
557 http cache require-main-filename@https://registry.npmjs.org/require-main-filename/-/require-main-filename-2.0.0.tgz 0ms (cache hit)
558 http cache require-from-string@https://registry.npmjs.org/require-from-string/-/require-from-string-2.0.2.tgz 0ms (cache hit)
559 http cache require-directory@https://registry.npmjs.org/require-directory/-/require-directory-2.1.1.tgz 0ms (cache hit)
560 http cache regjsparser@https://registry.npmjs.org/regjsparser/-/regjsparser-0.13.0.tgz 0ms (cache hit)
561 http cache regjsgen@https://registry.npmjs.org/regjsgen/-/regjsgen-0.8.0.tgz 0ms (cache hit)
562 http cache regexpu-core@https://registry.npmjs.org/regexpu-core/-/regexpu-core-6.4.0.tgz 0ms (cache hit)
563 http cache regexp.prototype.flags@https://registry.npmjs.org/regexp.prototype.flags/-/regexp.prototype.flags-1.5.4.tgz 0ms (cache hit)
564 http cache regenerator-runtime@https://registry.npmjs.org/regenerator-runtime/-/regenerator-runtime-0.13.11.tgz 0ms (cache hit)
565 http cache regenerate@https://registry.npmjs.org/regenerate/-/regenerate-1.4.2.tgz 0ms (cache hit)
566 http cache regenerate-unicode-properties@https://registry.npmjs.org/regenerate-unicode-properties/-/regenerate-unicode-properties-10.2.2.tgz 0ms (cache hit)
567 http cache redux-thunk@https://registry.npmjs.org/redux-thunk/-/redux-thunk-3.1.0.tgz 0ms (cache hit)
568 http cache redux@https://registry.npmjs.org/redux/-/redux-5.0.1.tgz 0ms (cache hit)
569 http cache reflect.getprototypeof@https://registry.npmjs.org/reflect.getprototypeof/-/reflect.getprototypeof-1.0.10.tgz 0ms (cache hit)
570 http cache redent@https://registry.npmjs.org/redent/-/redent-3.0.0.tgz 0ms (cache hit)
571 http cache recharts@https://registry.npmjs.org/recharts/-/recharts-3.7.0.tgz 0ms (cache hit)
572 http cache react-router-dom@https://registry.npmjs.org/react-router-dom/-/react-router-dom-7.13.0.tgz 0ms (cache hit)
573 http cache react-router@https://registry.npmjs.org/react-router/-/react-router-7.13.0.tgz 0ms (cache hit)
574 http cache react-refresh@https://registry.npmjs.org/react-refresh/-/react-refresh-0.18.0.tgz 0ms (cache hit)
575 http cache react-redux@https://registry.npmjs.org/react-redux/-/react-redux-9.2.0.tgz 0ms (cache hit)
576 http cache react-is@https://registry.npmjs.org/react-is/-/react-is-19.2.4.tgz 0ms (cache hit)
577 http cache react-dom@https://registry.npmjs.org/react-dom/-/react-dom-19.2.4.tgz 0ms (cache hit)
578 http cache react-hook-form@https://registry.npmjs.org/react-hook-form/-/react-hook-form-7.71.1.tgz 0ms (cache hit)
579 http cache react@https://registry.npmjs.org/react/-/react-19.2.4.tgz 2ms (cache hit)
580 http cache randombytes@https://registry.npmjs.org/randombytes/-/randombytes-2.1.0.tgz 0ms (cache hit)
581 http cache raf@https://registry.npmjs.org/raf/-/raf-3.4.1.tgz 0ms (cache hit)
582 http cache qrcode@https://registry.npmjs.org/qrcode/-/qrcode-1.5.4.tgz 0ms (cache hit)
583 http cache punycode@https://registry.npmjs.org/punycode/-/punycode-2.3.1.tgz 0ms (cache hit)
584 http cache punycode.js@https://registry.npmjs.org/punycode.js/-/punycode.js-2.3.1.tgz 0ms (cache hit)
585 http cache prosemirror-view@https://registry.npmjs.org/prosemirror-view/-/prosemirror-view-1.41.6.tgz 0ms (cache hit)
586 http cache prosemirror-transform@https://registry.npmjs.org/prosemirror-transform/-/prosemirror-transform-1.11.0.tgz 0ms (cache hit)
587 http cache prosemirror-trailing-node@https://registry.npmjs.org/prosemirror-trailing-node/-/prosemirror-trailing-node-3.0.0.tgz 0ms (cache hit)
588 http cache prosemirror-state@https://registry.npmjs.org/prosemirror-state/-/prosemirror-state-1.4.4.tgz 0ms (cache hit)
589 http cache prosemirror-schema-list@https://registry.npmjs.org/prosemirror-schema-list/-/prosemirror-schema-list-1.5.1.tgz 0ms (cache hit)
590 http cache prosemirror-model@https://registry.npmjs.org/prosemirror-model/-/prosemirror-model-1.25.4.tgz 0ms (cache hit)
591 http cache prosemirror-schema-basic@https://registry.npmjs.org/prosemirror-schema-basic/-/prosemirror-schema-basic-1.2.4.tgz 0ms (cache hit)
592 http cache prosemirror-menu@https://registry.npmjs.org/prosemirror-menu/-/prosemirror-menu-1.3.0.tgz 0ms (cache hit)
593 http cache prosemirror-inputrules@https://registry.npmjs.org/prosemirror-inputrules/-/prosemirror-inputrules-1.5.1.tgz 0ms (cache hit)
594 http cache prosemirror-keymap@https://registry.npmjs.org/prosemirror-keymap/-/prosemirror-keymap-1.2.3.tgz 0ms (cache hit)
595 http cache prosemirror-history@https://registry.npmjs.org/prosemirror-history/-/prosemirror-history-1.5.0.tgz 0ms (cache hit)
596 http cache prosemirror-gapcursor@https://registry.npmjs.org/prosemirror-gapcursor/-/prosemirror-gapcursor-1.4.0.tgz 0ms (cache hit)
597 http cache prosemirror-dropcursor@https://registry.npmjs.org/prosemirror-dropcursor/-/prosemirror-dropcursor-1.8.2.tgz 0ms (cache hit)
598 http cache prosemirror-commands@https://registry.npmjs.org/prosemirror-commands/-/prosemirror-commands-1.7.1.tgz 0ms (cache hit)
599 http cache prosemirror-changeset@https://registry.npmjs.org/prosemirror-changeset/-/prosemirror-changeset-2.4.0.tgz 0ms (cache hit)
600 http cache prosemirror-collab@https://registry.npmjs.org/prosemirror-collab/-/prosemirror-collab-1.3.1.tgz 0ms (cache hit)
601 http cache prop-types@https://registry.npmjs.org/prop-types/-/prop-types-15.8.1.tgz 0ms (cache hit)
602 http cache pretty-format@https://registry.npmjs.org/pretty-format/-/pretty-format-27.5.1.tgz 0ms (cache hit)
603 http cache prettier@https://registry.npmjs.org/prettier/-/prettier-3.8.1.tgz 0ms (cache hit)
604 http cache prosemirror-markdown@https://registry.npmjs.org/prosemirror-markdown/-/prosemirror-markdown-1.13.4.tgz 0ms (cache hit)
605 http cache pretty-bytes@https://registry.npmjs.org/pretty-bytes/-/pretty-bytes-6.1.1.tgz 0ms (cache hit)
606 http cache prelude-ls@https://registry.npmjs.org/prelude-ls/-/prelude-ls-1.2.1.tgz 0ms (cache hit)
607 http cache postcss-value-parser@https://registry.npmjs.org/postcss-value-parser/-/postcss-value-parser-4.2.0.tgz 0ms (cache hit)
608 http cache postcss@https://registry.npmjs.org/postcss/-/postcss-8.5.6.tgz 0ms (cache hit)
609 http cache pngjs@https://registry.npmjs.org/pngjs/-/pngjs-5.0.0.tgz 0ms (cache hit)
610 http cache picomatch@https://registry.npmjs.org/picomatch/-/picomatch-4.0.3.tgz 0ms (cache hit)
611 http cache possible-typed-array-names@https://registry.npmjs.org/possible-typed-array-names/-/possible-typed-array-names-1.1.0.tgz 0ms (cache hit)
612 http cache picocolors@https://registry.npmjs.org/picocolors/-/picocolors-1.1.1.tgz 1ms (cache hit)
613 http cache performance-now@https://registry.npmjs.org/performance-now/-/performance-now-2.1.0.tgz 0ms (cache hit)
614 http cache prosemirror-tables@https://registry.npmjs.org/prosemirror-tables/-/prosemirror-tables-1.8.5.tgz 0ms (cache hit)
615 http cache pathe@https://registry.npmjs.org/pathe/-/pathe-2.0.3.tgz 0ms (cache hit)
616 http cache path-parse@https://registry.npmjs.org/path-parse/-/path-parse-1.0.7.tgz 0ms (cache hit)
617 http cache pako@https://registry.npmjs.org/pako/-/pako-2.1.0.tgz 0ms (cache hit)
618 http cache path-exists@https://registry.npmjs.org/path-exists/-/path-exists-4.0.0.tgz 0ms (cache hit)
619 http cache parse5@https://registry.npmjs.org/parse5/-/parse5-8.0.0.tgz 0ms (cache hit)
620 http cache package-json-from-dist@https://registry.npmjs.org/package-json-from-dist/-/package-json-from-dist-1.0.1.tgz 0ms (cache hit)
621 http cache p-try@https://registry.npmjs.org/p-try/-/p-try-2.2.0.tgz 0ms (cache hit)
622 http cache p-limit@https://registry.npmjs.org/p-limit/-/p-limit-3.1.0.tgz 0ms (cache hit)
623 http cache p-locate@https://registry.npmjs.org/p-locate/-/p-locate-5.0.0.tgz 0ms (cache hit)
624 http cache own-keys@https://registry.npmjs.org/own-keys/-/own-keys-1.0.1.tgz 0ms (cache hit)
625 http cache orderedmap@https://registry.npmjs.org/orderedmap/-/orderedmap-2.1.1.tgz 0ms (cache hit)
626 http cache obug@https://registry.npmjs.org/obug/-/obug-2.1.1.tgz 0ms (cache hit)
627 http cache optionator@https://registry.npmjs.org/optionator/-/optionator-0.9.4.tgz 1ms (cache hit)
628 http cache object.fromentries@https://registry.npmjs.org/object.fromentries/-/object.fromentries-2.0.8.tgz 0ms (cache hit)
629 http cache object.values@https://registry.npmjs.org/object.values/-/object.values-1.2.1.tgz 0ms (cache hit)
630 http cache object.assign@https://registry.npmjs.org/object.assign/-/object.assign-4.1.7.tgz 0ms (cache hit)
631 http cache object.entries@https://registry.npmjs.org/object.entries/-/object.entries-1.1.9.tgz 0ms (cache hit)
632 http cache object-keys@https://registry.npmjs.org/object-keys/-/object-keys-1.1.1.tgz 0ms (cache hit)
633 http cache object-assign@https://registry.npmjs.org/object-assign/-/object-assign-4.1.1.tgz 0ms (cache hit)
634 http cache node-releases@https://registry.npmjs.org/node-releases/-/node-releases-2.0.27.tgz 0ms (cache hit)
635 http cache node-exports-info@https://registry.npmjs.org/node-exports-info/-/node-exports-info-1.6.0.tgz 0ms (cache hit)
636 http cache natural-compare@https://registry.npmjs.org/natural-compare/-/natural-compare-1.4.0.tgz 0ms (cache hit)
637 http cache nanoid@https://registry.npmjs.org/nanoid/-/nanoid-3.3.11.tgz 0ms (cache hit)
638 http cache napas-qr@https://registry.npmjs.org/napas-qr/-/napas-qr-1.0.4.tgz 0ms (cache hit)
639 http cache ms@https://registry.npmjs.org/ms/-/ms-2.1.3.tgz 0ms (cache hit)
640 http cache motion-utils@https://registry.npmjs.org/motion-utils/-/motion-utils-12.29.2.tgz 0ms (cache hit)
641 http cache motion-dom@https://registry.npmjs.org/motion-dom/-/motion-dom-12.29.2.tgz 0ms (cache hit)
642 http cache minipass@https://registry.npmjs.org/minipass/-/minipass-7.1.2.tgz 0ms (cache hit)
643 http cache min-indent@https://registry.npmjs.org/min-indent/-/min-indent-1.0.1.tgz 0ms (cache hit)
644 http cache mdurl@https://registry.npmjs.org/mdurl/-/mdurl-2.0.0.tgz 0ms (cache hit)
645 http cache mdn-data@https://registry.npmjs.org/mdn-data/-/mdn-data-2.27.1.tgz 0ms (cache hit)
646 http cache math-intrinsics@https://registry.npmjs.org/math-intrinsics/-/math-intrinsics-1.1.0.tgz 0ms (cache hit)
647 http cache markdown-it@https://registry.npmjs.org/markdown-it/-/markdown-it-14.1.1.tgz 0ms (cache hit)
648 http cache object-inspect@https://registry.npmjs.org/object-inspect/-/object-inspect-1.13.4.tgz 0ms (cache hit)
649 http cache magic-string@https://registry.npmjs.org/magic-string/-/magic-string-0.30.21.tgz 0ms (cache hit)
650 http cache lucide-react@https://registry.npmjs.org/lucide-react/-/lucide-react-0.563.0.tgz 0ms (cache hit)
651 http cache lz-string@https://registry.npmjs.org/lz-string/-/lz-string-1.5.0.tgz 0ms (cache hit)
652 http cache loose-envify@https://registry.npmjs.org/loose-envify/-/loose-envify-1.4.0.tgz 0ms (cache hit)
653 http cache lodash.sortby@https://registry.npmjs.org/lodash.sortby/-/lodash.sortby-4.7.0.tgz 0ms (cache hit)
654 http cache lodash.debounce@https://registry.npmjs.org/lodash.debounce/-/lodash.debounce-4.0.8.tgz 0ms (cache hit)
655 http cache lodash@https://registry.npmjs.org/lodash/-/lodash-4.17.23.tgz 1ms (cache hit)
656 http cache lru-cache@https://registry.npmjs.org/lru-cache/-/lru-cache-5.1.1.tgz 0ms (cache hit)
657 http cache locate-path@https://registry.npmjs.org/locate-path/-/locate-path-6.0.0.tgz 0ms (cache hit)
658 http cache linkifyjs@https://registry.npmjs.org/linkifyjs/-/linkifyjs-4.3.2.tgz 0ms (cache hit)
659 http cache linkify-it@https://registry.npmjs.org/linkify-it/-/linkify-it-5.0.0.tgz 0ms (cache hit)
660 http cache lightningcss@https://registry.npmjs.org/lightningcss/-/lightningcss-1.30.2.tgz 0ms (cache hit)
661 http cache levn@https://registry.npmjs.org/levn/-/levn-0.4.1.tgz 0ms (cache hit)
662 http cache leven@https://registry.npmjs.org/leven/-/leven-3.1.0.tgz 0ms (cache hit)
663 http cache leaflet@https://registry.npmjs.org/leaflet/-/leaflet-1.9.4.tgz 0ms (cache hit)
664 http cache language-subtag-registry@https://registry.npmjs.org/language-subtag-registry/-/language-subtag-registry-0.3.23.tgz 0ms (cache hit)
665 http cache language-tags@https://registry.npmjs.org/language-tags/-/language-tags-1.0.9.tgz 0ms (cache hit)
666 http cache keyv@https://registry.npmjs.org/keyv/-/keyv-4.5.4.tgz 0ms (cache hit)
667 http cache jsx-ast-utils@https://registry.npmjs.org/jsx-ast-utils/-/jsx-ast-utils-3.3.5.tgz 0ms (cache hit)
668 http cache jspdf-autotable@https://registry.npmjs.org/jspdf-autotable/-/jspdf-autotable-5.0.7.tgz 0ms (cache hit)
669 http cache jspdf@https://registry.npmjs.org/jspdf/-/jspdf-4.1.0.tgz 0ms (cache hit)
670 http cache jsonpointer@https://registry.npmjs.org/jsonpointer/-/jsonpointer-5.0.1.tgz 0ms (cache hit)
671 http cache jsonfile@https://registry.npmjs.org/jsonfile/-/jsonfile-6.2.0.tgz 0ms (cache hit)
672 http cache json5@https://registry.npmjs.org/json5/-/json5-2.2.3.tgz 0ms (cache hit)
673 http cache lightningcss-darwin-x64@https://registry.npmjs.org/lightningcss-darwin-x64/-/lightningcss-darwin-x64-1.30.2.tgz 0ms (cache hit)
674 http cache json-stable-stringify-without-jsonify@https://registry.npmjs.org/json-stable-stringify-without-jsonify/-/json-stable-stringify-without-jsonify-1.0.1.tgz 0ms (cache hit)
675 http cache json-schema-traverse@https://registry.npmjs.org/json-schema-traverse/-/json-schema-traverse-1.0.0.tgz 0ms (cache hit)
676 http cache json-schema@https://registry.npmjs.org/json-schema/-/json-schema-0.4.0.tgz 0ms (cache hit)
677 http cache json-buffer@https://registry.npmjs.org/json-buffer/-/json-buffer-3.0.1.tgz 0ms (cache hit)
678 http cache jsesc@https://registry.npmjs.org/jsesc/-/jsesc-3.1.0.tgz 0ms (cache hit)
679 http cache jsdom@https://registry.npmjs.org/jsdom/-/jsdom-29.0.1.tgz 0ms (cache hit)
680 http cache js-tokens@https://registry.npmjs.org/js-tokens/-/js-tokens-4.0.0.tgz 0ms (cache hit)
681 http cache jiti@https://registry.npmjs.org/jiti/-/jiti-2.6.1.tgz 0ms (cache hit)
682 http cache iterator.prototype@https://registry.npmjs.org/iterator.prototype/-/iterator.prototype-1.1.5.tgz 0ms (cache hit)
683 http cache isexe@https://registry.npmjs.org/isexe/-/isexe-2.0.0.tgz 0ms (cache hit)
684 http cache path-key@https://registry.npmjs.org/path-key/-/path-key-3.1.1.tgz 0ms (cache hit)
685 http cache jake@https://registry.npmjs.org/jake/-/jake-10.9.4.tgz 1ms (cache hit)
686 http cache isarray@https://registry.npmjs.org/isarray/-/isarray-2.0.5.tgz 0ms (cache hit)
687 http cache is-weakmap@https://registry.npmjs.org/is-weakmap/-/is-weakmap-2.0.2.tgz 0ms (cache hit)
688 http cache is-weakref@https://registry.npmjs.org/is-weakref/-/is-weakref-1.1.1.tgz 0ms (cache hit)
689 http cache is-typed-array@https://registry.npmjs.org/is-typed-array/-/is-typed-array-1.1.15.tgz 0ms (cache hit)
690 http cache is-string@https://registry.npmjs.org/is-string/-/is-string-1.1.1.tgz 0ms (cache hit)
691 http cache is-symbol@https://registry.npmjs.org/is-symbol/-/is-symbol-1.1.1.tgz 0ms (cache hit)
692 http cache is-stream@https://registry.npmjs.org/is-stream/-/is-stream-2.0.1.tgz 0ms (cache hit)
693 http cache is-set@https://registry.npmjs.org/is-set/-/is-set-2.0.3.tgz 0ms (cache hit)
694 http cache is-shared-array-buffer@https://registry.npmjs.org/is-shared-array-buffer/-/is-shared-array-buffer-1.0.4.tgz 0ms (cache hit)
695 http cache is-regex@https://registry.npmjs.org/is-regex/-/is-regex-1.2.1.tgz 0ms (cache hit)
696 http cache is-regexp@https://registry.npmjs.org/is-regexp/-/is-regexp-1.0.0.tgz 0ms (cache hit)
697 http cache is-potential-custom-element-name@https://registry.npmjs.org/is-potential-custom-element-name/-/is-potential-custom-element-name-1.0.1.tgz 0ms (cache hit)
698 http cache is-obj@https://registry.npmjs.org/is-obj/-/is-obj-1.0.1.tgz 0ms (cache hit)
699 http cache is-number-object@https://registry.npmjs.org/is-number-object/-/is-number-object-1.1.1.tgz 0ms (cache hit)
700 http cache is-map@https://registry.npmjs.org/is-map/-/is-map-2.0.3.tgz 0ms (cache hit)
701 http cache is-negative-zero@https://registry.npmjs.org/is-negative-zero/-/is-negative-zero-2.0.3.tgz 0ms (cache hit)
702 http cache is-module@https://registry.npmjs.org/is-module/-/is-module-1.0.0.tgz 0ms (cache hit)
703 http cache is-glob@https://registry.npmjs.org/is-glob/-/is-glob-4.0.3.tgz 0ms (cache hit)
704 http cache is-generator-function@https://registry.npmjs.org/is-generator-function/-/is-generator-function-1.1.2.tgz 0ms (cache hit)
705 http cache is-fullwidth-code-point@https://registry.npmjs.org/is-fullwidth-code-point/-/is-fullwidth-code-point-3.0.0.tgz 0ms (cache hit)
706 http cache is-finalizationregistry@https://registry.npmjs.org/is-finalizationregistry/-/is-finalizationregistry-1.1.1.tgz 0ms (cache hit)
707 http cache is-date-object@https://registry.npmjs.org/is-date-object/-/is-date-object-1.1.0.tgz 0ms (cache hit)
708 http cache is-extglob@https://registry.npmjs.org/is-extglob/-/is-extglob-2.1.1.tgz 0ms (cache hit)
709 http cache is-core-module@https://registry.npmjs.org/is-core-module/-/is-core-module-2.16.1.tgz 0ms (cache hit)
710 http cache is-data-view@https://registry.npmjs.org/is-data-view/-/is-data-view-1.0.2.tgz 0ms (cache hit)
711 http cache is-callable@https://registry.npmjs.org/is-callable/-/is-callable-1.2.7.tgz 0ms (cache hit)
712 http cache is-boolean-object@https://registry.npmjs.org/is-boolean-object/-/is-boolean-object-1.2.2.tgz 0ms (cache hit)
713 http cache is-weakset@https://registry.npmjs.org/is-weakset/-/is-weakset-2.0.4.tgz 0ms (cache hit)
714 http cache is-bigint@https://registry.npmjs.org/is-bigint/-/is-bigint-1.1.0.tgz 0ms (cache hit)
715 http cache is-async-function@https://registry.npmjs.org/is-async-function/-/is-async-function-2.1.1.tgz 0ms (cache hit)
716 http cache iobuffer@https://registry.npmjs.org/iobuffer/-/iobuffer-5.4.0.tgz 0ms (cache hit)
717 http cache is-array-buffer@https://registry.npmjs.org/is-array-buffer/-/is-array-buffer-3.0.5.tgz 0ms (cache hit)
718 http cache internmap@https://registry.npmjs.org/internmap/-/internmap-2.0.3.tgz 0ms (cache hit)
719 http cache indent-string@https://registry.npmjs.org/indent-string/-/indent-string-4.0.0.tgz 0ms (cache hit)
720 http cache imurmurhash@https://registry.npmjs.org/imurmurhash/-/imurmurhash-0.1.4.tgz 0ms (cache hit)
721 http cache internal-slot@https://registry.npmjs.org/internal-slot/-/internal-slot-1.1.0.tgz 0ms (cache hit)
722 http cache ignore@https://registry.npmjs.org/ignore/-/ignore-5.3.2.tgz 0ms (cache hit)
723 http cache immer@https://registry.npmjs.org/immer/-/immer-10.2.0.tgz 0ms (cache hit)
724 http cache idb@https://registry.npmjs.org/idb/-/idb-7.1.1.tgz 0ms (cache hit)
725 http cache ieee754@https://registry.npmjs.org/ieee754/-/ieee754-1.2.1.tgz 0ms (cache hit)
726 http cache iceberg-js@https://registry.npmjs.org/iceberg-js/-/iceberg-js-0.8.1.tgz 0ms (cache hit)
727 http cache html2canvas@https://registry.npmjs.org/html2canvas/-/html2canvas-1.4.1.tgz 0ms (cache hit)
728 http cache hermes-parser@https://registry.npmjs.org/hermes-parser/-/hermes-parser-0.25.1.tgz 0ms (cache hit)
729 http cache hermes-estree@https://registry.npmjs.org/hermes-estree/-/hermes-estree-0.25.1.tgz 0ms (cache hit)
730 http cache hasown@https://registry.npmjs.org/hasown/-/hasown-2.0.2.tgz 0ms (cache hit)
731 http cache html-encoding-sniffer@https://registry.npmjs.org/html-encoding-sniffer/-/html-encoding-sniffer-6.0.0.tgz 0ms (cache hit)
732 http cache has-tostringtag@https://registry.npmjs.org/has-tostringtag/-/has-tostringtag-1.0.2.tgz 0ms (cache hit)
733 http cache has-symbols@https://registry.npmjs.org/has-symbols/-/has-symbols-1.1.0.tgz 0ms (cache hit)
734 http cache has-proto@https://registry.npmjs.org/has-proto/-/has-proto-1.2.0.tgz 0ms (cache hit)
735 http cache has-property-descriptors@https://registry.npmjs.org/has-property-descriptors/-/has-property-descriptors-1.0.2.tgz 0ms (cache hit)
736 http cache has-bigints@https://registry.npmjs.org/has-bigints/-/has-bigints-1.1.0.tgz 0ms (cache hit)
737 http cache graceful-fs@https://registry.npmjs.org/graceful-fs/-/graceful-fs-4.2.11.tgz 0ms (cache hit)
738 http cache gopd@https://registry.npmjs.org/gopd/-/gopd-1.2.0.tgz 0ms (cache hit)
739 http cache globalthis@https://registry.npmjs.org/globalthis/-/globalthis-1.0.4.tgz 0ms (cache hit)
740 http cache glob-parent@https://registry.npmjs.org/glob-parent/-/glob-parent-6.0.2.tgz 0ms (cache hit)
741 http cache get-symbol-description@https://registry.npmjs.org/get-symbol-description/-/get-symbol-description-1.1.0.tgz 0ms (cache hit)
742 http cache get-proto@https://registry.npmjs.org/get-proto/-/get-proto-1.0.1.tgz 0ms (cache hit)
743 http cache get-own-enumerable-property-symbols@https://registry.npmjs.org/get-own-enumerable-property-symbols/-/get-own-enumerable-property-symbols-3.0.2.tgz 0ms (cache hit)
744 http cache get-intrinsic@https://registry.npmjs.org/get-intrinsic/-/get-intrinsic-1.3.0.tgz 0ms (cache hit)
745 http cache get-caller-file@https://registry.npmjs.org/get-caller-file/-/get-caller-file-2.0.5.tgz 0ms (cache hit)
746 http cache gensync@https://registry.npmjs.org/gensync/-/gensync-1.0.0-beta.2.tgz 0ms (cache hit)
747 http cache functions-have-names@https://registry.npmjs.org/functions-have-names/-/functions-have-names-1.2.3.tgz 0ms (cache hit)
748 http cache function.prototype.name@https://registry.npmjs.org/function.prototype.name/-/function.prototype.name-1.1.8.tgz 0ms (cache hit)
749 http cache function-bind@https://registry.npmjs.org/function-bind/-/function-bind-1.1.2.tgz 0ms (cache hit)
750 http cache fsevents@https://registry.npmjs.org/fsevents/-/fsevents-2.3.3.tgz 0ms (cache hit)
751 http cache framer-motion@https://registry.npmjs.org/framer-motion/-/framer-motion-12.29.2.tgz 0ms (cache hit)
752 http cache fs-extra@https://registry.npmjs.org/fs-extra/-/fs-extra-9.1.0.tgz 0ms (cache hit)
753 http cache frac@https://registry.npmjs.org/frac/-/frac-1.1.2.tgz 0ms (cache hit)
754 http cache foreground-child@https://registry.npmjs.org/foreground-child/-/foreground-child-3.3.1.tgz 0ms (cache hit)
755 http cache for-each@https://registry.npmjs.org/for-each/-/for-each-0.3.5.tgz 0ms (cache hit)
756 http cache flatted@https://registry.npmjs.org/flatted/-/flatted-3.3.3.tgz 0ms (cache hit)
757 http cache follow-redirects@https://registry.npmjs.org/follow-redirects/-/follow-redirects-1.15.11.tgz 0ms (cache hit)
758 http cache flat-cache@https://registry.npmjs.org/flat-cache/-/flat-cache-4.0.1.tgz 0ms (cache hit)
759 http cache find-up@https://registry.npmjs.org/find-up/-/find-up-5.0.0.tgz 0ms (cache hit)
760 http cache filelist@https://registry.npmjs.org/filelist/-/filelist-1.0.4.tgz 0ms (cache hit)
761 http cache fflate@https://registry.npmjs.org/fflate/-/fflate-0.8.2.tgz 0ms (cache hit)
762 http cache file-entry-cache@https://registry.npmjs.org/file-entry-cache/-/file-entry-cache-8.0.0.tgz 0ms (cache hit)
763 http cache fdir@https://registry.npmjs.org/fdir/-/fdir-6.5.0.tgz 0ms (cache hit)
764 http cache fast-uri@https://registry.npmjs.org/fast-uri/-/fast-uri-3.1.0.tgz 0ms (cache hit)
765 http cache fast-png@https://registry.npmjs.org/fast-png/-/fast-png-6.4.0.tgz 0ms (cache hit)
766 http cache fast-levenshtein@https://registry.npmjs.org/fast-levenshtein/-/fast-levenshtein-2.0.6.tgz 0ms (cache hit)
767 http cache fast-json-stable-stringify@https://registry.npmjs.org/fast-json-stable-stringify/-/fast-json-stable-stringify-2.1.0.tgz 0ms (cache hit)
768 http cache fast-equals@https://registry.npmjs.org/fast-equals/-/fast-equals-5.4.0.tgz 0ms (cache hit)
769 http cache fraction.js@https://registry.npmjs.org/fraction.js/-/fraction.js-5.3.4.tgz 0ms (cache hit)
770 http cache fast-deep-equal@https://registry.npmjs.org/fast-deep-equal/-/fast-deep-equal-3.1.3.tgz 0ms (cache hit)
771 http cache expect-type@https://registry.npmjs.org/expect-type/-/expect-type-1.3.0.tgz 0ms (cache hit)
772 http cache esutils@https://registry.npmjs.org/esutils/-/esutils-2.0.3.tgz 0ms (cache hit)
773 http cache eventemitter3@https://registry.npmjs.org/eventemitter3/-/eventemitter3-5.0.4.tgz 0ms (cache hit)
774 http cache esquery@https://registry.npmjs.org/esquery/-/esquery-1.7.0.tgz 0ms (cache hit)
775 http cache estree-walker@https://registry.npmjs.org/estree-walker/-/estree-walker-3.0.3.tgz 0ms (cache hit)
776 http cache estraverse@https://registry.npmjs.org/estraverse/-/estraverse-5.3.0.tgz 0ms (cache hit)
777 http cache eslint-visitor-keys@https://registry.npmjs.org/eslint-visitor-keys/-/eslint-visitor-keys-5.0.1.tgz 0ms (cache hit)
778 http cache eslint-plugin-react-hooks@https://registry.npmjs.org/eslint-plugin-react-hooks/-/eslint-plugin-react-hooks-7.0.1.tgz 0ms (cache hit)
779 http cache eslint-plugin-jsx-a11y@https://registry.npmjs.org/eslint-plugin-jsx-a11y/-/eslint-plugin-jsx-a11y-6.10.2.tgz 0ms (cache hit)
780 http cache eslint-plugin-react@https://registry.npmjs.org/eslint-plugin-react/-/eslint-plugin-react-7.37.5.tgz 0ms (cache hit)
781 http cache eslint-config-prettier@https://registry.npmjs.org/eslint-config-prettier/-/eslint-config-prettier-10.1.8.tgz 0ms (cache hit)
782 http cache escape-string-regexp@https://registry.npmjs.org/escape-string-regexp/-/escape-string-regexp-4.0.0.tgz 0ms (cache hit)
783 http cache escalade@https://registry.npmjs.org/escalade/-/escalade-3.2.0.tgz 0ms (cache hit)
784 http cache es-toolkit@https://registry.npmjs.org/es-toolkit/-/es-toolkit-1.44.0.tgz 0ms (cache hit)
785 http cache esbuild@https://registry.npmjs.org/esbuild/-/esbuild-0.27.2.tgz 0ms (cache hit)
786 http cache es-to-primitive@https://registry.npmjs.org/es-to-primitive/-/es-to-primitive-1.3.0.tgz 0ms (cache hit)
787 http cache es-shim-unscopables@https://registry.npmjs.org/es-shim-unscopables/-/es-shim-unscopables-1.1.0.tgz 0ms (cache hit)
788 http cache es-set-tostringtag@https://registry.npmjs.org/es-set-tostringtag/-/es-set-tostringtag-2.1.0.tgz 0ms (cache hit)
789 http cache es-iterator-helpers@https://registry.npmjs.org/es-iterator-helpers/-/es-iterator-helpers-1.2.2.tgz 0ms (cache hit)
790 http cache es-module-lexer@https://registry.npmjs.org/es-module-lexer/-/es-module-lexer-1.7.0.tgz 0ms (cache hit)
791 http cache es-errors@https://registry.npmjs.org/es-errors/-/es-errors-1.3.0.tgz 0ms (cache hit)
792 http cache es-define-property@https://registry.npmjs.org/es-define-property/-/es-define-property-1.0.1.tgz 0ms (cache hit)
793 http cache es-object-atoms@https://registry.npmjs.org/es-object-atoms/-/es-object-atoms-1.1.1.tgz 0ms (cache hit)
794 http cache entities@https://registry.npmjs.org/entities/-/entities-4.5.0.tgz 0ms (cache hit)
795 http cache es-abstract@https://registry.npmjs.org/es-abstract/-/es-abstract-1.24.1.tgz 0ms (cache hit)
796 http cache enhanced-resolve@https://registry.npmjs.org/enhanced-resolve/-/enhanced-resolve-5.18.4.tgz 0ms (cache hit)
797 http cache emoji-regex@https://registry.npmjs.org/emoji-regex/-/emoji-regex-9.2.2.tgz 0ms (cache hit)
798 http cache electron-to-chromium@https://registry.npmjs.org/electron-to-chromium/-/electron-to-chromium-1.5.283.tgz 0ms (cache hit)
799 http cache dunder-proto@https://registry.npmjs.org/dunder-proto/-/dunder-proto-1.0.1.tgz 0ms (cache hit)
800 http cache ejs@https://registry.npmjs.org/ejs/-/ejs-3.1.10.tgz 0ms (cache hit)
801 http cache dom-accessibility-api@https://registry.npmjs.org/dom-accessibility-api/-/dom-accessibility-api-0.6.3.tgz 0ms (cache hit)
802 http cache doctrine@https://registry.npmjs.org/doctrine/-/doctrine-2.1.0.tgz 0ms (cache hit)
803 http cache dijkstrajs@https://registry.npmjs.org/dijkstrajs/-/dijkstrajs-1.0.3.tgz 0ms (cache hit)
804 http cache detect-libc@https://registry.npmjs.org/detect-libc/-/detect-libc-2.1.2.tgz 2ms (cache hit)
805 http cache dompurify@https://registry.npmjs.org/dompurify/-/dompurify-3.3.1.tgz 0ms (cache hit)
806 http cache dequal@https://registry.npmjs.org/dequal/-/dequal-2.0.3.tgz 0ms (cache hit)
807 http cache define-properties@https://registry.npmjs.org/define-properties/-/define-properties-1.2.1.tgz 0ms (cache hit)
808 http cache define-data-property@https://registry.npmjs.org/define-data-property/-/define-data-property-1.1.4.tgz 0ms (cache hit)
809 http cache deep-is@https://registry.npmjs.org/deep-is/-/deep-is-0.1.4.tgz 0ms (cache hit)
810 http cache deepmerge@https://registry.npmjs.org/deepmerge/-/deepmerge-4.3.1.tgz 0ms (cache hit)
811 http cache decimal.js-light@https://registry.npmjs.org/decimal.js-light/-/decimal.js-light-2.5.1.tgz 0ms (cache hit)
812 http cache decimal.js@https://registry.npmjs.org/decimal.js/-/decimal.js-10.6.0.tgz 1ms (cache hit)
813 http cache decamelize@https://registry.npmjs.org/decamelize/-/decamelize-1.2.0.tgz 0ms (cache hit)
814 http cache dayjs@https://registry.npmjs.org/dayjs/-/dayjs-1.11.19.tgz 0ms (cache hit)
815 http cache debug@https://registry.npmjs.org/debug/-/debug-4.4.3.tgz 0ms (cache hit)
816 http cache data-view-byte-offset@https://registry.npmjs.org/data-view-byte-offset/-/data-view-byte-offset-1.0.1.tgz 0ms (cache hit)
817 http cache data-view-byte-length@https://registry.npmjs.org/data-view-byte-length/-/data-view-byte-length-1.0.2.tgz 0ms (cache hit)
818 http cache data-urls@https://registry.npmjs.org/data-urls/-/data-urls-7.0.0.tgz 0ms (cache hit)
819 http cache damerau-levenshtein@https://registry.npmjs.org/damerau-levenshtein/-/damerau-levenshtein-1.0.8.tgz 0ms (cache hit)
820 http cache d3-timer@https://registry.npmjs.org/d3-timer/-/d3-timer-3.0.1.tgz 0ms (cache hit)
821 http cache d3-time@https://registry.npmjs.org/d3-time/-/d3-time-3.1.0.tgz 0ms (cache hit)
822 http cache d3-time-format@https://registry.npmjs.org/d3-time-format/-/d3-time-format-4.1.0.tgz 0ms (cache hit)
823 http cache d3-shape@https://registry.npmjs.org/d3-shape/-/d3-shape-3.2.0.tgz 0ms (cache hit)
824 http cache d3-scale@https://registry.npmjs.org/d3-scale/-/d3-scale-4.0.2.tgz 0ms (cache hit)
825 http cache d3-path@https://registry.npmjs.org/d3-path/-/d3-path-3.1.0.tgz 0ms (cache hit)
826 http cache d3-interpolate@https://registry.npmjs.org/d3-interpolate/-/d3-interpolate-3.0.1.tgz 0ms (cache hit)
827 http cache d3-format@https://registry.npmjs.org/d3-format/-/d3-format-3.1.2.tgz 0ms (cache hit)
828 http cache d3-color@https://registry.npmjs.org/d3-color/-/d3-color-3.1.0.tgz 0ms (cache hit)
829 http cache d3-ease@https://registry.npmjs.org/d3-ease/-/d3-ease-3.0.1.tgz 0ms (cache hit)
830 http cache d3-array@https://registry.npmjs.org/d3-array/-/d3-array-3.2.4.tgz 0ms (cache hit)
831 http cache css-tree@https://registry.npmjs.org/css-tree/-/css-tree-3.2.1.tgz 0ms (cache hit)
832 http cache css.escape@https://registry.npmjs.org/css.escape/-/css.escape-1.5.1.tgz 0ms (cache hit)
833 http cache css-line-break@https://registry.npmjs.org/css-line-break/-/css-line-break-2.1.0.tgz 0ms (cache hit)
834 http cache crypto-random-string@https://registry.npmjs.org/crypto-random-string/-/crypto-random-string-2.0.0.tgz 0ms (cache hit)
835 http cache crypto-js@https://registry.npmjs.org/crypto-js/-/crypto-js-4.2.0.tgz 0ms (cache hit)
836 http cache crelt@https://registry.npmjs.org/crelt/-/crelt-1.0.6.tgz 1ms (cache hit)
837 http cache cross-spawn@https://registry.npmjs.org/cross-spawn/-/cross-spawn-7.0.6.tgz 0ms (cache hit)
838 http cache crc-32@https://registry.npmjs.org/crc-32/-/crc-32-1.2.2.tgz 0ms (cache hit)
839 http cache core-js-compat@https://registry.npmjs.org/core-js-compat/-/core-js-compat-3.48.0.tgz 0ms (cache hit)
840 http cache crc@https://registry.npmjs.org/crc/-/crc-4.3.2.tgz 0ms (cache hit)
841 http cache core-js@https://registry.npmjs.org/core-js/-/core-js-3.48.0.tgz 0ms (cache hit)
842 http cache cookie@https://registry.npmjs.org/cookie/-/cookie-1.1.1.tgz 0ms (cache hit)
843 http cache convert-source-map@https://registry.npmjs.org/convert-source-map/-/convert-source-map-2.0.0.tgz 0ms (cache hit)
844 http cache color-name@https://registry.npmjs.org/color-name/-/color-name-1.1.4.tgz 0ms (cache hit)
845 http cache commander@https://registry.npmjs.org/commander/-/commander-2.20.3.tgz 0ms (cache hit)
846 http cache codepage@https://registry.npmjs.org/codepage/-/codepage-1.15.0.tgz 0ms (cache hit)
847 http cache color-convert@https://registry.npmjs.org/color-convert/-/color-convert-2.0.1.tgz 0ms (cache hit)
848 http cache clsx@https://registry.npmjs.org/clsx/-/clsx-2.1.1.tgz 0ms (cache hit)
849 http cache cliui@https://registry.npmjs.org/cliui/-/cliui-6.0.0.tgz 0ms (cache hit)
850 http cache chai@https://registry.npmjs.org/chai/-/chai-6.2.2.tgz 0ms (cache hit)
851 http cache canvg@https://registry.npmjs.org/canvg/-/canvg-3.0.11.tgz 0ms (cache hit)
852 http cache cfb@https://registry.npmjs.org/cfb/-/cfb-1.2.2.tgz 0ms (cache hit)
853 http cache data-view-buffer@https://registry.npmjs.org/data-view-buffer/-/data-view-buffer-1.0.2.tgz 0ms (cache hit)
854 http cache caniuse-lite@https://registry.npmjs.org/caniuse-lite/-/caniuse-lite-1.0.30001766.tgz 0ms (cache hit)
855 http cache common-tags@https://registry.npmjs.org/common-tags/-/common-tags-1.8.2.tgz 0ms (cache hit)
856 http cache call-bind-apply-helpers@https://registry.npmjs.org/call-bind-apply-helpers/-/call-bind-apply-helpers-1.0.2.tgz 0ms (cache hit)
857 http cache call-bound@https://registry.npmjs.org/call-bound/-/call-bound-1.0.4.tgz 0ms (cache hit)
858 http cache buffer-from@https://registry.npmjs.org/buffer-from/-/buffer-from-1.1.2.tgz 0ms (cache hit)
859 http cache camelcase@https://registry.npmjs.org/camelcase/-/camelcase-5.3.1.tgz 1ms (cache hit)
860 http cache buffer@https://registry.npmjs.org/buffer/-/buffer-6.0.3.tgz 0ms (cache hit)
861 http cache brace-expansion@https://registry.npmjs.org/brace-expansion/-/brace-expansion-2.0.2.tgz 0ms (cache hit)
862 http cache browserslist@https://registry.npmjs.org/browserslist/-/browserslist-4.28.1.tgz 0ms (cache hit)
863 http cache bidi-js@https://registry.npmjs.org/bidi-js/-/bidi-js-1.0.3.tgz 0ms (cache hit)
864 http cache base64-js@https://registry.npmjs.org/base64-js/-/base64-js-1.5.1.tgz 0ms (cache hit)
865 http cache baseline-browser-mapping@https://registry.npmjs.org/baseline-browser-mapping/-/baseline-browser-mapping-2.9.19.tgz 0ms (cache hit)
866 http cache base64-arraybuffer@https://registry.npmjs.org/base64-arraybuffer/-/base64-arraybuffer-1.0.2.tgz 0ms (cache hit)
867 http cache balanced-match@https://registry.npmjs.org/balanced-match/-/balanced-match-1.0.2.tgz 0ms (cache hit)
868 http cache call-bind@https://registry.npmjs.org/call-bind/-/call-bind-1.0.8.tgz 0ms (cache hit)
869 http cache babel-plugin-polyfill-corejs3@https://registry.npmjs.org/babel-plugin-polyfill-corejs3/-/babel-plugin-polyfill-corejs3-0.14.0.tgz 0ms (cache hit)
870 http cache babel-plugin-polyfill-regenerator@https://registry.npmjs.org/babel-plugin-polyfill-regenerator/-/babel-plugin-polyfill-regenerator-0.6.6.tgz 0ms (cache hit)
871 http cache axobject-query@https://registry.npmjs.org/axobject-query/-/axobject-query-4.1.0.tgz 0ms (cache hit)
872 http cache babel-plugin-polyfill-corejs2@https://registry.npmjs.org/babel-plugin-polyfill-corejs2/-/babel-plugin-polyfill-corejs2-0.4.15.tgz 0ms (cache hit)
873 http cache axios@https://registry.npmjs.org/axios/-/axios-0.24.0.tgz 0ms (cache hit)
874 http cache available-typed-arrays@https://registry.npmjs.org/available-typed-arrays/-/available-typed-arrays-1.0.7.tgz 0ms (cache hit)
875 http cache axe-core@https://registry.npmjs.org/axe-core/-/axe-core-4.11.1.tgz 0ms (cache hit)
876 http cache autoprefixer@https://registry.npmjs.org/autoprefixer/-/autoprefixer-10.4.24.tgz 0ms (cache hit)
877 http cache async-function@https://registry.npmjs.org/async-function/-/async-function-1.0.0.tgz 0ms (cache hit)
878 http cache at-least-node@https://registry.npmjs.org/at-least-node/-/at-least-node-1.0.0.tgz 0ms (cache hit)
879 http cache async@https://registry.npmjs.org/async/-/async-3.2.6.tgz 0ms (cache hit)
880 http cache ast-types-flow@https://registry.npmjs.org/ast-types-flow/-/ast-types-flow-0.0.8.tgz 0ms (cache hit)
881 http cache arraybuffer.prototype.slice@https://registry.npmjs.org/arraybuffer.prototype.slice/-/arraybuffer.prototype.slice-1.0.4.tgz 0ms (cache hit)
882 http cache array.prototype.flatmap@https://registry.npmjs.org/array.prototype.flatmap/-/array.prototype.flatmap-1.3.3.tgz 0ms (cache hit)
883 http cache array.prototype.tosorted@https://registry.npmjs.org/array.prototype.tosorted/-/array.prototype.tosorted-1.1.4.tgz 0ms (cache hit)
884 http cache array.prototype.flat@https://registry.npmjs.org/array.prototype.flat/-/array.prototype.flat-1.3.3.tgz 0ms (cache hit)
885 http cache array.prototype.findlast@https://registry.npmjs.org/array.prototype.findlast/-/array.prototype.findlast-1.2.5.tgz 0ms (cache hit)
886 http cache array-includes@https://registry.npmjs.org/array-includes/-/array-includes-3.1.9.tgz 0ms (cache hit)
887 http cache aria-query@https://registry.npmjs.org/aria-query/-/aria-query-5.3.2.tgz 0ms (cache hit)
888 http cache array-buffer-byte-length@https://registry.npmjs.org/array-buffer-byte-length/-/array-buffer-byte-length-1.0.2.tgz 0ms (cache hit)
889 http cache argparse@https://registry.npmjs.org/argparse/-/argparse-2.0.1.tgz 0ms (cache hit)
890 http cache ansi-regex@https://registry.npmjs.org/ansi-regex/-/ansi-regex-5.0.1.tgz 0ms (cache hit)
891 http cache ansi-styles@https://registry.npmjs.org/ansi-styles/-/ansi-styles-5.2.0.tgz 0ms (cache hit)
892 http cache adler-32@https://registry.npmjs.org/adler-32/-/adler-32-1.3.1.tgz 0ms (cache hit)
893 http cache acorn@https://registry.npmjs.org/acorn/-/acorn-8.16.0.tgz 0ms (cache hit)
894 http cache @vitest/utils@https://registry.npmjs.org/@vitest/utils/-/utils-4.0.18.tgz 0ms (cache hit)
895 http cache @vitest/spy@https://registry.npmjs.org/@vitest/spy/-/spy-4.0.18.tgz 0ms (cache hit)
896 http cache @vitest/snapshot@https://registry.npmjs.org/@vitest/snapshot/-/snapshot-4.0.18.tgz 0ms (cache hit)
897 http cache ajv@https://registry.npmjs.org/ajv/-/ajv-8.17.1.tgz 0ms (cache hit)
898 http cache @vitest/runner@https://registry.npmjs.org/@vitest/runner/-/runner-4.0.18.tgz 0ms (cache hit)
899 http cache @vitest/pretty-format@https://registry.npmjs.org/@vitest/pretty-format/-/pretty-format-4.0.18.tgz 0ms (cache hit)
900 http cache @vitest/mocker@https://registry.npmjs.org/@vitest/mocker/-/mocker-4.0.18.tgz 0ms (cache hit)
901 http cache @vitest/expect@https://registry.npmjs.org/@vitest/expect/-/expect-4.0.18.tgz 0ms (cache hit)
902 http cache @typescript-eslint/visitor-keys@https://registry.npmjs.org/@typescript-eslint/visitor-keys/-/visitor-keys-8.56.1.tgz 0ms (cache hit)
903 http cache @vitejs/plugin-react@https://registry.npmjs.org/@vitejs/plugin-react/-/plugin-react-5.1.2.tgz 0ms (cache hit)
904 http cache @typescript-eslint/utils@https://registry.npmjs.org/@typescript-eslint/utils/-/utils-8.56.1.tgz 0ms (cache hit)
905 http cache @typescript-eslint/types@https://registry.npmjs.org/@typescript-eslint/types/-/types-8.56.1.tgz 0ms (cache hit)
906 http cache @typescript-eslint/typescript-estree@https://registry.npmjs.org/@typescript-eslint/typescript-estree/-/typescript-estree-8.56.1.tgz 0ms (cache hit)
907 http cache @typescript-eslint/type-utils@https://registry.npmjs.org/@typescript-eslint/type-utils/-/type-utils-8.56.1.tgz 0ms (cache hit)
908 http cache @typescript-eslint/tsconfig-utils@https://registry.npmjs.org/@typescript-eslint/tsconfig-utils/-/tsconfig-utils-8.56.1.tgz 0ms (cache hit)
909 http cache @typescript-eslint/scope-manager@https://registry.npmjs.org/@typescript-eslint/scope-manager/-/scope-manager-8.56.1.tgz 0ms (cache hit)
910 http cache @typescript-eslint/parser@https://registry.npmjs.org/@typescript-eslint/parser/-/parser-8.56.1.tgz 0ms (cache hit)
911 http cache @typescript-eslint/project-service@https://registry.npmjs.org/@typescript-eslint/project-service/-/project-service-8.56.1.tgz 0ms (cache hit)
912 http cache @typescript-eslint/eslint-plugin@https://registry.npmjs.org/@typescript-eslint/eslint-plugin/-/eslint-plugin-8.56.1.tgz 0ms (cache hit)
913 http cache @types/ws@https://registry.npmjs.org/@types/ws/-/ws-8.18.1.tgz 0ms (cache hit)
914 http cache @types/trusted-types@https://registry.npmjs.org/@types/trusted-types/-/trusted-types-2.0.7.tgz 0ms (cache hit)
915 http cache @types/use-sync-external-store@https://registry.npmjs.org/@types/use-sync-external-store/-/use-sync-external-store-0.0.6.tgz 0ms (cache hit)
916 http cache @types/resolve@https://registry.npmjs.org/@types/resolve/-/resolve-1.20.2.tgz 0ms (cache hit)
917 http cache @types/phoenix@https://registry.npmjs.org/@types/phoenix/-/phoenix-1.6.7.tgz 0ms (cache hit)
918 http cache @types/pako@https://registry.npmjs.org/@types/pako/-/pako-2.0.4.tgz 0ms (cache hit)
919 http cache @types/node@https://registry.npmjs.org/@types/node/-/node-25.1.0.tgz 0ms (cache hit)
920 http cache @types/mdurl@https://registry.npmjs.org/@types/mdurl/-/mdurl-2.0.0.tgz 0ms (cache hit)
921 http cache @types/markdown-it@https://registry.npmjs.org/@types/markdown-it/-/markdown-it-14.1.2.tgz 0ms (cache hit)
922 http cache @types/linkify-it@https://registry.npmjs.org/@types/linkify-it/-/linkify-it-5.0.0.tgz 0ms (cache hit)
923 http cache @types/geojson@https://registry.npmjs.org/@types/geojson/-/geojson-7946.0.16.tgz 0ms (cache hit)
924 http cache @types/estree@https://registry.npmjs.org/@types/estree/-/estree-1.0.8.tgz 0ms (cache hit)
925 http cache @types/deep-eql@https://registry.npmjs.org/@types/deep-eql/-/deep-eql-4.0.2.tgz 0ms (cache hit)
926 http cache @types/d3-timer@https://registry.npmjs.org/@types/d3-timer/-/d3-timer-3.0.2.tgz 0ms (cache hit)
927 http cache @types/leaflet@https://registry.npmjs.org/@types/leaflet/-/leaflet-1.9.21.tgz 0ms (cache hit)
928 http cache @types/d3-shape@https://registry.npmjs.org/@types/d3-shape/-/d3-shape-3.1.8.tgz 0ms (cache hit)
929 http cache @types/d3-scale@https://registry.npmjs.org/@types/d3-scale/-/d3-scale-4.0.9.tgz 0ms (cache hit)
930 http cache @types/d3-path@https://registry.npmjs.org/@types/d3-path/-/d3-path-3.1.1.tgz 0ms (cache hit)
931 http cache @types/d3-interpolate@https://registry.npmjs.org/@types/d3-interpolate/-/d3-interpolate-3.0.4.tgz 0ms (cache hit)
932 http cache @types/d3-ease@https://registry.npmjs.org/@types/d3-ease/-/d3-ease-3.0.2.tgz 0ms (cache hit)
933 http cache @types/d3-color@https://registry.npmjs.org/@types/d3-color/-/d3-color-3.1.3.tgz 0ms (cache hit)
934 http cache @types/d3-array@https://registry.npmjs.org/@types/d3-array/-/d3-array-3.2.2.tgz 0ms (cache hit)
935 http cache @types/babel__traverse@https://registry.npmjs.org/@types/babel__traverse/-/babel__traverse-7.28.0.tgz 0ms (cache hit)
936 http cache @types/chai@https://registry.npmjs.org/@types/chai/-/chai-5.2.3.tgz 0ms (cache hit)
937 http cache @types/babel__generator@https://registry.npmjs.org/@types/babel__generator/-/babel__generator-7.27.0.tgz 0ms (cache hit)
938 http cache @types/babel__template@https://registry.npmjs.org/@types/babel__template/-/babel__template-7.4.4.tgz 0ms (cache hit)
939 http cache @types/aria-query@https://registry.npmjs.org/@types/aria-query/-/aria-query-5.0.4.tgz 0ms (cache hit)
940 http cache @types/babel__core@https://registry.npmjs.org/@types/babel__core/-/babel__core-7.20.5.tgz 0ms (cache hit)
941 http cache @tiptap/starter-kit@https://registry.npmjs.org/@tiptap/starter-kit/-/starter-kit-3.20.0.tgz 0ms (cache hit)
942 http cache @tiptap/pm@https://registry.npmjs.org/@tiptap/pm/-/pm-3.20.0.tgz 0ms (cache hit)
943 http cache @tiptap/extensions@https://registry.npmjs.org/@tiptap/extensions/-/extensions-3.20.0.tgz 0ms (cache hit)
944 http cache @tiptap/extension-underline@https://registry.npmjs.org/@tiptap/extension-underline/-/extension-underline-3.20.0.tgz 0ms (cache hit)
945 http cache @tiptap/react@https://registry.npmjs.org/@tiptap/react/-/react-3.20.0.tgz 0ms (cache hit)
946 http cache @tiptap/extension-text-style@https://registry.npmjs.org/@tiptap/extension-text-style/-/extension-text-style-3.20.0.tgz 0ms (cache hit)
947 http cache @tiptap/extension-text@https://registry.npmjs.org/@tiptap/extension-text/-/extension-text-3.20.0.tgz 0ms (cache hit)
948 http cache @tiptap/extension-table-row@https://registry.npmjs.org/@tiptap/extension-table-row/-/extension-table-row-3.20.0.tgz 0ms (cache hit)
949 http cache assertion-error@https://registry.npmjs.org/assertion-error/-/assertion-error-2.0.1.tgz 0ms (cache hit)
950 http cache @tiptap/extension-table-cell@https://registry.npmjs.org/@tiptap/extension-table-cell/-/extension-table-cell-3.20.0.tgz 0ms (cache hit)
951 http cache @tiptap/extension-table@https://registry.npmjs.org/@tiptap/extension-table/-/extension-table-3.20.0.tgz 0ms (cache hit)
952 http cache @tiptap/extension-strike@https://registry.npmjs.org/@tiptap/extension-strike/-/extension-strike-3.20.0.tgz 0ms (cache hit)
953 http cache @tiptap/extension-paragraph@https://registry.npmjs.org/@tiptap/extension-paragraph/-/extension-paragraph-3.20.0.tgz 0ms (cache hit)
954 http cache @tiptap/extension-list-keymap@https://registry.npmjs.org/@tiptap/extension-list-keymap/-/extension-list-keymap-3.20.0.tgz 0ms (cache hit)
955 http cache @tiptap/extension-ordered-list@https://registry.npmjs.org/@tiptap/extension-ordered-list/-/extension-ordered-list-3.20.0.tgz 0ms (cache hit)
956 http cache @tiptap/extension-list-item@https://registry.npmjs.org/@tiptap/extension-list-item/-/extension-list-item-3.20.0.tgz 0ms (cache hit)
957 http cache @tiptap/extension-list@https://registry.npmjs.org/@tiptap/extension-list/-/extension-list-3.20.0.tgz 0ms (cache hit)
958 http cache @tiptap/extension-link@https://registry.npmjs.org/@tiptap/extension-link/-/extension-link-3.20.0.tgz 0ms (cache hit)
959 http cache @types/d3-time@https://registry.npmjs.org/@types/d3-time/-/d3-time-3.0.4.tgz 0ms (cache hit)
960 http cache @tiptap/extension-italic@https://registry.npmjs.org/@tiptap/extension-italic/-/extension-italic-3.20.0.tgz 0ms (cache hit)
961 http cache @tiptap/extension-horizontal-rule@https://registry.npmjs.org/@tiptap/extension-horizontal-rule/-/extension-horizontal-rule-3.20.0.tgz 0ms (cache hit)
962 http cache @tiptap/extension-heading@https://registry.npmjs.org/@tiptap/extension-heading/-/extension-heading-3.20.0.tgz 0ms (cache hit)
963 http cache @tiptap/extension-gapcursor@https://registry.npmjs.org/@tiptap/extension-gapcursor/-/extension-gapcursor-3.20.0.tgz 0ms (cache hit)
964 http cache @tiptap/extension-hard-break@https://registry.npmjs.org/@tiptap/extension-hard-break/-/extension-hard-break-3.20.0.tgz 0ms (cache hit)
965 http cache @tiptap/extension-floating-menu@https://registry.npmjs.org/@tiptap/extension-floating-menu/-/extension-floating-menu-3.20.0.tgz 0ms (cache hit)
966 http cache @tiptap/extension-dropcursor@https://registry.npmjs.org/@tiptap/extension-dropcursor/-/extension-dropcursor-3.20.0.tgz 0ms (cache hit)
967 http cache @tiptap/extension-document@https://registry.npmjs.org/@tiptap/extension-document/-/extension-document-3.20.0.tgz 0ms (cache hit)
968 http cache @tiptap/extension-code@https://registry.npmjs.org/@tiptap/extension-code/-/extension-code-3.20.0.tgz 0ms (cache hit)
969 http cache @tiptap/extension-code-block@https://registry.npmjs.org/@tiptap/extension-code-block/-/extension-code-block-3.20.0.tgz 0ms (cache hit)
970 http cache @tiptap/extension-bullet-list@https://registry.npmjs.org/@tiptap/extension-bullet-list/-/extension-bullet-list-3.20.0.tgz 0ms (cache hit)
971 http cache @tiptap/extension-bubble-menu@https://registry.npmjs.org/@tiptap/extension-bubble-menu/-/extension-bubble-menu-3.20.0.tgz 0ms (cache hit)
972 http cache @tiptap/extension-blockquote@https://registry.npmjs.org/@tiptap/extension-blockquote/-/extension-blockquote-3.20.0.tgz 0ms (cache hit)
973 http cache @tiptap/core@https://registry.npmjs.org/@tiptap/core/-/core-3.20.0.tgz 0ms (cache hit)
974 http cache @testing-library/react@https://registry.npmjs.org/@testing-library/react/-/react-16.3.2.tgz 0ms (cache hit)
975 http cache @testing-library/jest-dom@https://registry.npmjs.org/@testing-library/jest-dom/-/jest-dom-6.9.1.tgz 0ms (cache hit)
976 http cache @testing-library/dom@https://registry.npmjs.org/@testing-library/dom/-/dom-10.4.1.tgz 0ms (cache hit)
977 http cache @tanstack/virtual-core@https://registry.npmjs.org/@tanstack/virtual-core/-/virtual-core-3.13.18.tgz 0ms (cache hit)
978 http cache @tanstack/react-virtual@https://registry.npmjs.org/@tanstack/react-virtual/-/react-virtual-3.13.18.tgz 0ms (cache hit)
979 http cache @tanstack/react-query-devtools@https://registry.npmjs.org/@tanstack/react-query-devtools/-/react-query-devtools-5.99.0.tgz 0ms (cache hit)
980 http cache @tanstack/query-devtools@https://registry.npmjs.org/@tanstack/query-devtools/-/query-devtools-5.99.0.tgz 0ms (cache hit)
981 http cache @tailwindcss/postcss@https://registry.npmjs.org/@tailwindcss/postcss/-/postcss-4.1.18.tgz 0ms (cache hit)
982 http cache @tailwindcss/oxide-darwin-x64@https://registry.npmjs.org/@tailwindcss/oxide-darwin-x64/-/oxide-darwin-x64-4.1.18.tgz 0ms (cache hit)
983 http cache @tailwindcss/oxide@https://registry.npmjs.org/@tailwindcss/oxide/-/oxide-4.1.18.tgz 0ms (cache hit)
984 http cache @tailwindcss/node@https://registry.npmjs.org/@tailwindcss/node/-/node-4.1.18.tgz 0ms (cache hit)
985 http cache @surma/rollup-plugin-off-main-thread@https://registry.npmjs.org/@surma/rollup-plugin-off-main-thread/-/rollup-plugin-off-main-thread-2.2.3.tgz 0ms (cache hit)
986 http cache @supabase/supabase-js@https://registry.npmjs.org/@supabase/supabase-js/-/supabase-js-2.98.0.tgz 0ms (cache hit)
987 http cache @supabase/storage-js@https://registry.npmjs.org/@supabase/storage-js/-/storage-js-2.98.0.tgz 0ms (cache hit)
988 http cache @supabase/realtime-js@https://registry.npmjs.org/@supabase/realtime-js/-/realtime-js-2.98.0.tgz 0ms (cache hit)
989 http cache @supabase/postgrest-js@https://registry.npmjs.org/@supabase/postgrest-js/-/postgrest-js-2.98.0.tgz 0ms (cache hit)
990 http cache @supabase/functions-js@https://registry.npmjs.org/@supabase/functions-js/-/functions-js-2.98.0.tgz 0ms (cache hit)
991 http cache @supabase/auth-js@https://registry.npmjs.org/@supabase/auth-js/-/auth-js-2.98.0.tgz 0ms (cache hit)
992 http cache @standard-schema/utils@https://registry.npmjs.org/@standard-schema/utils/-/utils-0.3.0.tgz 0ms (cache hit)
993 http cache @standard-schema/spec@https://registry.npmjs.org/@standard-schema/spec/-/spec-1.1.0.tgz 0ms (cache hit)
994 http cache @sentry/react@https://registry.npmjs.org/@sentry/react/-/react-10.40.0.tgz 0ms (cache hit)
995 http cache @sentry/core@https://registry.npmjs.org/@sentry/core/-/core-10.40.0.tgz 0ms (cache hit)
996 http cache @sentry/browser@https://registry.npmjs.org/@sentry/browser/-/browser-10.40.0.tgz 0ms (cache hit)
997 http cache @sentry-internal/replay-canvas@https://registry.npmjs.org/@sentry-internal/replay-canvas/-/replay-canvas-10.40.0.tgz 0ms (cache hit)
998 http cache @sentry-internal/replay@https://registry.npmjs.org/@sentry-internal/replay/-/replay-10.40.0.tgz 0ms (cache hit)
999 http cache @sentry-internal/feedback@https://registry.npmjs.org/@sentry-internal/feedback/-/feedback-10.40.0.tgz 0ms (cache hit)
1000 http cache @sentry-internal/browser-utils@https://registry.npmjs.org/@sentry-internal/browser-utils/-/browser-utils-10.40.0.tgz 0ms (cache hit)
1001 http cache @rollup/rollup-darwin-x64@https://registry.npmjs.org/@rollup/rollup-darwin-x64/-/rollup-darwin-x64-4.57.1.tgz 0ms (cache hit)
1002 http cache @rollup/pluginutils@https://registry.npmjs.org/@rollup/pluginutils/-/pluginutils-5.3.0.tgz 0ms (cache hit)
1003 http cache @rollup/plugin-terser@https://registry.npmjs.org/@rollup/plugin-terser/-/plugin-terser-0.4.4.tgz 0ms (cache hit)
1004 http cache @rollup/plugin-node-resolve@https://registry.npmjs.org/@rollup/plugin-node-resolve/-/plugin-node-resolve-15.3.1.tgz 0ms (cache hit)
1005 http cache @rolldown/pluginutils@https://registry.npmjs.org/@rolldown/pluginutils/-/pluginutils-1.0.0-beta.53.tgz 0ms (cache hit)
1006 http cache @remirror/core-constants@https://registry.npmjs.org/@remirror/core-constants/-/core-constants-3.0.0.tgz 0ms (cache hit)
1007 http cache @reduxjs/toolkit@https://registry.npmjs.org/@reduxjs/toolkit/-/toolkit-2.11.2.tgz 0ms (cache hit)
1008 http cache @jridgewell/trace-mapping@https://registry.npmjs.org/@jridgewell/trace-mapping/-/trace-mapping-0.3.31.tgz 0ms (cache hit)
1009 http cache @jridgewell/sourcemap-codec@https://registry.npmjs.org/@jridgewell/sourcemap-codec/-/sourcemap-codec-1.5.5.tgz 0ms (cache hit)
1010 http cache @jridgewell/source-map@https://registry.npmjs.org/@jridgewell/source-map/-/source-map-0.3.11.tgz 0ms (cache hit)
1011 http cache @types/raf@https://registry.npmjs.org/@types/raf/-/raf-3.4.3.tgz 0ms (cache hit)
1012 http cache @jridgewell/resolve-uri@https://registry.npmjs.org/@jridgewell/resolve-uri/-/resolve-uri-3.1.2.tgz 0ms (cache hit)
1013 http cache @jridgewell/remapping@https://registry.npmjs.org/@jridgewell/remapping/-/remapping-2.3.5.tgz 0ms (cache hit)
1014 http cache @jridgewell/gen-mapping@https://registry.npmjs.org/@jridgewell/gen-mapping/-/gen-mapping-0.3.13.tgz 0ms (cache hit)
1015 http cache @isaacs/brace-expansion@https://registry.npmjs.org/@isaacs/brace-expansion/-/brace-expansion-5.0.1.tgz 0ms (cache hit)
1016 http cache @isaacs/balanced-match@https://registry.npmjs.org/@isaacs/balanced-match/-/balanced-match-4.0.1.tgz 0ms (cache hit)
1017 http cache @tiptap/extension-bold@https://registry.npmjs.org/@tiptap/extension-bold/-/extension-bold-3.20.0.tgz 0ms (cache hit)
1018 http cache @tiptap/extension-table-header@https://registry.npmjs.org/@tiptap/extension-table-header/-/extension-table-header-3.20.0.tgz 0ms (cache hit)
1019 http cache @humanwhocodes/retry@https://registry.npmjs.org/@humanwhocodes/retry/-/retry-0.4.3.tgz 0ms (cache hit)
1020 http cache @humanwhocodes/module-importer@https://registry.npmjs.org/@humanwhocodes/module-importer/-/module-importer-1.0.1.tgz 0ms (cache hit)
1021 http cache @humanfs/node@https://registry.npmjs.org/@humanfs/node/-/node-0.16.7.tgz 0ms (cache hit)
1022 http cache @hookform/resolvers@https://registry.npmjs.org/@hookform/resolvers/-/resolvers-5.2.2.tgz 0ms (cache hit)
1023 http cache @humanfs/core@https://registry.npmjs.org/@humanfs/core/-/core-0.19.1.tgz 0ms (cache hit)
1024 http cache @floating-ui/utils@https://registry.npmjs.org/@floating-ui/utils/-/utils-0.2.10.tgz 0ms (cache hit)
1025 http cache @floating-ui/dom@https://registry.npmjs.org/@floating-ui/dom/-/dom-1.7.5.tgz 0ms (cache hit)
1026 http cache @exodus/bytes@https://registry.npmjs.org/@exodus/bytes/-/bytes-1.15.0.tgz 0ms (cache hit)
1027 http cache @esbuild/darwin-x64@https://registry.npmjs.org/@esbuild/darwin-x64/-/darwin-x64-0.27.2.tgz 0ms (cache hit)
1028 http cache @eslint-community/regexpp@https://registry.npmjs.org/@eslint-community/regexpp/-/regexpp-4.12.2.tgz 0ms (cache hit)
1029 http cache @eslint-community/eslint-utils@https://registry.npmjs.org/@eslint-community/eslint-utils/-/eslint-utils-4.9.1.tgz 0ms (cache hit)
1030 http cache @floating-ui/core@https://registry.npmjs.org/@floating-ui/core/-/core-1.7.4.tgz 0ms (cache hit)
1031 http cache @dnd-kit/utilities@https://registry.npmjs.org/@dnd-kit/utilities/-/utilities-3.2.2.tgz 0ms (cache hit)
1032 http cache @dnd-kit/core@https://registry.npmjs.org/@dnd-kit/core/-/core-6.3.1.tgz 0ms (cache hit)
1033 http cache @dnd-kit/accessibility@https://registry.npmjs.org/@dnd-kit/accessibility/-/accessibility-3.1.1.tgz 0ms (cache hit)
1034 http cache @csstools/css-tokenizer@https://registry.npmjs.org/@csstools/css-tokenizer/-/css-tokenizer-4.0.0.tgz 0ms (cache hit)
1035 http cache @csstools/css-syntax-patches-for-csstree@https://registry.npmjs.org/@csstools/css-syntax-patches-for-csstree/-/css-syntax-patches-for-csstree-1.1.2.tgz 0ms (cache hit)
1036 http cache @csstools/css-parser-algorithms@https://registry.npmjs.org/@csstools/css-parser-algorithms/-/css-parser-algorithms-4.0.0.tgz 0ms (cache hit)
1037 http cache @csstools/css-calc@https://registry.npmjs.org/@csstools/css-calc/-/css-calc-3.1.1.tgz 0ms (cache hit)
1038 http cache @csstools/css-color-parser@https://registry.npmjs.org/@csstools/css-color-parser/-/css-color-parser-4.0.2.tgz 0ms (cache hit)
1039 http cache @csstools/color-helpers@https://registry.npmjs.org/@csstools/color-helpers/-/color-helpers-6.0.2.tgz 0ms (cache hit)
1040 http cache @bramus/specificity@https://registry.npmjs.org/@bramus/specificity/-/specificity-2.4.2.tgz 0ms (cache hit)
1041 http cache @babel/types@https://registry.npmjs.org/@babel/types/-/types-7.29.0.tgz 0ms (cache hit)
1042 http cache @babel/template@https://registry.npmjs.org/@babel/template/-/template-7.28.6.tgz 0ms (cache hit)
1043 http cache @babel/traverse@https://registry.npmjs.org/@babel/traverse/-/traverse-7.29.0.tgz 0ms (cache hit)
1044 http cache @babel/runtime@https://registry.npmjs.org/@babel/runtime/-/runtime-7.28.6.tgz 0ms (cache hit)
1045 http cache @babel/plugin-transform-unicode-sets-regex@https://registry.npmjs.org/@babel/plugin-transform-unicode-sets-regex/-/plugin-transform-unicode-sets-regex-7.28.6.tgz 0ms (cache hit)
1046 http cache @babel/plugin-transform-unicode-regex@https://registry.npmjs.org/@babel/plugin-transform-unicode-regex/-/plugin-transform-unicode-regex-7.27.1.tgz 0ms (cache hit)
1047 http cache @babel/plugin-transform-unicode-property-regex@https://registry.npmjs.org/@babel/plugin-transform-unicode-property-regex/-/plugin-transform-unicode-property-regex-7.28.6.tgz 0ms (cache hit)
1048 http cache @babel/plugin-transform-unicode-escapes@https://registry.npmjs.org/@babel/plugin-transform-unicode-escapes/-/plugin-transform-unicode-escapes-7.27.1.tgz 0ms (cache hit)
1049 http cache @babel/plugin-transform-typeof-symbol@https://registry.npmjs.org/@babel/plugin-transform-typeof-symbol/-/plugin-transform-typeof-symbol-7.27.1.tgz 0ms (cache hit)
1050 http cache @babel/plugin-transform-template-literals@https://registry.npmjs.org/@babel/plugin-transform-template-literals/-/plugin-transform-template-literals-7.27.1.tgz 0ms (cache hit)
1051 http cache @babel/plugin-transform-sticky-regex@https://registry.npmjs.org/@babel/plugin-transform-sticky-regex/-/plugin-transform-sticky-regex-7.27.1.tgz 0ms (cache hit)
1052 http cache @babel/plugin-transform-shorthand-properties@https://registry.npmjs.org/@babel/plugin-transform-shorthand-properties/-/plugin-transform-shorthand-properties-7.27.1.tgz 0ms (cache hit)
1053 http cache @babel/plugin-transform-spread@https://registry.npmjs.org/@babel/plugin-transform-spread/-/plugin-transform-spread-7.28.6.tgz 0ms (cache hit)
1054 http cache @babel/plugin-transform-reserved-words@https://registry.npmjs.org/@babel/plugin-transform-reserved-words/-/plugin-transform-reserved-words-7.27.1.tgz 0ms (cache hit)
1055 http cache @babel/plugin-transform-regexp-modifiers@https://registry.npmjs.org/@babel/plugin-transform-regexp-modifiers/-/plugin-transform-regexp-modifiers-7.28.6.tgz 0ms (cache hit)
1056 http cache @babel/plugin-transform-regenerator@https://registry.npmjs.org/@babel/plugin-transform-regenerator/-/plugin-transform-regenerator-7.29.0.tgz 0ms (cache hit)
1057 http cache @babel/plugin-transform-react-jsx-source@https://registry.npmjs.org/@babel/plugin-transform-react-jsx-source/-/plugin-transform-react-jsx-source-7.27.1.tgz 0ms (cache hit)
1058 http cache @babel/plugin-transform-react-jsx-self@https://registry.npmjs.org/@babel/plugin-transform-react-jsx-self/-/plugin-transform-react-jsx-self-7.27.1.tgz 0ms (cache hit)
1059 http cache @babel/plugin-transform-property-literals@https://registry.npmjs.org/@babel/plugin-transform-property-literals/-/plugin-transform-property-literals-7.27.1.tgz 0ms (cache hit)
1060 http cache @babel/plugin-transform-private-property-in-object@https://registry.npmjs.org/@babel/plugin-transform-private-property-in-object/-/plugin-transform-private-property-in-object-7.28.6.tgz 0ms (cache hit)
1061 http cache @babel/plugin-transform-private-methods@https://registry.npmjs.org/@babel/plugin-transform-private-methods/-/plugin-transform-private-methods-7.28.6.tgz 0ms (cache hit)
1062 http cache @babel/plugin-transform-parameters@https://registry.npmjs.org/@babel/plugin-transform-parameters/-/plugin-transform-parameters-7.27.7.tgz 0ms (cache hit)
1063 http cache @babel/plugin-transform-optional-chaining@https://registry.npmjs.org/@babel/plugin-transform-optional-chaining/-/plugin-transform-optional-chaining-7.28.6.tgz 0ms (cache hit)
1064 http cache @babel/plugin-transform-object-rest-spread@https://registry.npmjs.org/@babel/plugin-transform-object-rest-spread/-/plugin-transform-object-rest-spread-7.28.6.tgz 0ms (cache hit)
1065 http cache @babel/plugin-transform-object-super@https://registry.npmjs.org/@babel/plugin-transform-object-super/-/plugin-transform-object-super-7.27.1.tgz 0ms (cache hit)
1066 http cache @babel/plugin-transform-numeric-separator@https://registry.npmjs.org/@babel/plugin-transform-numeric-separator/-/plugin-transform-numeric-separator-7.28.6.tgz 0ms (cache hit)
1067 http cache @babel/plugin-transform-nullish-coalescing-operator@https://registry.npmjs.org/@babel/plugin-transform-nullish-coalescing-operator/-/plugin-transform-nullish-coalescing-operator-7.28.6.tgz 0ms (cache hit)
1068 http cache @babel/plugin-transform-new-target@https://registry.npmjs.org/@babel/plugin-transform-new-target/-/plugin-transform-new-target-7.27.1.tgz 0ms (cache hit)
1069 http cache @babel/plugin-transform-named-capturing-groups-regex@https://registry.npmjs.org/@babel/plugin-transform-named-capturing-groups-regex/-/plugin-transform-named-capturing-groups-regex-7.29.0.tgz 0ms (cache hit)
1070 http cache @babel/plugin-transform-modules-umd@https://registry.npmjs.org/@babel/plugin-transform-modules-umd/-/plugin-transform-modules-umd-7.27.1.tgz 0ms (cache hit)
1071 http cache @babel/plugin-transform-modules-systemjs@https://registry.npmjs.org/@babel/plugin-transform-modules-systemjs/-/plugin-transform-modules-systemjs-7.29.0.tgz 0ms (cache hit)
1072 http cache @babel/plugin-transform-modules-commonjs@https://registry.npmjs.org/@babel/plugin-transform-modules-commonjs/-/plugin-transform-modules-commonjs-7.28.6.tgz 0ms (cache hit)
1073 http cache @babel/plugin-transform-modules-amd@https://registry.npmjs.org/@babel/plugin-transform-modules-amd/-/plugin-transform-modules-amd-7.27.1.tgz 0ms (cache hit)
1074 http cache @babel/plugin-transform-member-expression-literals@https://registry.npmjs.org/@babel/plugin-transform-member-expression-literals/-/plugin-transform-member-expression-literals-7.27.1.tgz 0ms (cache hit)
1075 http cache @babel/plugin-transform-logical-assignment-operators@https://registry.npmjs.org/@babel/plugin-transform-logical-assignment-operators/-/plugin-transform-logical-assignment-operators-7.28.6.tgz 0ms (cache hit)
1076 http cache @babel/plugin-transform-literals@https://registry.npmjs.org/@babel/plugin-transform-literals/-/plugin-transform-literals-7.27.1.tgz 0ms (cache hit)
1077 http cache @babel/preset-modules@https://registry.npmjs.org/@babel/preset-modules/-/preset-modules-0.1.6-no-external-plugins.tgz 0ms (cache hit)
1078 http cache @babel/plugin-transform-json-strings@https://registry.npmjs.org/@babel/plugin-transform-json-strings/-/plugin-transform-json-strings-7.28.6.tgz 0ms (cache hit)
1079 http cache @babel/plugin-transform-function-name@https://registry.npmjs.org/@babel/plugin-transform-function-name/-/plugin-transform-function-name-7.27.1.tgz 0ms (cache hit)
1080 http cache @babel/plugin-transform-for-of@https://registry.npmjs.org/@babel/plugin-transform-for-of/-/plugin-transform-for-of-7.27.1.tgz 0ms (cache hit)
1081 http cache @babel/plugin-transform-export-namespace-from@https://registry.npmjs.org/@babel/plugin-transform-export-namespace-from/-/plugin-transform-export-namespace-from-7.27.1.tgz 0ms (cache hit)
1082 http cache @babel/plugin-transform-explicit-resource-management@https://registry.npmjs.org/@babel/plugin-transform-explicit-resource-management/-/plugin-transform-explicit-resource-management-7.28.6.tgz 0ms (cache hit)
1083 http cache @babel/plugin-transform-exponentiation-operator@https://registry.npmjs.org/@babel/plugin-transform-exponentiation-operator/-/plugin-transform-exponentiation-operator-7.28.6.tgz 0ms (cache hit)
1084 http cache @babel/plugin-transform-dynamic-import@https://registry.npmjs.org/@babel/plugin-transform-dynamic-import/-/plugin-transform-dynamic-import-7.27.1.tgz 0ms (cache hit)
1085 http cache @babel/plugin-transform-duplicate-named-capturing-groups-regex@https://registry.npmjs.org/@babel/plugin-transform-duplicate-named-capturing-groups-regex/-/plugin-transform-duplicate-named-capturing-groups-regex-7.29.0.tgz 0ms (cache hit)
1086 http cache @babel/plugin-transform-duplicate-keys@https://registry.npmjs.org/@babel/plugin-transform-duplicate-keys/-/plugin-transform-duplicate-keys-7.27.1.tgz 0ms (cache hit)
1087 http cache @babel/plugin-transform-dotall-regex@https://registry.npmjs.org/@babel/plugin-transform-dotall-regex/-/plugin-transform-dotall-regex-7.28.6.tgz 0ms (cache hit)
1088 http cache @babel/plugin-transform-destructuring@https://registry.npmjs.org/@babel/plugin-transform-destructuring/-/plugin-transform-destructuring-7.28.5.tgz 0ms (cache hit)
1089 http cache @babel/plugin-transform-computed-properties@https://registry.npmjs.org/@babel/plugin-transform-computed-properties/-/plugin-transform-computed-properties-7.28.6.tgz 0ms (cache hit)
1090 http cache @babel/plugin-transform-classes@https://registry.npmjs.org/@babel/plugin-transform-classes/-/plugin-transform-classes-7.28.6.tgz 0ms (cache hit)
1091 http cache @babel/plugin-transform-class-static-block@https://registry.npmjs.org/@babel/plugin-transform-class-static-block/-/plugin-transform-class-static-block-7.28.6.tgz 0ms (cache hit)
1092 http cache @babel/plugin-transform-class-properties@https://registry.npmjs.org/@babel/plugin-transform-class-properties/-/plugin-transform-class-properties-7.28.6.tgz 0ms (cache hit)
1093 http cache @babel/plugin-transform-block-scoping@https://registry.npmjs.org/@babel/plugin-transform-block-scoping/-/plugin-transform-block-scoping-7.28.6.tgz 0ms (cache hit)
1094 http cache @babel/plugin-transform-block-scoped-functions@https://registry.npmjs.org/@babel/plugin-transform-block-scoped-functions/-/plugin-transform-block-scoped-functions-7.27.1.tgz 0ms (cache hit)
1095 http cache @babel/plugin-transform-async-to-generator@https://registry.npmjs.org/@babel/plugin-transform-async-to-generator/-/plugin-transform-async-to-generator-7.28.6.tgz 0ms (cache hit)
1096 http cache @babel/plugin-transform-async-generator-functions@https://registry.npmjs.org/@babel/plugin-transform-async-generator-functions/-/plugin-transform-async-generator-functions-7.29.0.tgz 0ms (cache hit)
1097 http cache @babel/plugin-transform-arrow-functions@https://registry.npmjs.org/@babel/plugin-transform-arrow-functions/-/plugin-transform-arrow-functions-7.27.1.tgz 0ms (cache hit)
1098 http cache @babel/plugin-syntax-unicode-sets-regex@https://registry.npmjs.org/@babel/plugin-syntax-unicode-sets-regex/-/plugin-syntax-unicode-sets-regex-7.18.6.tgz 0ms (cache hit)
1099 http cache @babel/plugin-syntax-import-attributes@https://registry.npmjs.org/@babel/plugin-syntax-import-attributes/-/plugin-syntax-import-attributes-7.28.6.tgz 0ms (cache hit)
1100 http cache @babel/plugin-syntax-import-assertions@https://registry.npmjs.org/@babel/plugin-syntax-import-assertions/-/plugin-syntax-import-assertions-7.28.6.tgz 0ms (cache hit)
1101 http cache @babel/plugin-proposal-private-property-in-object@https://registry.npmjs.org/@babel/plugin-proposal-private-property-in-object/-/plugin-proposal-private-property-in-object-7.21.0-placeholder-for-preset-env.2.tgz 0ms (cache hit)
1102 http cache @babel/plugin-bugfix-v8-static-class-fields-redefine-readonly@https://registry.npmjs.org/@babel/plugin-bugfix-v8-static-class-fields-redefine-readonly/-/plugin-bugfix-v8-static-class-fields-redefine-readonly-7.28.6.tgz 0ms (cache hit)
1103 http cache @babel/plugin-bugfix-v8-spread-parameters-in-optional-chaining@https://registry.npmjs.org/@babel/plugin-bugfix-v8-spread-parameters-in-optional-chaining/-/plugin-bugfix-v8-spread-parameters-in-optional-chaining-7.27.1.tgz 0ms (cache hit)
1104 http cache @babel/plugin-bugfix-safari-id-destructuring-collision-in-function-expression@https://registry.npmjs.org/@babel/plugin-bugfix-safari-id-destructuring-collision-in-function-expression/-/plugin-bugfix-safari-id-destructuring-collision-in-function-expression-7.27.1.tgz 0ms (cache hit)
1105 http cache @babel/plugin-bugfix-safari-class-field-initializer-scope@https://registry.npmjs.org/@babel/plugin-bugfix-safari-class-field-initializer-scope/-/plugin-bugfix-safari-class-field-initializer-scope-7.27.1.tgz 0ms (cache hit)
1106 http cache @babel/plugin-bugfix-firefox-class-in-computed-class-key@https://registry.npmjs.org/@babel/plugin-bugfix-firefox-class-in-computed-class-key/-/plugin-bugfix-firefox-class-in-computed-class-key-7.28.5.tgz 0ms (cache hit)
1107 http cache @babel/parser@https://registry.npmjs.org/@babel/parser/-/parser-7.29.0.tgz 0ms (cache hit)
1108 http cache @babel/helpers@https://registry.npmjs.org/@babel/helpers/-/helpers-7.28.6.tgz 0ms (cache hit)
1109 http cache @babel/helper-wrap-function@https://registry.npmjs.org/@babel/helper-wrap-function/-/helper-wrap-function-7.28.6.tgz 0ms (cache hit)
1110 http cache @babel/plugin-transform-optional-catch-binding@https://registry.npmjs.org/@babel/plugin-transform-optional-catch-binding/-/plugin-transform-optional-catch-binding-7.28.6.tgz 0ms (cache hit)
1111 http cache @babel/helper-validator-option@https://registry.npmjs.org/@babel/helper-validator-option/-/helper-validator-option-7.27.1.tgz 0ms (cache hit)
1112 http cache @babel/helper-validator-identifier@https://registry.npmjs.org/@babel/helper-validator-identifier/-/helper-validator-identifier-7.28.5.tgz 0ms (cache hit)
1113 http cache @babel/helper-string-parser@https://registry.npmjs.org/@babel/helper-string-parser/-/helper-string-parser-7.27.1.tgz 0ms (cache hit)
1114 http cache @babel/helper-skip-transparent-expression-wrappers@https://registry.npmjs.org/@babel/helper-skip-transparent-expression-wrappers/-/helper-skip-transparent-expression-wrappers-7.27.1.tgz 0ms (cache hit)
1115 http cache @babel/helper-replace-supers@https://registry.npmjs.org/@babel/helper-replace-supers/-/helper-replace-supers-7.28.6.tgz 0ms (cache hit)
1116 http cache @babel/helper-remap-async-to-generator@https://registry.npmjs.org/@babel/helper-remap-async-to-generator/-/helper-remap-async-to-generator-7.27.1.tgz 0ms (cache hit)
1117 http cache @babel/helper-plugin-utils@https://registry.npmjs.org/@babel/helper-plugin-utils/-/helper-plugin-utils-7.28.6.tgz 0ms (cache hit)
1118 http cache @babel/helper-optimise-call-expression@https://registry.npmjs.org/@babel/helper-optimise-call-expression/-/helper-optimise-call-expression-7.27.1.tgz 0ms (cache hit)
1119 http cache @babel/helper-module-imports@https://registry.npmjs.org/@babel/helper-module-imports/-/helper-module-imports-7.28.6.tgz 0ms (cache hit)
1120 http cache @babel/helper-module-transforms@https://registry.npmjs.org/@babel/helper-module-transforms/-/helper-module-transforms-7.28.6.tgz 0ms (cache hit)
1121 http cache @babel/helper-member-expression-to-functions@https://registry.npmjs.org/@babel/helper-member-expression-to-functions/-/helper-member-expression-to-functions-7.28.5.tgz 0ms (cache hit)
1122 http cache @babel/helper-globals@https://registry.npmjs.org/@babel/helper-globals/-/helper-globals-7.28.0.tgz 0ms (cache hit)
1123 http cache @babel/helper-define-polyfill-provider@https://registry.npmjs.org/@babel/helper-define-polyfill-provider/-/helper-define-polyfill-provider-0.6.6.tgz 0ms (cache hit)
1124 http cache generator-function@https://registry.npmjs.org/generator-function/-/generator-function-2.0.1.tgz 0ms (cache hit)
1125 http cache @babel/helper-compilation-targets@https://registry.npmjs.org/@babel/helper-compilation-targets/-/helper-compilation-targets-7.28.6.tgz 0ms (cache hit)
1126 http cache @babel/helper-create-class-features-plugin@https://registry.npmjs.org/@babel/helper-create-class-features-plugin/-/helper-create-class-features-plugin-7.28.6.tgz 0ms (cache hit)
1127 http cache @babel/helper-annotate-as-pure@https://registry.npmjs.org/@babel/helper-annotate-as-pure/-/helper-annotate-as-pure-7.27.3.tgz 0ms (cache hit)
1128 http cache @babel/generator@https://registry.npmjs.org/@babel/generator/-/generator-7.29.1.tgz 0ms (cache hit)
1129 http cache @babel/core@https://registry.npmjs.org/@babel/core/-/core-7.28.6.tgz 0ms (cache hit)
1130 http cache @babel/compat-data@https://registry.npmjs.org/@babel/compat-data/-/compat-data-7.29.0.tgz 0ms (cache hit)
1131 http cache @babel/code-frame@https://registry.npmjs.org/@babel/code-frame/-/code-frame-7.29.0.tgz 0ms (cache hit)
1132 http cache @asamuzakjp/nwsapi@https://registry.npmjs.org/@asamuzakjp/nwsapi/-/nwsapi-2.3.9.tgz 0ms (cache hit)
1133 http cache @asamuzakjp/dom-selector@https://registry.npmjs.org/@asamuzakjp/dom-selector/-/dom-selector-7.0.4.tgz 0ms (cache hit)
1134 http cache @asamuzakjp/css-color@https://registry.npmjs.org/@asamuzakjp/css-color/-/css-color-5.1.1.tgz 0ms (cache hit)
1135 http cache @apideck/better-ajv-errors@https://registry.npmjs.org/@apideck/better-ajv-errors/-/better-ajv-errors-0.3.6.tgz 0ms (cache hit)
1136 http cache @alloc/quick-lru@https://registry.npmjs.org/@alloc/quick-lru/-/quick-lru-5.2.0.tgz 0ms (cache hit)
1137 http cache @adobe/css-tools@https://registry.npmjs.org/@adobe/css-tools/-/css-tools-4.4.4.tgz 0ms (cache hit)
1138 http cache eslint-visitor-keys@https://registry.npmjs.org/eslint-visitor-keys/-/eslint-visitor-keys-4.2.1.tgz 0ms (cache hit)
1139 http cache brace-expansion@https://registry.npmjs.org/brace-expansion/-/brace-expansion-1.1.14.tgz 0ms (cache hit)
1140 http cache json-schema-traverse@https://registry.npmjs.org/json-schema-traverse/-/json-schema-traverse-0.4.1.tgz 0ms (cache hit)
1141 http cache ajv@https://registry.npmjs.org/ajv/-/ajv-6.15.0.tgz 0ms (cache hit)
1142 http cache eslint-visitor-keys@https://registry.npmjs.org/eslint-visitor-keys/-/eslint-visitor-keys-4.2.1.tgz 0ms (cache hit)
1143 http cache json-schema-traverse@https://registry.npmjs.org/json-schema-traverse/-/json-schema-traverse-0.4.1.tgz 0ms (cache hit)
1144 http cache ajv@https://registry.npmjs.org/ajv/-/ajv-6.14.0.tgz 0ms (cache hit)
1145 http cache strip-ansi@https://registry.npmjs.org/strip-ansi/-/strip-ansi-6.0.1.tgz 0ms (cache hit)
1146 http cache p-limit@https://registry.npmjs.org/p-limit/-/p-limit-2.3.0.tgz 0ms (cache hit)
1147 http cache string-width@https://registry.npmjs.org/string-width/-/string-width-4.2.3.tgz 0ms (cache hit)
1148 http cache @babel/preset-env@https://registry.npmjs.org/@babel/preset-env/-/preset-env-7.29.0.tgz 0ms (cache hit)
1149 http cache find-up@https://registry.npmjs.org/find-up/-/find-up-4.1.0.tgz 0ms (cache hit)
1150 http cache locate-path@https://registry.npmjs.org/locate-path/-/locate-path-5.0.0.tgz 0ms (cache hit)
1151 http cache emoji-regex@https://registry.npmjs.org/emoji-regex/-/emoji-regex-8.0.0.tgz 0ms (cache hit)
1152 http cache rollup@https://registry.npmjs.org/rollup/-/rollup-2.79.2.tgz 0ms (cache hit)
1153 http cache picomatch@https://registry.npmjs.org/picomatch/-/picomatch-2.3.1.tgz 0ms (cache hit)
1154 http cache pretty-bytes@https://registry.npmjs.org/pretty-bytes/-/pretty-bytes-5.6.0.tgz 0ms (cache hit)
1155 http cache path-scurry@https://registry.npmjs.org/path-scurry/-/path-scurry-2.0.1.tgz 0ms (cache hit)
1156 http cache minimatch@https://registry.npmjs.org/minimatch/-/minimatch-10.1.2.tgz 0ms (cache hit)
1157 http cache magic-string@https://registry.npmjs.org/magic-string/-/magic-string-0.25.9.tgz 0ms (cache hit)
1158 http cache lru-cache@https://registry.npmjs.org/lru-cache/-/lru-cache-11.2.6.tgz 0ms (cache hit)
1159 http cache jackspeak@https://registry.npmjs.org/jackspeak/-/jackspeak-4.2.3.tgz 0ms (cache hit)
1160 http cache glob@https://registry.npmjs.org/glob/-/glob-11.1.0.tgz 0ms (cache hit)
1161 http cache estree-walker@https://registry.npmjs.org/estree-walker/-/estree-walker-1.0.1.tgz 0ms (cache hit)
1162 http cache @types/estree@https://registry.npmjs.org/@types/estree/-/estree-0.0.39.tgz 0ms (cache hit)
1163 http cache @rollup/pluginutils@https://registry.npmjs.org/@rollup/pluginutils/-/pluginutils-3.1.0.tgz 0ms (cache hit)
1164 http cache @rollup/plugin-replace@https://registry.npmjs.org/@rollup/plugin-replace/-/plugin-replace-2.4.2.tgz 0ms (cache hit)
1165 http cache @rollup/plugin-babel@https://registry.npmjs.org/@rollup/plugin-babel/-/plugin-babel-5.3.1.tgz 0ms (cache hit)
1166 http cache @isaacs/cliui@https://registry.npmjs.org/@isaacs/cliui/-/cliui-9.0.0.tgz 0ms (cache hit)
1167 http cache source-map@https://registry.npmjs.org/source-map/-/source-map-0.6.1.tgz 0ms (cache hit)
1168 http cache react-is@https://registry.npmjs.org/react-is/-/react-is-16.13.1.tgz 0ms (cache hit)
1169 http cache react-is@https://registry.npmjs.org/react-is/-/react-is-17.0.2.tgz 0ms (cache hit)
1170 http cache entities@https://registry.npmjs.org/entities/-/entities-6.0.1.tgz 0ms (cache hit)
1171 http cache whatwg-url@https://registry.npmjs.org/whatwg-url/-/whatwg-url-16.0.1.tgz 0ms (cache hit)
1172 http cache tr46@https://registry.npmjs.org/tr46/-/tr46-6.0.0.tgz 0ms (cache hit)
1173 http cache minimatch@https://registry.npmjs.org/minimatch/-/minimatch-5.1.6.tgz 0ms (cache hit)
1174 http cache resolve@https://registry.npmjs.org/resolve/-/resolve-2.0.0-next.6.tgz 0ms (cache hit)
1175 http cache lru-cache@https://registry.npmjs.org/lru-cache/-/lru-cache-11.2.7.tgz 0ms (cache hit)
1176 http cache whatwg-url@https://registry.npmjs.org/whatwg-url/-/whatwg-url-16.0.1.tgz 0ms (cache hit)
1177 http cache tr46@https://registry.npmjs.org/tr46/-/tr46-6.0.0.tgz 0ms (cache hit)
1178 http cache webidl-conversions@https://registry.npmjs.org/webidl-conversions/-/webidl-conversions-8.0.1.tgz 0ms (cache hit)
1179 http cache wrap-ansi@https://registry.npmjs.org/wrap-ansi/-/wrap-ansi-6.2.0.tgz 0ms (cache hit)
1180 http cache strip-ansi@https://registry.npmjs.org/strip-ansi/-/strip-ansi-6.0.1.tgz 0ms (cache hit)
1181 http cache string-width@https://registry.npmjs.org/string-width/-/string-width-4.2.3.tgz 0ms (cache hit)
1182 http cache ansi-styles@https://registry.npmjs.org/ansi-styles/-/ansi-styles-4.3.0.tgz 0ms (cache hit)
1183 http cache emoji-regex@https://registry.npmjs.org/emoji-regex/-/emoji-regex-8.0.0.tgz 0ms (cache hit)
1184 http cache semver@https://registry.npmjs.org/semver/-/semver-7.7.4.tgz 0ms (cache hit)
1185 http cache minimatch@https://registry.npmjs.org/minimatch/-/minimatch-10.2.4.tgz 0ms (cache hit)
1186 http cache balanced-match@https://registry.npmjs.org/balanced-match/-/balanced-match-4.0.4.tgz 0ms (cache hit)
1187 http cache brace-expansion@https://registry.npmjs.org/brace-expansion/-/brace-expansion-5.0.3.tgz 0ms (cache hit)
1188 http cache dom-accessibility-api@https://registry.npmjs.org/dom-accessibility-api/-/dom-accessibility-api-0.5.16.tgz 0ms (cache hit)
1189 http cache ignore@https://registry.npmjs.org/ignore/-/ignore-7.0.5.tgz 0ms (cache hit)
1190 http cache aria-query@https://registry.npmjs.org/aria-query/-/aria-query-5.3.0.tgz 0ms (cache hit)
1191 http cache magic-string@https://registry.npmjs.org/magic-string/-/magic-string-0.25.9.tgz 0ms (cache hit)
1192 http cache immer@https://registry.npmjs.org/immer/-/immer-11.1.3.tgz 0ms (cache hit)
1193 http cache estree-walker@https://registry.npmjs.org/estree-walker/-/estree-walker-2.0.2.tgz 0ms (cache hit)
1194 http cache eslint-visitor-keys@https://registry.npmjs.org/eslint-visitor-keys/-/eslint-visitor-keys-3.4.3.tgz 0ms (cache hit)
1195 http cache lru-cache@https://registry.npmjs.org/lru-cache/-/lru-cache-11.2.7.tgz 0ms (cache hit)
1196 http cache p-locate@https://registry.npmjs.org/p-locate/-/p-locate-4.1.0.tgz 0ms (cache hit)
1197 http cache @babel/helper-create-regexp-features-plugin@https://registry.npmjs.org/@babel/helper-create-regexp-features-plugin/-/helper-create-regexp-features-plugin-7.28.5.tgz 0ms (cache hit)
1198 silly tarball no local data for concat-map@https://registry.npmjs.org/concat-map/-/concat-map-0.0.1.tgz. Extracting by manifest.
1199 silly tarball no local data for @react-leaflet/core@https://registry.npmjs.org/@react-leaflet/core/-/core-3.0.0.tgz. Extracting by manifest.
1200 silly tarball no local data for callsites@https://registry.npmjs.org/callsites/-/callsites-3.1.0.tgz. Extracting by manifest.
1201 silly tarball no local data for resolve-from@https://registry.npmjs.org/resolve-from/-/resolve-from-4.0.0.tgz. Extracting by manifest.
1202 silly tarball no local data for has-flag@https://registry.npmjs.org/has-flag/-/has-flag-4.0.0.tgz. Extracting by manifest.
1203 silly tarball no local data for parent-module@https://registry.npmjs.org/parent-module/-/parent-module-1.0.1.tgz. Extracting by manifest.
1204 silly tarball no local data for acorn-jsx@https://registry.npmjs.org/acorn-jsx/-/acorn-jsx-5.3.2.tgz. Extracting by manifest.
1205 silly tarball no local data for esrecurse@https://registry.npmjs.org/esrecurse/-/esrecurse-4.3.0.tgz. Extracting by manifest.
1206 silly tarball no local data for supports-color@https://registry.npmjs.org/supports-color/-/supports-color-7.2.0.tgz. Extracting by manifest.
1207 silly tarball no local data for strip-json-comments@https://registry.npmjs.org/strip-json-comments/-/strip-json-comments-3.1.1.tgz. Extracting by manifest.
1208 http cache lru-cache@https://registry.npmjs.org/lru-cache/-/lru-cache-11.2.7.tgz 0ms (cache hit)
1209 silly tarball no local data for js-yaml@https://registry.npmjs.org/js-yaml/-/js-yaml-4.1.1.tgz. Extracting by manifest.
1210 silly tarball no local data for import-fresh@https://registry.npmjs.org/import-fresh/-/import-fresh-3.3.1.tgz. Extracting by manifest.
1211 silly tarball no local data for globals@https://registry.npmjs.org/globals/-/globals-14.0.0.tgz. Extracting by manifest.
1212 silly tarball no local data for @eslint/object-schema@https://registry.npmjs.org/@eslint/object-schema/-/object-schema-2.1.7.tgz. Extracting by manifest.
1213 silly tarball no local data for @types/json-schema@https://registry.npmjs.org/@types/json-schema/-/json-schema-7.0.15.tgz. Extracting by manifest.
1214 silly tarball no local data for lodash.merge@https://registry.npmjs.org/lodash.merge/-/lodash.merge-4.6.2.tgz. Extracting by manifest.
1215 silly tarball no local data for minimatch@https://registry.npmjs.org/minimatch/-/minimatch-3.1.5.tgz. Extracting by manifest.
1216 silly tarball no local data for eslint-scope@https://registry.npmjs.org/eslint-scope/-/eslint-scope-8.4.0.tgz. Extracting by manifest.
1217 silly tarball no local data for espree@https://registry.npmjs.org/espree/-/espree-10.4.0.tgz. Extracting by manifest.
1218 silly tarball no local data for @eslint/plugin-kit@https://registry.npmjs.org/@eslint/plugin-kit/-/plugin-kit-0.4.1.tgz. Extracting by manifest.
1219 silly tarball no local data for chalk@https://registry.npmjs.org/chalk/-/chalk-4.1.2.tgz. Extracting by manifest.
1220 silly tarball no local data for @eslint/core@https://registry.npmjs.org/@eslint/core/-/core-0.17.0.tgz. Extracting by manifest.
1221 silly tarball no local data for @eslint/eslintrc@https://registry.npmjs.org/@eslint/eslintrc/-/eslintrc-3.3.5.tgz. Extracting by manifest.
1222 silly tarball no local data for @eslint/config-array@https://registry.npmjs.org/@eslint/config-array/-/config-array-0.21.2.tgz. Extracting by manifest.
1223 silly tarball no local data for @eslint/config-helpers@https://registry.npmjs.org/@eslint/config-helpers/-/config-helpers-0.4.2.tgz. Extracting by manifest.
1224 silly tarball no local data for csstype@https://registry.npmjs.org/csstype/-/csstype-3.2.3.tgz. Extracting by manifest.
1225 silly tarball no local data for @types/react-dom@https://registry.npmjs.org/@types/react-dom/-/react-dom-19.2.3.tgz. Extracting by manifest.
1226 silly tarball no local data for @types/react@https://registry.npmjs.org/@types/react/-/react-19.2.14.tgz. Extracting by manifest.
1227 silly tarball no local data for @tanstack/query-core@https://registry.npmjs.org/@tanstack/query-core/-/query-core-5.100.9.tgz. Extracting by manifest.
1228 silly tarball no local data for @tanstack/react-query@https://registry.npmjs.org/@tanstack/react-query/-/react-query-5.100.9.tgz. Extracting by manifest.
1229 silly tarball no local data for react-leaflet@https://registry.npmjs.org/react-leaflet/-/react-leaflet-5.0.0.tgz. Extracting by manifest.
1230 silly tarball no local data for eslint@https://registry.npmjs.org/eslint/-/eslint-9.39.4.tgz. Extracting by manifest.
1231 silly tarball no local data for zustand@https://registry.npmjs.org/zustand/-/zustand-5.0.10.tgz. Extracting by manifest.
1232 silly tarball no local data for zod-validation-error@https://registry.npmjs.org/zod-validation-error/-/zod-validation-error-4.0.2.tgz. Extracting by manifest.
1233 silly tarball no local data for zod@https://registry.npmjs.org/zod/-/zod-4.3.6.tgz. Extracting by manifest.
1234 silly tarball no local data for yargs-parser@https://registry.npmjs.org/yargs-parser/-/yargs-parser-18.1.3.tgz. Extracting by manifest.
1235 silly tarball no local data for yocto-queue@https://registry.npmjs.org/yocto-queue/-/yocto-queue-0.1.0.tgz. Extracting by manifest.
1236 silly tarball no local data for yargs@https://registry.npmjs.org/yargs/-/yargs-15.4.1.tgz. Extracting by manifest.
1237 silly tarball no local data for yallist@https://registry.npmjs.org/yallist/-/yallist-3.1.1.tgz. Extracting by manifest.
1238 silly tarball no local data for @eslint/js@https://registry.npmjs.org/@eslint/js/-/js-9.39.4.tgz. Extracting by manifest.
1239 silly tarball no local data for y18n@https://registry.npmjs.org/y18n/-/y18n-4.0.3.tgz. Extracting by manifest.
1240 silly tarball no local data for xlsx@https://registry.npmjs.org/xlsx/-/xlsx-0.18.5.tgz. Extracting by manifest.
1241 silly tarball no local data for xml-name-validator@https://registry.npmjs.org/xml-name-validator/-/xml-name-validator-5.0.0.tgz. Extracting by manifest.
1242 silly tarball no local data for xmlchars@https://registry.npmjs.org/xmlchars/-/xmlchars-2.2.0.tgz. Extracting by manifest.
1243 silly tarball no local data for workbox-window@https://registry.npmjs.org/workbox-window/-/workbox-window-7.4.0.tgz. Extracting by manifest.
1244 silly tarball no local data for workbox-sw@https://registry.npmjs.org/workbox-sw/-/workbox-sw-7.4.0.tgz. Extracting by manifest.
1245 silly tarball no local data for ws@https://registry.npmjs.org/ws/-/ws-8.19.0.tgz. Extracting by manifest.
1246 silly tarball no local data for workbox-streams@https://registry.npmjs.org/workbox-streams/-/workbox-streams-7.4.0.tgz. Extracting by manifest.
1247 silly tarball no local data for workbox-strategies@https://registry.npmjs.org/workbox-strategies/-/workbox-strategies-7.4.0.tgz. Extracting by manifest.
1248 silly tarball no local data for workbox-routing@https://registry.npmjs.org/workbox-routing/-/workbox-routing-7.4.0.tgz. Extracting by manifest.
1249 silly tarball no local data for workbox-recipes@https://registry.npmjs.org/workbox-recipes/-/workbox-recipes-7.4.0.tgz. Extracting by manifest.
1250 silly tarball no local data for workbox-range-requests@https://registry.npmjs.org/workbox-range-requests/-/workbox-range-requests-7.4.0.tgz. Extracting by manifest.
1251 silly tarball no local data for workbox-precaching@https://registry.npmjs.org/workbox-precaching/-/workbox-precaching-7.4.0.tgz. Extracting by manifest.
1252 silly tarball no local data for workbox-navigation-preload@https://registry.npmjs.org/workbox-navigation-preload/-/workbox-navigation-preload-7.4.0.tgz. Extracting by manifest.
1253 silly tarball no local data for workbox-google-analytics@https://registry.npmjs.org/workbox-google-analytics/-/workbox-google-analytics-7.4.0.tgz. Extracting by manifest.
1254 silly tarball no local data for workbox-expiration@https://registry.npmjs.org/workbox-expiration/-/workbox-expiration-7.4.0.tgz. Extracting by manifest.
1255 silly tarball no local data for workbox-core@https://registry.npmjs.org/workbox-core/-/workbox-core-7.4.0.tgz. Extracting by manifest.
1256 silly tarball no local data for workbox-build@https://registry.npmjs.org/workbox-build/-/workbox-build-7.4.0.tgz. Extracting by manifest.
1257 silly tarball no local data for workbox-cacheable-response@https://registry.npmjs.org/workbox-cacheable-response/-/workbox-cacheable-response-7.4.0.tgz. Extracting by manifest.
1258 silly tarball no local data for workbox-broadcast-update@https://registry.npmjs.org/workbox-broadcast-update/-/workbox-broadcast-update-7.4.0.tgz. Extracting by manifest.
1259 silly tarball no local data for workbox-background-sync@https://registry.npmjs.org/workbox-background-sync/-/workbox-background-sync-7.4.0.tgz. Extracting by manifest.
1260 silly tarball no local data for word-wrap@https://registry.npmjs.org/word-wrap/-/word-wrap-1.2.5.tgz. Extracting by manifest.
1261 silly tarball no local data for word@https://registry.npmjs.org/word/-/word-0.3.0.tgz. Extracting by manifest.
1262 silly tarball no local data for wmf@https://registry.npmjs.org/wmf/-/wmf-1.0.2.tgz. Extracting by manifest.
1263 silly tarball no local data for why-is-node-running@https://registry.npmjs.org/why-is-node-running/-/why-is-node-running-2.3.0.tgz. Extracting by manifest.
1264 silly tarball no local data for which-typed-array@https://registry.npmjs.org/which-typed-array/-/which-typed-array-1.1.20.tgz. Extracting by manifest.
1265 silly tarball no local data for which-module@https://registry.npmjs.org/which-module/-/which-module-2.0.1.tgz. Extracting by manifest.
1266 silly tarball no local data for which-collection@https://registry.npmjs.org/which-collection/-/which-collection-1.0.2.tgz. Extracting by manifest.
1267 silly tarball no local data for which-builtin-type@https://registry.npmjs.org/which-builtin-type/-/which-builtin-type-1.2.1.tgz. Extracting by manifest.
1268 silly tarball no local data for which-boxed-primitive@https://registry.npmjs.org/which-boxed-primitive/-/which-boxed-primitive-1.1.1.tgz. Extracting by manifest.
1269 silly tarball no local data for which@https://registry.npmjs.org/which/-/which-2.0.2.tgz. Extracting by manifest.
1270 silly tarball no local data for whatwg-url@https://registry.npmjs.org/whatwg-url/-/whatwg-url-7.1.0.tgz. Extracting by manifest.
1271 silly tarball no local data for whatwg-mimetype@https://registry.npmjs.org/whatwg-mimetype/-/whatwg-mimetype-5.0.0.tgz. Extracting by manifest.
1272 silly tarball no local data for webidl-conversions@https://registry.npmjs.org/webidl-conversions/-/webidl-conversions-4.0.2.tgz. Extracting by manifest.
1273 silly tarball no local data for w3c-keyname@https://registry.npmjs.org/w3c-keyname/-/w3c-keyname-2.2.8.tgz. Extracting by manifest.
1274 silly tarball no local data for w3c-xmlserializer@https://registry.npmjs.org/w3c-xmlserializer/-/w3c-xmlserializer-5.0.0.tgz. Extracting by manifest.
1275 silly tarball no local data for vitest@https://registry.npmjs.org/vitest/-/vitest-4.0.18.tgz. Extracting by manifest.
1276 silly tarball no local data for vite@https://registry.npmjs.org/vite/-/vite-7.3.1.tgz. Extracting by manifest.
1277 silly tarball no local data for vite-plugin-pwa@https://registry.npmjs.org/vite-plugin-pwa/-/vite-plugin-pwa-1.2.0.tgz. Extracting by manifest.
1278 silly tarball no local data for vietqr@https://registry.npmjs.org/vietqr/-/vietqr-1.1.9.tgz. Extracting by manifest.
1279 silly tarball no local data for victory-vendor@https://registry.npmjs.org/victory-vendor/-/victory-vendor-37.3.6.tgz. Extracting by manifest.
1280 silly tarball no local data for utrie@https://registry.npmjs.org/utrie/-/utrie-1.0.2.tgz. Extracting by manifest.
1281 silly tarball no local data for use-sync-external-store@https://registry.npmjs.org/use-sync-external-store/-/use-sync-external-store-1.6.0.tgz. Extracting by manifest.
1282 silly tarball no local data for update-browserslist-db@https://registry.npmjs.org/update-browserslist-db/-/update-browserslist-db-1.2.3.tgz. Extracting by manifest.
1283 silly tarball no local data for uri-js@https://registry.npmjs.org/uri-js/-/uri-js-4.4.1.tgz. Extracting by manifest.
1284 silly tarball no local data for upath@https://registry.npmjs.org/upath/-/upath-1.2.0.tgz. Extracting by manifest.
1285 silly tarball no local data for universalify@https://registry.npmjs.org/universalify/-/universalify-2.0.1.tgz. Extracting by manifest.
1286 silly tarball no local data for unique-string@https://registry.npmjs.org/unique-string/-/unique-string-2.0.0.tgz. Extracting by manifest.
1287 silly tarball no local data for unicode-property-aliases-ecmascript@https://registry.npmjs.org/unicode-property-aliases-ecmascript/-/unicode-property-aliases-ecmascript-2.2.0.tgz. Extracting by manifest.
1288 silly tarball no local data for unicode-match-property-value-ecmascript@https://registry.npmjs.org/unicode-match-property-value-ecmascript/-/unicode-match-property-value-ecmascript-2.2.1.tgz. Extracting by manifest.
1289 silly tarball no local data for unicode-match-property-ecmascript@https://registry.npmjs.org/unicode-match-property-ecmascript/-/unicode-match-property-ecmascript-2.0.0.tgz. Extracting by manifest.
1290 silly tarball no local data for unicode-canonical-property-names-ecmascript@https://registry.npmjs.org/unicode-canonical-property-names-ecmascript/-/unicode-canonical-property-names-ecmascript-2.0.1.tgz. Extracting by manifest.
1291 silly tarball no local data for undici-types@https://registry.npmjs.org/undici-types/-/undici-types-7.16.0.tgz. Extracting by manifest.
1292 silly tarball no local data for undici@https://registry.npmjs.org/undici/-/undici-7.24.6.tgz. Extracting by manifest.
1293 silly tarball no local data for unbox-primitive@https://registry.npmjs.org/unbox-primitive/-/unbox-primitive-1.1.0.tgz. Extracting by manifest.
1294 silly tarball no local data for uc.micro@https://registry.npmjs.org/uc.micro/-/uc.micro-2.1.0.tgz. Extracting by manifest.
1295 silly tarball no local data for typescript-eslint@https://registry.npmjs.org/typescript-eslint/-/typescript-eslint-8.56.1.tgz. Extracting by manifest.
1296 silly tarball no local data for typescript@https://registry.npmjs.org/typescript/-/typescript-5.9.3.tgz. Extracting by manifest.
1297 silly tarball no local data for typed-array-length@https://registry.npmjs.org/typed-array-length/-/typed-array-length-1.0.7.tgz. Extracting by manifest.
1298 silly tarball no local data for typed-array-byte-offset@https://registry.npmjs.org/typed-array-byte-offset/-/typed-array-byte-offset-1.0.4.tgz. Extracting by manifest.
1299 silly tarball no local data for typed-array-byte-length@https://registry.npmjs.org/typed-array-byte-length/-/typed-array-byte-length-1.0.3.tgz. Extracting by manifest.
1300 silly tarball no local data for typed-array-buffer@https://registry.npmjs.org/typed-array-buffer/-/typed-array-buffer-1.0.3.tgz. Extracting by manifest.
1301 silly tarball no local data for type-fest@https://registry.npmjs.org/type-fest/-/type-fest-0.16.0.tgz. Extracting by manifest.
1302 silly tarball no local data for type-check@https://registry.npmjs.org/type-check/-/type-check-0.4.0.tgz. Extracting by manifest.
1303 silly tarball no local data for tslib@https://registry.npmjs.org/tslib/-/tslib-2.8.1.tgz. Extracting by manifest.
1304 silly tarball no local data for ts-api-utils@https://registry.npmjs.org/ts-api-utils/-/ts-api-utils-2.4.0.tgz. Extracting by manifest.
1305 silly tarball no local data for tr46@https://registry.npmjs.org/tr46/-/tr46-1.0.1.tgz. Extracting by manifest.
1306 silly tarball no local data for tldts-core@https://registry.npmjs.org/tldts-core/-/tldts-core-7.0.27.tgz. Extracting by manifest.
1307 silly tarball no local data for tough-cookie@https://registry.npmjs.org/tough-cookie/-/tough-cookie-6.0.1.tgz. Extracting by manifest.
1308 silly tarball no local data for tldts@https://registry.npmjs.org/tldts/-/tldts-7.0.27.tgz. Extracting by manifest.
1309 silly tarball no local data for tinyrainbow@https://registry.npmjs.org/tinyrainbow/-/tinyrainbow-3.0.3.tgz. Extracting by manifest.
1310 silly tarball no local data for tinyexec@https://registry.npmjs.org/tinyexec/-/tinyexec-1.0.2.tgz. Extracting by manifest.
1311 silly tarball no local data for tinyglobby@https://registry.npmjs.org/tinyglobby/-/tinyglobby-0.2.15.tgz. Extracting by manifest.
1312 silly tarball no local data for tinybench@https://registry.npmjs.org/tinybench/-/tinybench-2.9.0.tgz. Extracting by manifest.
1313 silly tarball no local data for tiny-invariant@https://registry.npmjs.org/tiny-invariant/-/tiny-invariant-1.3.3.tgz. Extracting by manifest.
1314 silly tarball no local data for terser@https://registry.npmjs.org/terser/-/terser-5.46.0.tgz. Extracting by manifest.
1315 silly tarball no local data for text-segmentation@https://registry.npmjs.org/text-segmentation/-/text-segmentation-1.0.3.tgz. Extracting by manifest.
1316 silly tarball no local data for tempy@https://registry.npmjs.org/tempy/-/tempy-0.6.0.tgz. Extracting by manifest.
1317 silly tarball no local data for temp-dir@https://registry.npmjs.org/temp-dir/-/temp-dir-2.0.0.tgz. Extracting by manifest.
1318 silly tarball no local data for tapable@https://registry.npmjs.org/tapable/-/tapable-2.3.0.tgz. Extracting by manifest.
1319 silly tarball no local data for tailwind-merge@https://registry.npmjs.org/tailwind-merge/-/tailwind-merge-3.4.0.tgz. Extracting by manifest.
1320 silly tarball no local data for tailwindcss@https://registry.npmjs.org/tailwindcss/-/tailwindcss-4.1.18.tgz. Extracting by manifest.
1321 silly tarball no local data for svg-pathdata@https://registry.npmjs.org/svg-pathdata/-/svg-pathdata-6.0.3.tgz. Extracting by manifest.
1322 silly tarball no local data for symbol-tree@https://registry.npmjs.org/symbol-tree/-/symbol-tree-3.2.4.tgz. Extracting by manifest.
1323 silly tarball no local data for supports-preserve-symlinks-flag@https://registry.npmjs.org/supports-preserve-symlinks-flag/-/supports-preserve-symlinks-flag-1.0.0.tgz. Extracting by manifest.
1324 silly tarball no local data for strip-indent@https://registry.npmjs.org/strip-indent/-/strip-indent-3.0.0.tgz. Extracting by manifest.
1325 silly tarball no local data for strip-comments@https://registry.npmjs.org/strip-comments/-/strip-comments-2.0.1.tgz. Extracting by manifest.
1326 silly tarball no local data for string.prototype.trimstart@https://registry.npmjs.org/string.prototype.trimstart/-/string.prototype.trimstart-1.0.8.tgz. Extracting by manifest.
1327 silly tarball no local data for string.prototype.trimend@https://registry.npmjs.org/string.prototype.trimend/-/string.prototype.trimend-1.0.9.tgz. Extracting by manifest.
1328 silly tarball no local data for string.prototype.trim@https://registry.npmjs.org/string.prototype.trim/-/string.prototype.trim-1.2.10.tgz. Extracting by manifest.
1329 silly tarball no local data for string.prototype.repeat@https://registry.npmjs.org/string.prototype.repeat/-/string.prototype.repeat-1.0.0.tgz. Extracting by manifest.
1330 silly tarball no local data for stringify-object@https://registry.npmjs.org/stringify-object/-/stringify-object-3.3.0.tgz. Extracting by manifest.
1331 silly tarball no local data for string.prototype.includes@https://registry.npmjs.org/string.prototype.includes/-/string.prototype.includes-2.0.1.tgz. Extracting by manifest.
1332 silly tarball no local data for stackblur-canvas@https://registry.npmjs.org/stackblur-canvas/-/stackblur-canvas-2.7.0.tgz. Extracting by manifest.
1333 silly tarball no local data for stop-iteration-iterator@https://registry.npmjs.org/stop-iteration-iterator/-/stop-iteration-iterator-1.1.0.tgz. Extracting by manifest.
1334 silly tarball no local data for std-env@https://registry.npmjs.org/std-env/-/std-env-3.10.0.tgz. Extracting by manifest.
1335 silly tarball no local data for string.prototype.matchall@https://registry.npmjs.org/string.prototype.matchall/-/string.prototype.matchall-4.0.12.tgz. Extracting by manifest.
1336 silly tarball no local data for ssf@https://registry.npmjs.org/ssf/-/ssf-0.11.2.tgz. Extracting by manifest.
1337 silly tarball no local data for source-map-support@https://registry.npmjs.org/source-map-support/-/source-map-support-0.5.21.tgz. Extracting by manifest.
1338 silly tarball no local data for stackback@https://registry.npmjs.org/stackback/-/stackback-0.0.2.tgz. Extracting by manifest.
1339 silly tarball no local data for sourcemap-codec@https://registry.npmjs.org/sourcemap-codec/-/sourcemap-codec-1.4.8.tgz. Extracting by manifest.
1340 silly tarball no local data for source-map@https://registry.npmjs.org/source-map/-/source-map-0.8.0-beta.0.tgz. Extracting by manifest.
1341 silly tarball no local data for source-map-js@https://registry.npmjs.org/source-map-js/-/source-map-js-1.2.1.tgz. Extracting by manifest.
1342 silly tarball no local data for sonner@https://registry.npmjs.org/sonner/-/sonner-2.0.7.tgz. Extracting by manifest.
1343 silly tarball no local data for smob@https://registry.npmjs.org/smob/-/smob-1.6.1.tgz. Extracting by manifest.
1344 silly tarball no local data for signal-exit@https://registry.npmjs.org/signal-exit/-/signal-exit-4.1.0.tgz. Extracting by manifest.
1345 silly tarball no local data for siginfo@https://registry.npmjs.org/siginfo/-/siginfo-2.0.0.tgz. Extracting by manifest.
1346 silly tarball no local data for side-channel-weakmap@https://registry.npmjs.org/side-channel-weakmap/-/side-channel-weakmap-1.0.2.tgz. Extracting by manifest.
1347 http cache ansi-styles@https://registry.npmjs.org/ansi-styles/-/ansi-styles-4.3.0.tgz 0ms (cache hit)
1348 silly tarball no local data for side-channel-map@https://registry.npmjs.org/side-channel-map/-/side-channel-map-1.0.1.tgz. Extracting by manifest.
1349 silly tarball no local data for side-channel-list@https://registry.npmjs.org/side-channel-list/-/side-channel-list-1.0.0.tgz. Extracting by manifest.
1350 silly tarball no local data for side-channel@https://registry.npmjs.org/side-channel/-/side-channel-1.1.0.tgz. Extracting by manifest.
1351 silly tarball no local data for shebang-regex@https://registry.npmjs.org/shebang-regex/-/shebang-regex-3.0.0.tgz. Extracting by manifest.
1352 silly tarball no local data for shebang-command@https://registry.npmjs.org/shebang-command/-/shebang-command-2.0.0.tgz. Extracting by manifest.
1353 silly tarball no local data for set-proto@https://registry.npmjs.org/set-proto/-/set-proto-1.0.0.tgz. Extracting by manifest.
1354 silly tarball no local data for set-function-name@https://registry.npmjs.org/set-function-name/-/set-function-name-2.0.2.tgz. Extracting by manifest.
1355 silly tarball no local data for set-function-length@https://registry.npmjs.org/set-function-length/-/set-function-length-1.2.2.tgz. Extracting by manifest.
1356 silly tarball no local data for set-cookie-parser@https://registry.npmjs.org/set-cookie-parser/-/set-cookie-parser-2.7.2.tgz. Extracting by manifest.
1357 silly tarball no local data for set-blocking@https://registry.npmjs.org/set-blocking/-/set-blocking-2.0.0.tgz. Extracting by manifest.
1358 silly tarball no local data for serialize-javascript@https://registry.npmjs.org/serialize-javascript/-/serialize-javascript-6.0.2.tgz. Extracting by manifest.
1359 silly tarball no local data for semver@https://registry.npmjs.org/semver/-/semver-6.3.1.tgz. Extracting by manifest.
1360 silly tarball no local data for scheduler@https://registry.npmjs.org/scheduler/-/scheduler-0.27.0.tgz. Extracting by manifest.
1361 http cache webidl-conversions@https://registry.npmjs.org/webidl-conversions/-/webidl-conversions-8.0.1.tgz 0ms (cache hit)
1362 silly tarball no local data for saxes@https://registry.npmjs.org/saxes/-/saxes-6.0.0.tgz. Extracting by manifest.
1363 silly tarball no local data for safe-regex-test@https://registry.npmjs.org/safe-regex-test/-/safe-regex-test-1.1.0.tgz. Extracting by manifest.
1364 silly tarball no local data for safe-push-apply@https://registry.npmjs.org/safe-push-apply/-/safe-push-apply-1.0.0.tgz. Extracting by manifest.
1365 silly tarball no local data for safe-buffer@https://registry.npmjs.org/safe-buffer/-/safe-buffer-5.2.1.tgz. Extracting by manifest.
1366 silly tarball no local data for safe-array-concat@https://registry.npmjs.org/safe-array-concat/-/safe-array-concat-1.1.3.tgz. Extracting by manifest.
1367 silly tarball no local data for rope-sequence@https://registry.npmjs.org/rope-sequence/-/rope-sequence-1.3.4.tgz. Extracting by manifest.
1368 silly tarball no local data for rollup@https://registry.npmjs.org/rollup/-/rollup-4.57.1.tgz. Extracting by manifest.
1369 silly tarball no local data for rgbcolor@https://registry.npmjs.org/rgbcolor/-/rgbcolor-1.0.1.tgz. Extracting by manifest.
1370 silly tarball no local data for resolve@https://registry.npmjs.org/resolve/-/resolve-1.22.11.tgz. Extracting by manifest.
1371 silly tarball no local data for reselect@https://registry.npmjs.org/reselect/-/reselect-5.1.1.tgz. Extracting by manifest.
1372 silly tarball no local data for require-main-filename@https://registry.npmjs.org/require-main-filename/-/require-main-filename-2.0.0.tgz. Extracting by manifest.
1373 silly tarball no local data for require-from-string@https://registry.npmjs.org/require-from-string/-/require-from-string-2.0.2.tgz. Extracting by manifest.
1374 silly tarball no local data for require-directory@https://registry.npmjs.org/require-directory/-/require-directory-2.1.1.tgz. Extracting by manifest.
1375 silly tarball no local data for regjsparser@https://registry.npmjs.org/regjsparser/-/regjsparser-0.13.0.tgz. Extracting by manifest.
1376 silly tarball no local data for regjsgen@https://registry.npmjs.org/regjsgen/-/regjsgen-0.8.0.tgz. Extracting by manifest.
1377 silly tarball no local data for regexpu-core@https://registry.npmjs.org/regexpu-core/-/regexpu-core-6.4.0.tgz. Extracting by manifest.
1378 silly tarball no local data for regexp.prototype.flags@https://registry.npmjs.org/regexp.prototype.flags/-/regexp.prototype.flags-1.5.4.tgz. Extracting by manifest.
1379 silly tarball no local data for regenerator-runtime@https://registry.npmjs.org/regenerator-runtime/-/regenerator-runtime-0.13.11.tgz. Extracting by manifest.
1380 silly tarball no local data for regenerate@https://registry.npmjs.org/regenerate/-/regenerate-1.4.2.tgz. Extracting by manifest.
1381 silly tarball no local data for regenerate-unicode-properties@https://registry.npmjs.org/regenerate-unicode-properties/-/regenerate-unicode-properties-10.2.2.tgz. Extracting by manifest.
1382 silly tarball no local data for redux-thunk@https://registry.npmjs.org/redux-thunk/-/redux-thunk-3.1.0.tgz. Extracting by manifest.
1383 silly tarball no local data for redux@https://registry.npmjs.org/redux/-/redux-5.0.1.tgz. Extracting by manifest.
1384 silly tarball no local data for reflect.getprototypeof@https://registry.npmjs.org/reflect.getprototypeof/-/reflect.getprototypeof-1.0.10.tgz. Extracting by manifest.
1385 silly tarball no local data for redent@https://registry.npmjs.org/redent/-/redent-3.0.0.tgz. Extracting by manifest.
1386 silly tarball no local data for recharts@https://registry.npmjs.org/recharts/-/recharts-3.7.0.tgz. Extracting by manifest.
1387 silly tarball no local data for react-router-dom@https://registry.npmjs.org/react-router-dom/-/react-router-dom-7.13.0.tgz. Extracting by manifest.
1388 silly tarball no local data for react-router@https://registry.npmjs.org/react-router/-/react-router-7.13.0.tgz. Extracting by manifest.
1389 silly tarball no local data for react-refresh@https://registry.npmjs.org/react-refresh/-/react-refresh-0.18.0.tgz. Extracting by manifest.
1390 silly tarball no local data for react-redux@https://registry.npmjs.org/react-redux/-/react-redux-9.2.0.tgz. Extracting by manifest.
1391 silly tarball no local data for react-is@https://registry.npmjs.org/react-is/-/react-is-19.2.4.tgz. Extracting by manifest.
1392 silly tarball no local data for react-dom@https://registry.npmjs.org/react-dom/-/react-dom-19.2.4.tgz. Extracting by manifest.
1393 silly tarball no local data for react-hook-form@https://registry.npmjs.org/react-hook-form/-/react-hook-form-7.71.1.tgz. Extracting by manifest.
1394 silly tarball no local data for react@https://registry.npmjs.org/react/-/react-19.2.4.tgz. Extracting by manifest.
1395 silly tarball no local data for randombytes@https://registry.npmjs.org/randombytes/-/randombytes-2.1.0.tgz. Extracting by manifest.
1396 silly tarball no local data for raf@https://registry.npmjs.org/raf/-/raf-3.4.1.tgz. Extracting by manifest.
1397 silly tarball no local data for qrcode@https://registry.npmjs.org/qrcode/-/qrcode-1.5.4.tgz. Extracting by manifest.
1398 silly tarball no local data for punycode@https://registry.npmjs.org/punycode/-/punycode-2.3.1.tgz. Extracting by manifest.
1399 silly tarball no local data for punycode.js@https://registry.npmjs.org/punycode.js/-/punycode.js-2.3.1.tgz. Extracting by manifest.
1400 silly tarball no local data for prosemirror-view@https://registry.npmjs.org/prosemirror-view/-/prosemirror-view-1.41.6.tgz. Extracting by manifest.
1401 silly tarball no local data for prosemirror-transform@https://registry.npmjs.org/prosemirror-transform/-/prosemirror-transform-1.11.0.tgz. Extracting by manifest.
1402 silly tarball no local data for prosemirror-trailing-node@https://registry.npmjs.org/prosemirror-trailing-node/-/prosemirror-trailing-node-3.0.0.tgz. Extracting by manifest.
1403 silly tarball no local data for prosemirror-state@https://registry.npmjs.org/prosemirror-state/-/prosemirror-state-1.4.4.tgz. Extracting by manifest.
1404 silly tarball no local data for prosemirror-schema-list@https://registry.npmjs.org/prosemirror-schema-list/-/prosemirror-schema-list-1.5.1.tgz. Extracting by manifest.
1405 silly tarball no local data for prosemirror-model@https://registry.npmjs.org/prosemirror-model/-/prosemirror-model-1.25.4.tgz. Extracting by manifest.
1406 silly tarball no local data for prosemirror-schema-basic@https://registry.npmjs.org/prosemirror-schema-basic/-/prosemirror-schema-basic-1.2.4.tgz. Extracting by manifest.
1407 silly tarball no local data for prosemirror-menu@https://registry.npmjs.org/prosemirror-menu/-/prosemirror-menu-1.3.0.tgz. Extracting by manifest.
1408 silly tarball no local data for prosemirror-inputrules@https://registry.npmjs.org/prosemirror-inputrules/-/prosemirror-inputrules-1.5.1.tgz. Extracting by manifest.
1409 silly tarball no local data for prosemirror-keymap@https://registry.npmjs.org/prosemirror-keymap/-/prosemirror-keymap-1.2.3.tgz. Extracting by manifest.
1410 silly tarball no local data for prosemirror-history@https://registry.npmjs.org/prosemirror-history/-/prosemirror-history-1.5.0.tgz. Extracting by manifest.
1411 silly tarball no local data for prosemirror-gapcursor@https://registry.npmjs.org/prosemirror-gapcursor/-/prosemirror-gapcursor-1.4.0.tgz. Extracting by manifest.
1412 silly tarball no local data for prosemirror-dropcursor@https://registry.npmjs.org/prosemirror-dropcursor/-/prosemirror-dropcursor-1.8.2.tgz. Extracting by manifest.
1413 silly tarball no local data for prosemirror-commands@https://registry.npmjs.org/prosemirror-commands/-/prosemirror-commands-1.7.1.tgz. Extracting by manifest.
1414 silly tarball no local data for prosemirror-changeset@https://registry.npmjs.org/prosemirror-changeset/-/prosemirror-changeset-2.4.0.tgz. Extracting by manifest.
1415 silly tarball no local data for prosemirror-collab@https://registry.npmjs.org/prosemirror-collab/-/prosemirror-collab-1.3.1.tgz. Extracting by manifest.
1416 silly tarball no local data for prop-types@https://registry.npmjs.org/prop-types/-/prop-types-15.8.1.tgz. Extracting by manifest.
1417 silly tarball no local data for pretty-format@https://registry.npmjs.org/pretty-format/-/pretty-format-27.5.1.tgz. Extracting by manifest.
1418 silly tarball no local data for prettier@https://registry.npmjs.org/prettier/-/prettier-3.8.1.tgz. Extracting by manifest.
1419 silly tarball no local data for prosemirror-markdown@https://registry.npmjs.org/prosemirror-markdown/-/prosemirror-markdown-1.13.4.tgz. Extracting by manifest.
1420 silly tarball no local data for pretty-bytes@https://registry.npmjs.org/pretty-bytes/-/pretty-bytes-6.1.1.tgz. Extracting by manifest.
1421 silly tarball no local data for prelude-ls@https://registry.npmjs.org/prelude-ls/-/prelude-ls-1.2.1.tgz. Extracting by manifest.
1422 silly tarball no local data for postcss-value-parser@https://registry.npmjs.org/postcss-value-parser/-/postcss-value-parser-4.2.0.tgz. Extracting by manifest.
1423 silly tarball no local data for postcss@https://registry.npmjs.org/postcss/-/postcss-8.5.6.tgz. Extracting by manifest.
1424 silly tarball no local data for pngjs@https://registry.npmjs.org/pngjs/-/pngjs-5.0.0.tgz. Extracting by manifest.
1425 silly tarball no local data for picomatch@https://registry.npmjs.org/picomatch/-/picomatch-4.0.3.tgz. Extracting by manifest.
1426 silly tarball no local data for possible-typed-array-names@https://registry.npmjs.org/possible-typed-array-names/-/possible-typed-array-names-1.1.0.tgz. Extracting by manifest.
1427 silly tarball no local data for picocolors@https://registry.npmjs.org/picocolors/-/picocolors-1.1.1.tgz. Extracting by manifest.
1428 silly tarball no local data for performance-now@https://registry.npmjs.org/performance-now/-/performance-now-2.1.0.tgz. Extracting by manifest.
1429 silly tarball no local data for prosemirror-tables@https://registry.npmjs.org/prosemirror-tables/-/prosemirror-tables-1.8.5.tgz. Extracting by manifest.
1430 silly tarball no local data for pathe@https://registry.npmjs.org/pathe/-/pathe-2.0.3.tgz. Extracting by manifest.
1431 silly tarball no local data for path-parse@https://registry.npmjs.org/path-parse/-/path-parse-1.0.7.tgz. Extracting by manifest.
1432 silly tarball no local data for pako@https://registry.npmjs.org/pako/-/pako-2.1.0.tgz. Extracting by manifest.
1433 silly tarball no local data for path-exists@https://registry.npmjs.org/path-exists/-/path-exists-4.0.0.tgz. Extracting by manifest.
1434 silly tarball no local data for parse5@https://registry.npmjs.org/parse5/-/parse5-8.0.0.tgz. Extracting by manifest.
1435 silly tarball no local data for package-json-from-dist@https://registry.npmjs.org/package-json-from-dist/-/package-json-from-dist-1.0.1.tgz. Extracting by manifest.
1436 silly tarball no local data for p-try@https://registry.npmjs.org/p-try/-/p-try-2.2.0.tgz. Extracting by manifest.
1437 silly tarball no local data for p-limit@https://registry.npmjs.org/p-limit/-/p-limit-3.1.0.tgz. Extracting by manifest.
1438 silly tarball no local data for p-locate@https://registry.npmjs.org/p-locate/-/p-locate-5.0.0.tgz. Extracting by manifest.
1439 silly tarball no local data for own-keys@https://registry.npmjs.org/own-keys/-/own-keys-1.0.1.tgz. Extracting by manifest.
1440 silly tarball no local data for orderedmap@https://registry.npmjs.org/orderedmap/-/orderedmap-2.1.1.tgz. Extracting by manifest.
1441 silly tarball no local data for obug@https://registry.npmjs.org/obug/-/obug-2.1.1.tgz. Extracting by manifest.
1442 silly tarball no local data for optionator@https://registry.npmjs.org/optionator/-/optionator-0.9.4.tgz. Extracting by manifest.
1443 silly tarball no local data for object.fromentries@https://registry.npmjs.org/object.fromentries/-/object.fromentries-2.0.8.tgz. Extracting by manifest.
1444 silly tarball no local data for object.values@https://registry.npmjs.org/object.values/-/object.values-1.2.1.tgz. Extracting by manifest.
1445 silly tarball no local data for object.assign@https://registry.npmjs.org/object.assign/-/object.assign-4.1.7.tgz. Extracting by manifest.
1446 silly tarball no local data for object.entries@https://registry.npmjs.org/object.entries/-/object.entries-1.1.9.tgz. Extracting by manifest.
1447 silly tarball no local data for object-keys@https://registry.npmjs.org/object-keys/-/object-keys-1.1.1.tgz. Extracting by manifest.
1448 silly tarball no local data for object-assign@https://registry.npmjs.org/object-assign/-/object-assign-4.1.1.tgz. Extracting by manifest.
1449 silly tarball no local data for node-releases@https://registry.npmjs.org/node-releases/-/node-releases-2.0.27.tgz. Extracting by manifest.
1450 silly tarball no local data for node-exports-info@https://registry.npmjs.org/node-exports-info/-/node-exports-info-1.6.0.tgz. Extracting by manifest.
1451 silly tarball no local data for natural-compare@https://registry.npmjs.org/natural-compare/-/natural-compare-1.4.0.tgz. Extracting by manifest.
1452 silly tarball no local data for nanoid@https://registry.npmjs.org/nanoid/-/nanoid-3.3.11.tgz. Extracting by manifest.
1453 silly tarball no local data for napas-qr@https://registry.npmjs.org/napas-qr/-/napas-qr-1.0.4.tgz. Extracting by manifest.
1454 silly tarball no local data for ms@https://registry.npmjs.org/ms/-/ms-2.1.3.tgz. Extracting by manifest.
1455 silly tarball no local data for motion-utils@https://registry.npmjs.org/motion-utils/-/motion-utils-12.29.2.tgz. Extracting by manifest.
1456 silly tarball no local data for motion-dom@https://registry.npmjs.org/motion-dom/-/motion-dom-12.29.2.tgz. Extracting by manifest.
1457 silly tarball no local data for minipass@https://registry.npmjs.org/minipass/-/minipass-7.1.2.tgz. Extracting by manifest.
1458 silly tarball no local data for min-indent@https://registry.npmjs.org/min-indent/-/min-indent-1.0.1.tgz. Extracting by manifest.
1459 silly tarball no local data for mdurl@https://registry.npmjs.org/mdurl/-/mdurl-2.0.0.tgz. Extracting by manifest.
1460 silly tarball no local data for mdn-data@https://registry.npmjs.org/mdn-data/-/mdn-data-2.27.1.tgz. Extracting by manifest.
1461 silly tarball no local data for math-intrinsics@https://registry.npmjs.org/math-intrinsics/-/math-intrinsics-1.1.0.tgz. Extracting by manifest.
1462 silly tarball no local data for markdown-it@https://registry.npmjs.org/markdown-it/-/markdown-it-14.1.1.tgz. Extracting by manifest.
1463 silly tarball no local data for object-inspect@https://registry.npmjs.org/object-inspect/-/object-inspect-1.13.4.tgz. Extracting by manifest.
1464 silly tarball no local data for magic-string@https://registry.npmjs.org/magic-string/-/magic-string-0.30.21.tgz. Extracting by manifest.
1465 silly tarball no local data for lucide-react@https://registry.npmjs.org/lucide-react/-/lucide-react-0.563.0.tgz. Extracting by manifest.
1466 silly tarball no local data for lz-string@https://registry.npmjs.org/lz-string/-/lz-string-1.5.0.tgz. Extracting by manifest.
1467 silly tarball no local data for loose-envify@https://registry.npmjs.org/loose-envify/-/loose-envify-1.4.0.tgz. Extracting by manifest.
1468 silly tarball no local data for lodash.sortby@https://registry.npmjs.org/lodash.sortby/-/lodash.sortby-4.7.0.tgz. Extracting by manifest.
1469 silly tarball no local data for lodash.debounce@https://registry.npmjs.org/lodash.debounce/-/lodash.debounce-4.0.8.tgz. Extracting by manifest.
1470 silly tarball no local data for lodash@https://registry.npmjs.org/lodash/-/lodash-4.17.23.tgz. Extracting by manifest.
1471 silly tarball no local data for lru-cache@https://registry.npmjs.org/lru-cache/-/lru-cache-5.1.1.tgz. Extracting by manifest.
1472 silly tarball no local data for locate-path@https://registry.npmjs.org/locate-path/-/locate-path-6.0.0.tgz. Extracting by manifest.
1473 silly tarball no local data for linkifyjs@https://registry.npmjs.org/linkifyjs/-/linkifyjs-4.3.2.tgz. Extracting by manifest.
1474 silly tarball no local data for linkify-it@https://registry.npmjs.org/linkify-it/-/linkify-it-5.0.0.tgz. Extracting by manifest.
1475 silly tarball no local data for lightningcss@https://registry.npmjs.org/lightningcss/-/lightningcss-1.30.2.tgz. Extracting by manifest.
1476 silly tarball no local data for levn@https://registry.npmjs.org/levn/-/levn-0.4.1.tgz. Extracting by manifest.
1477 silly tarball no local data for leven@https://registry.npmjs.org/leven/-/leven-3.1.0.tgz. Extracting by manifest.
1478 silly tarball no local data for leaflet@https://registry.npmjs.org/leaflet/-/leaflet-1.9.4.tgz. Extracting by manifest.
1479 silly tarball no local data for language-subtag-registry@https://registry.npmjs.org/language-subtag-registry/-/language-subtag-registry-0.3.23.tgz. Extracting by manifest.
1480 silly tarball no local data for language-tags@https://registry.npmjs.org/language-tags/-/language-tags-1.0.9.tgz. Extracting by manifest.
1481 silly tarball no local data for keyv@https://registry.npmjs.org/keyv/-/keyv-4.5.4.tgz. Extracting by manifest.
1482 silly tarball no local data for jsx-ast-utils@https://registry.npmjs.org/jsx-ast-utils/-/jsx-ast-utils-3.3.5.tgz. Extracting by manifest.
1483 silly tarball no local data for jspdf-autotable@https://registry.npmjs.org/jspdf-autotable/-/jspdf-autotable-5.0.7.tgz. Extracting by manifest.
1484 silly tarball no local data for jspdf@https://registry.npmjs.org/jspdf/-/jspdf-4.1.0.tgz. Extracting by manifest.
1485 silly tarball no local data for jsonpointer@https://registry.npmjs.org/jsonpointer/-/jsonpointer-5.0.1.tgz. Extracting by manifest.
1486 silly tarball no local data for jsonfile@https://registry.npmjs.org/jsonfile/-/jsonfile-6.2.0.tgz. Extracting by manifest.
1487 silly tarball no local data for json5@https://registry.npmjs.org/json5/-/json5-2.2.3.tgz. Extracting by manifest.
1488 silly tarball no local data for lightningcss-darwin-x64@https://registry.npmjs.org/lightningcss-darwin-x64/-/lightningcss-darwin-x64-1.30.2.tgz. Extracting by manifest.
1489 silly tarball no local data for json-stable-stringify-without-jsonify@https://registry.npmjs.org/json-stable-stringify-without-jsonify/-/json-stable-stringify-without-jsonify-1.0.1.tgz. Extracting by manifest.
1490 silly tarball no local data for json-schema-traverse@https://registry.npmjs.org/json-schema-traverse/-/json-schema-traverse-1.0.0.tgz. Extracting by manifest.
1491 silly tarball no local data for json-schema@https://registry.npmjs.org/json-schema/-/json-schema-0.4.0.tgz. Extracting by manifest.
1492 silly tarball no local data for json-buffer@https://registry.npmjs.org/json-buffer/-/json-buffer-3.0.1.tgz. Extracting by manifest.
1493 silly tarball no local data for jsesc@https://registry.npmjs.org/jsesc/-/jsesc-3.1.0.tgz. Extracting by manifest.
1494 silly tarball no local data for jsdom@https://registry.npmjs.org/jsdom/-/jsdom-29.0.1.tgz. Extracting by manifest.
1495 silly tarball no local data for js-tokens@https://registry.npmjs.org/js-tokens/-/js-tokens-4.0.0.tgz. Extracting by manifest.
1496 silly tarball no local data for jiti@https://registry.npmjs.org/jiti/-/jiti-2.6.1.tgz. Extracting by manifest.
1497 silly tarball no local data for iterator.prototype@https://registry.npmjs.org/iterator.prototype/-/iterator.prototype-1.1.5.tgz. Extracting by manifest.
1498 silly tarball no local data for isexe@https://registry.npmjs.org/isexe/-/isexe-2.0.0.tgz. Extracting by manifest.
1499 silly tarball no local data for path-key@https://registry.npmjs.org/path-key/-/path-key-3.1.1.tgz. Extracting by manifest.
1500 silly tarball no local data for jake@https://registry.npmjs.org/jake/-/jake-10.9.4.tgz. Extracting by manifest.
1501 silly tarball no local data for isarray@https://registry.npmjs.org/isarray/-/isarray-2.0.5.tgz. Extracting by manifest.
1502 silly tarball no local data for is-weakmap@https://registry.npmjs.org/is-weakmap/-/is-weakmap-2.0.2.tgz. Extracting by manifest.
1503 silly tarball no local data for is-weakref@https://registry.npmjs.org/is-weakref/-/is-weakref-1.1.1.tgz. Extracting by manifest.
1504 silly tarball no local data for is-typed-array@https://registry.npmjs.org/is-typed-array/-/is-typed-array-1.1.15.tgz. Extracting by manifest.
1505 silly tarball no local data for is-string@https://registry.npmjs.org/is-string/-/is-string-1.1.1.tgz. Extracting by manifest.
1506 silly tarball no local data for is-symbol@https://registry.npmjs.org/is-symbol/-/is-symbol-1.1.1.tgz. Extracting by manifest.
1507 silly tarball no local data for is-stream@https://registry.npmjs.org/is-stream/-/is-stream-2.0.1.tgz. Extracting by manifest.
1508 silly tarball no local data for is-set@https://registry.npmjs.org/is-set/-/is-set-2.0.3.tgz. Extracting by manifest.
1509 silly tarball no local data for is-shared-array-buffer@https://registry.npmjs.org/is-shared-array-buffer/-/is-shared-array-buffer-1.0.4.tgz. Extracting by manifest.
1510 silly tarball no local data for is-regex@https://registry.npmjs.org/is-regex/-/is-regex-1.2.1.tgz. Extracting by manifest.
1511 silly tarball no local data for is-regexp@https://registry.npmjs.org/is-regexp/-/is-regexp-1.0.0.tgz. Extracting by manifest.
1512 silly tarball no local data for is-potential-custom-element-name@https://registry.npmjs.org/is-potential-custom-element-name/-/is-potential-custom-element-name-1.0.1.tgz. Extracting by manifest.
1513 silly tarball no local data for is-obj@https://registry.npmjs.org/is-obj/-/is-obj-1.0.1.tgz. Extracting by manifest.
1514 silly tarball no local data for is-number-object@https://registry.npmjs.org/is-number-object/-/is-number-object-1.1.1.tgz. Extracting by manifest.
1515 silly tarball no local data for is-map@https://registry.npmjs.org/is-map/-/is-map-2.0.3.tgz. Extracting by manifest.
1516 silly tarball no local data for is-negative-zero@https://registry.npmjs.org/is-negative-zero/-/is-negative-zero-2.0.3.tgz. Extracting by manifest.
1517 silly tarball no local data for is-module@https://registry.npmjs.org/is-module/-/is-module-1.0.0.tgz. Extracting by manifest.
1518 silly tarball no local data for is-glob@https://registry.npmjs.org/is-glob/-/is-glob-4.0.3.tgz. Extracting by manifest.
1519 silly tarball no local data for is-generator-function@https://registry.npmjs.org/is-generator-function/-/is-generator-function-1.1.2.tgz. Extracting by manifest.
1520 silly tarball no local data for is-fullwidth-code-point@https://registry.npmjs.org/is-fullwidth-code-point/-/is-fullwidth-code-point-3.0.0.tgz. Extracting by manifest.
1521 silly tarball no local data for is-finalizationregistry@https://registry.npmjs.org/is-finalizationregistry/-/is-finalizationregistry-1.1.1.tgz. Extracting by manifest.
1522 silly tarball no local data for is-date-object@https://registry.npmjs.org/is-date-object/-/is-date-object-1.1.0.tgz. Extracting by manifest.
1523 silly tarball no local data for is-extglob@https://registry.npmjs.org/is-extglob/-/is-extglob-2.1.1.tgz. Extracting by manifest.
1524 silly tarball no local data for is-core-module@https://registry.npmjs.org/is-core-module/-/is-core-module-2.16.1.tgz. Extracting by manifest.
1525 silly tarball no local data for is-data-view@https://registry.npmjs.org/is-data-view/-/is-data-view-1.0.2.tgz. Extracting by manifest.
1526 silly tarball no local data for is-callable@https://registry.npmjs.org/is-callable/-/is-callable-1.2.7.tgz. Extracting by manifest.
1527 silly tarball no local data for is-boolean-object@https://registry.npmjs.org/is-boolean-object/-/is-boolean-object-1.2.2.tgz. Extracting by manifest.
1528 silly tarball no local data for is-weakset@https://registry.npmjs.org/is-weakset/-/is-weakset-2.0.4.tgz. Extracting by manifest.
1529 silly tarball no local data for is-bigint@https://registry.npmjs.org/is-bigint/-/is-bigint-1.1.0.tgz. Extracting by manifest.
1530 silly tarball no local data for is-async-function@https://registry.npmjs.org/is-async-function/-/is-async-function-2.1.1.tgz. Extracting by manifest.
1531 silly tarball no local data for iobuffer@https://registry.npmjs.org/iobuffer/-/iobuffer-5.4.0.tgz. Extracting by manifest.
1532 silly tarball no local data for is-array-buffer@https://registry.npmjs.org/is-array-buffer/-/is-array-buffer-3.0.5.tgz. Extracting by manifest.
1533 silly tarball no local data for internmap@https://registry.npmjs.org/internmap/-/internmap-2.0.3.tgz. Extracting by manifest.
1534 silly tarball no local data for indent-string@https://registry.npmjs.org/indent-string/-/indent-string-4.0.0.tgz. Extracting by manifest.
1535 silly tarball no local data for imurmurhash@https://registry.npmjs.org/imurmurhash/-/imurmurhash-0.1.4.tgz. Extracting by manifest.
1536 silly tarball no local data for internal-slot@https://registry.npmjs.org/internal-slot/-/internal-slot-1.1.0.tgz. Extracting by manifest.
1537 silly tarball no local data for ignore@https://registry.npmjs.org/ignore/-/ignore-5.3.2.tgz. Extracting by manifest.
1538 silly tarball no local data for immer@https://registry.npmjs.org/immer/-/immer-10.2.0.tgz. Extracting by manifest.
1539 silly tarball no local data for idb@https://registry.npmjs.org/idb/-/idb-7.1.1.tgz. Extracting by manifest.
1540 silly tarball no local data for ieee754@https://registry.npmjs.org/ieee754/-/ieee754-1.2.1.tgz. Extracting by manifest.
1541 silly tarball no local data for iceberg-js@https://registry.npmjs.org/iceberg-js/-/iceberg-js-0.8.1.tgz. Extracting by manifest.
1542 silly tarball no local data for html2canvas@https://registry.npmjs.org/html2canvas/-/html2canvas-1.4.1.tgz. Extracting by manifest.
1543 silly tarball no local data for hermes-parser@https://registry.npmjs.org/hermes-parser/-/hermes-parser-0.25.1.tgz. Extracting by manifest.
1544 silly tarball no local data for hermes-estree@https://registry.npmjs.org/hermes-estree/-/hermes-estree-0.25.1.tgz. Extracting by manifest.
1545 silly tarball no local data for hasown@https://registry.npmjs.org/hasown/-/hasown-2.0.2.tgz. Extracting by manifest.
1546 silly tarball no local data for html-encoding-sniffer@https://registry.npmjs.org/html-encoding-sniffer/-/html-encoding-sniffer-6.0.0.tgz. Extracting by manifest.
1547 silly tarball no local data for has-tostringtag@https://registry.npmjs.org/has-tostringtag/-/has-tostringtag-1.0.2.tgz. Extracting by manifest.
1548 silly tarball no local data for has-symbols@https://registry.npmjs.org/has-symbols/-/has-symbols-1.1.0.tgz. Extracting by manifest.
1549 silly tarball no local data for has-proto@https://registry.npmjs.org/has-proto/-/has-proto-1.2.0.tgz. Extracting by manifest.
1550 silly tarball no local data for has-property-descriptors@https://registry.npmjs.org/has-property-descriptors/-/has-property-descriptors-1.0.2.tgz. Extracting by manifest.
1551 silly tarball no local data for has-bigints@https://registry.npmjs.org/has-bigints/-/has-bigints-1.1.0.tgz. Extracting by manifest.
1552 silly tarball no local data for graceful-fs@https://registry.npmjs.org/graceful-fs/-/graceful-fs-4.2.11.tgz. Extracting by manifest.
1553 silly tarball no local data for gopd@https://registry.npmjs.org/gopd/-/gopd-1.2.0.tgz. Extracting by manifest.
1554 silly tarball no local data for globalthis@https://registry.npmjs.org/globalthis/-/globalthis-1.0.4.tgz. Extracting by manifest.
1555 silly tarball no local data for glob-parent@https://registry.npmjs.org/glob-parent/-/glob-parent-6.0.2.tgz. Extracting by manifest.
1556 silly tarball no local data for get-symbol-description@https://registry.npmjs.org/get-symbol-description/-/get-symbol-description-1.1.0.tgz. Extracting by manifest.
1557 silly tarball no local data for get-proto@https://registry.npmjs.org/get-proto/-/get-proto-1.0.1.tgz. Extracting by manifest.
1558 silly tarball no local data for get-own-enumerable-property-symbols@https://registry.npmjs.org/get-own-enumerable-property-symbols/-/get-own-enumerable-property-symbols-3.0.2.tgz. Extracting by manifest.
1559 silly tarball no local data for get-intrinsic@https://registry.npmjs.org/get-intrinsic/-/get-intrinsic-1.3.0.tgz. Extracting by manifest.
1560 silly tarball no local data for get-caller-file@https://registry.npmjs.org/get-caller-file/-/get-caller-file-2.0.5.tgz. Extracting by manifest.
1561 silly tarball no local data for gensync@https://registry.npmjs.org/gensync/-/gensync-1.0.0-beta.2.tgz. Extracting by manifest.
1562 silly tarball no local data for functions-have-names@https://registry.npmjs.org/functions-have-names/-/functions-have-names-1.2.3.tgz. Extracting by manifest.
1563 silly tarball no local data for function.prototype.name@https://registry.npmjs.org/function.prototype.name/-/function.prototype.name-1.1.8.tgz. Extracting by manifest.
1564 silly tarball no local data for function-bind@https://registry.npmjs.org/function-bind/-/function-bind-1.1.2.tgz. Extracting by manifest.
1565 silly tarball no local data for fsevents@https://registry.npmjs.org/fsevents/-/fsevents-2.3.3.tgz. Extracting by manifest.
1566 silly tarball no local data for framer-motion@https://registry.npmjs.org/framer-motion/-/framer-motion-12.29.2.tgz. Extracting by manifest.
1567 silly tarball no local data for fs-extra@https://registry.npmjs.org/fs-extra/-/fs-extra-9.1.0.tgz. Extracting by manifest.
1568 silly tarball no local data for frac@https://registry.npmjs.org/frac/-/frac-1.1.2.tgz. Extracting by manifest.
1569 silly tarball no local data for foreground-child@https://registry.npmjs.org/foreground-child/-/foreground-child-3.3.1.tgz. Extracting by manifest.
1570 silly tarball no local data for for-each@https://registry.npmjs.org/for-each/-/for-each-0.3.5.tgz. Extracting by manifest.
1571 silly tarball no local data for flatted@https://registry.npmjs.org/flatted/-/flatted-3.3.3.tgz. Extracting by manifest.
1572 silly tarball no local data for follow-redirects@https://registry.npmjs.org/follow-redirects/-/follow-redirects-1.15.11.tgz. Extracting by manifest.
1573 silly tarball no local data for flat-cache@https://registry.npmjs.org/flat-cache/-/flat-cache-4.0.1.tgz. Extracting by manifest.
1574 silly tarball no local data for find-up@https://registry.npmjs.org/find-up/-/find-up-5.0.0.tgz. Extracting by manifest.
1575 silly tarball no local data for filelist@https://registry.npmjs.org/filelist/-/filelist-1.0.4.tgz. Extracting by manifest.
1576 silly tarball no local data for fflate@https://registry.npmjs.org/fflate/-/fflate-0.8.2.tgz. Extracting by manifest.
1577 silly tarball no local data for file-entry-cache@https://registry.npmjs.org/file-entry-cache/-/file-entry-cache-8.0.0.tgz. Extracting by manifest.
1578 silly tarball no local data for fdir@https://registry.npmjs.org/fdir/-/fdir-6.5.0.tgz. Extracting by manifest.
1579 silly tarball no local data for fast-uri@https://registry.npmjs.org/fast-uri/-/fast-uri-3.1.0.tgz. Extracting by manifest.
1580 silly tarball no local data for fast-png@https://registry.npmjs.org/fast-png/-/fast-png-6.4.0.tgz. Extracting by manifest.
1581 silly tarball no local data for fast-levenshtein@https://registry.npmjs.org/fast-levenshtein/-/fast-levenshtein-2.0.6.tgz. Extracting by manifest.
1582 silly tarball no local data for fast-json-stable-stringify@https://registry.npmjs.org/fast-json-stable-stringify/-/fast-json-stable-stringify-2.1.0.tgz. Extracting by manifest.
1583 silly tarball no local data for fast-equals@https://registry.npmjs.org/fast-equals/-/fast-equals-5.4.0.tgz. Extracting by manifest.
1584 silly tarball no local data for fraction.js@https://registry.npmjs.org/fraction.js/-/fraction.js-5.3.4.tgz. Extracting by manifest.
1585 silly tarball no local data for fast-deep-equal@https://registry.npmjs.org/fast-deep-equal/-/fast-deep-equal-3.1.3.tgz. Extracting by manifest.
1586 silly tarball no local data for expect-type@https://registry.npmjs.org/expect-type/-/expect-type-1.3.0.tgz. Extracting by manifest.
1587 silly tarball no local data for esutils@https://registry.npmjs.org/esutils/-/esutils-2.0.3.tgz. Extracting by manifest.
1588 silly tarball no local data for eventemitter3@https://registry.npmjs.org/eventemitter3/-/eventemitter3-5.0.4.tgz. Extracting by manifest.
1589 silly tarball no local data for esquery@https://registry.npmjs.org/esquery/-/esquery-1.7.0.tgz. Extracting by manifest.
1590 silly tarball no local data for estree-walker@https://registry.npmjs.org/estree-walker/-/estree-walker-3.0.3.tgz. Extracting by manifest.
1591 silly tarball no local data for estraverse@https://registry.npmjs.org/estraverse/-/estraverse-5.3.0.tgz. Extracting by manifest.
1592 silly tarball no local data for eslint-visitor-keys@https://registry.npmjs.org/eslint-visitor-keys/-/eslint-visitor-keys-5.0.1.tgz. Extracting by manifest.
1593 silly tarball no local data for eslint-plugin-react-hooks@https://registry.npmjs.org/eslint-plugin-react-hooks/-/eslint-plugin-react-hooks-7.0.1.tgz. Extracting by manifest.
1594 silly tarball no local data for eslint-plugin-jsx-a11y@https://registry.npmjs.org/eslint-plugin-jsx-a11y/-/eslint-plugin-jsx-a11y-6.10.2.tgz. Extracting by manifest.
1595 silly tarball no local data for eslint-plugin-react@https://registry.npmjs.org/eslint-plugin-react/-/eslint-plugin-react-7.37.5.tgz. Extracting by manifest.
1596 silly tarball no local data for eslint-config-prettier@https://registry.npmjs.org/eslint-config-prettier/-/eslint-config-prettier-10.1.8.tgz. Extracting by manifest.
1597 silly tarball no local data for escape-string-regexp@https://registry.npmjs.org/escape-string-regexp/-/escape-string-regexp-4.0.0.tgz. Extracting by manifest.
1598 silly tarball no local data for escalade@https://registry.npmjs.org/escalade/-/escalade-3.2.0.tgz. Extracting by manifest.
1599 silly tarball no local data for es-toolkit@https://registry.npmjs.org/es-toolkit/-/es-toolkit-1.44.0.tgz. Extracting by manifest.
1600 silly tarball no local data for esbuild@https://registry.npmjs.org/esbuild/-/esbuild-0.27.2.tgz. Extracting by manifest.
1601 silly tarball no local data for es-to-primitive@https://registry.npmjs.org/es-to-primitive/-/es-to-primitive-1.3.0.tgz. Extracting by manifest.
1602 silly tarball no local data for es-shim-unscopables@https://registry.npmjs.org/es-shim-unscopables/-/es-shim-unscopables-1.1.0.tgz. Extracting by manifest.
1603 silly tarball no local data for es-set-tostringtag@https://registry.npmjs.org/es-set-tostringtag/-/es-set-tostringtag-2.1.0.tgz. Extracting by manifest.
1604 silly tarball no local data for es-iterator-helpers@https://registry.npmjs.org/es-iterator-helpers/-/es-iterator-helpers-1.2.2.tgz. Extracting by manifest.
1605 silly tarball no local data for es-module-lexer@https://registry.npmjs.org/es-module-lexer/-/es-module-lexer-1.7.0.tgz. Extracting by manifest.
1606 silly tarball no local data for es-errors@https://registry.npmjs.org/es-errors/-/es-errors-1.3.0.tgz. Extracting by manifest.
1607 silly tarball no local data for es-define-property@https://registry.npmjs.org/es-define-property/-/es-define-property-1.0.1.tgz. Extracting by manifest.
1608 silly tarball no local data for es-object-atoms@https://registry.npmjs.org/es-object-atoms/-/es-object-atoms-1.1.1.tgz. Extracting by manifest.
1609 silly tarball no local data for entities@https://registry.npmjs.org/entities/-/entities-4.5.0.tgz. Extracting by manifest.
1610 silly tarball no local data for es-abstract@https://registry.npmjs.org/es-abstract/-/es-abstract-1.24.1.tgz. Extracting by manifest.
1611 silly tarball no local data for enhanced-resolve@https://registry.npmjs.org/enhanced-resolve/-/enhanced-resolve-5.18.4.tgz. Extracting by manifest.
1612 silly tarball no local data for emoji-regex@https://registry.npmjs.org/emoji-regex/-/emoji-regex-9.2.2.tgz. Extracting by manifest.
1613 silly tarball no local data for electron-to-chromium@https://registry.npmjs.org/electron-to-chromium/-/electron-to-chromium-1.5.283.tgz. Extracting by manifest.
1614 silly tarball no local data for dunder-proto@https://registry.npmjs.org/dunder-proto/-/dunder-proto-1.0.1.tgz. Extracting by manifest.
1615 silly tarball no local data for ejs@https://registry.npmjs.org/ejs/-/ejs-3.1.10.tgz. Extracting by manifest.
1616 silly tarball no local data for dom-accessibility-api@https://registry.npmjs.org/dom-accessibility-api/-/dom-accessibility-api-0.6.3.tgz. Extracting by manifest.
1617 silly tarball no local data for doctrine@https://registry.npmjs.org/doctrine/-/doctrine-2.1.0.tgz. Extracting by manifest.
1618 silly tarball no local data for dijkstrajs@https://registry.npmjs.org/dijkstrajs/-/dijkstrajs-1.0.3.tgz. Extracting by manifest.
1619 silly tarball no local data for detect-libc@https://registry.npmjs.org/detect-libc/-/detect-libc-2.1.2.tgz. Extracting by manifest.
1620 silly tarball no local data for dompurify@https://registry.npmjs.org/dompurify/-/dompurify-3.3.1.tgz. Extracting by manifest.
1621 silly tarball no local data for dequal@https://registry.npmjs.org/dequal/-/dequal-2.0.3.tgz. Extracting by manifest.
1622 silly tarball no local data for define-properties@https://registry.npmjs.org/define-properties/-/define-properties-1.2.1.tgz. Extracting by manifest.
1623 silly tarball no local data for define-data-property@https://registry.npmjs.org/define-data-property/-/define-data-property-1.1.4.tgz. Extracting by manifest.
1624 silly tarball no local data for deep-is@https://registry.npmjs.org/deep-is/-/deep-is-0.1.4.tgz. Extracting by manifest.
1625 silly tarball no local data for deepmerge@https://registry.npmjs.org/deepmerge/-/deepmerge-4.3.1.tgz. Extracting by manifest.
1626 silly tarball no local data for decimal.js-light@https://registry.npmjs.org/decimal.js-light/-/decimal.js-light-2.5.1.tgz. Extracting by manifest.
1627 silly tarball no local data for decimal.js@https://registry.npmjs.org/decimal.js/-/decimal.js-10.6.0.tgz. Extracting by manifest.
1628 silly tarball no local data for decamelize@https://registry.npmjs.org/decamelize/-/decamelize-1.2.0.tgz. Extracting by manifest.
1629 silly tarball no local data for dayjs@https://registry.npmjs.org/dayjs/-/dayjs-1.11.19.tgz. Extracting by manifest.
1630 silly tarball no local data for debug@https://registry.npmjs.org/debug/-/debug-4.4.3.tgz. Extracting by manifest.
1631 silly tarball no local data for data-view-byte-offset@https://registry.npmjs.org/data-view-byte-offset/-/data-view-byte-offset-1.0.1.tgz. Extracting by manifest.
1632 silly tarball no local data for data-view-byte-length@https://registry.npmjs.org/data-view-byte-length/-/data-view-byte-length-1.0.2.tgz. Extracting by manifest.
1633 silly tarball no local data for data-urls@https://registry.npmjs.org/data-urls/-/data-urls-7.0.0.tgz. Extracting by manifest.
1634 silly tarball no local data for damerau-levenshtein@https://registry.npmjs.org/damerau-levenshtein/-/damerau-levenshtein-1.0.8.tgz. Extracting by manifest.
1635 silly tarball no local data for d3-timer@https://registry.npmjs.org/d3-timer/-/d3-timer-3.0.1.tgz. Extracting by manifest.
1636 silly tarball no local data for d3-time@https://registry.npmjs.org/d3-time/-/d3-time-3.1.0.tgz. Extracting by manifest.
1637 silly tarball no local data for d3-time-format@https://registry.npmjs.org/d3-time-format/-/d3-time-format-4.1.0.tgz. Extracting by manifest.
1638 silly tarball no local data for d3-shape@https://registry.npmjs.org/d3-shape/-/d3-shape-3.2.0.tgz. Extracting by manifest.
1639 silly tarball no local data for d3-scale@https://registry.npmjs.org/d3-scale/-/d3-scale-4.0.2.tgz. Extracting by manifest.
1640 silly tarball no local data for d3-path@https://registry.npmjs.org/d3-path/-/d3-path-3.1.0.tgz. Extracting by manifest.
1641 silly tarball no local data for d3-interpolate@https://registry.npmjs.org/d3-interpolate/-/d3-interpolate-3.0.1.tgz. Extracting by manifest.
1642 silly tarball no local data for d3-format@https://registry.npmjs.org/d3-format/-/d3-format-3.1.2.tgz. Extracting by manifest.
1643 silly tarball no local data for d3-color@https://registry.npmjs.org/d3-color/-/d3-color-3.1.0.tgz. Extracting by manifest.
1644 silly tarball no local data for d3-ease@https://registry.npmjs.org/d3-ease/-/d3-ease-3.0.1.tgz. Extracting by manifest.
1645 silly tarball no local data for d3-array@https://registry.npmjs.org/d3-array/-/d3-array-3.2.4.tgz. Extracting by manifest.
1646 silly tarball no local data for css-tree@https://registry.npmjs.org/css-tree/-/css-tree-3.2.1.tgz. Extracting by manifest.
1647 silly tarball no local data for css.escape@https://registry.npmjs.org/css.escape/-/css.escape-1.5.1.tgz. Extracting by manifest.
1648 silly tarball no local data for css-line-break@https://registry.npmjs.org/css-line-break/-/css-line-break-2.1.0.tgz. Extracting by manifest.
1649 silly tarball no local data for crypto-random-string@https://registry.npmjs.org/crypto-random-string/-/crypto-random-string-2.0.0.tgz. Extracting by manifest.
1650 silly tarball no local data for crypto-js@https://registry.npmjs.org/crypto-js/-/crypto-js-4.2.0.tgz. Extracting by manifest.
1651 silly tarball no local data for crelt@https://registry.npmjs.org/crelt/-/crelt-1.0.6.tgz. Extracting by manifest.
1652 silly tarball no local data for cross-spawn@https://registry.npmjs.org/cross-spawn/-/cross-spawn-7.0.6.tgz. Extracting by manifest.
1653 silly tarball no local data for crc-32@https://registry.npmjs.org/crc-32/-/crc-32-1.2.2.tgz. Extracting by manifest.
1654 silly tarball no local data for core-js-compat@https://registry.npmjs.org/core-js-compat/-/core-js-compat-3.48.0.tgz. Extracting by manifest.
1655 silly tarball no local data for crc@https://registry.npmjs.org/crc/-/crc-4.3.2.tgz. Extracting by manifest.
1656 silly tarball no local data for core-js@https://registry.npmjs.org/core-js/-/core-js-3.48.0.tgz. Extracting by manifest.
1657 silly tarball no local data for cookie@https://registry.npmjs.org/cookie/-/cookie-1.1.1.tgz. Extracting by manifest.
1658 silly tarball no local data for convert-source-map@https://registry.npmjs.org/convert-source-map/-/convert-source-map-2.0.0.tgz. Extracting by manifest.
1659 silly tarball no local data for color-name@https://registry.npmjs.org/color-name/-/color-name-1.1.4.tgz. Extracting by manifest.
1660 silly tarball no local data for commander@https://registry.npmjs.org/commander/-/commander-2.20.3.tgz. Extracting by manifest.
1661 silly tarball no local data for codepage@https://registry.npmjs.org/codepage/-/codepage-1.15.0.tgz. Extracting by manifest.
1662 silly tarball no local data for color-convert@https://registry.npmjs.org/color-convert/-/color-convert-2.0.1.tgz. Extracting by manifest.
1663 silly tarball no local data for clsx@https://registry.npmjs.org/clsx/-/clsx-2.1.1.tgz. Extracting by manifest.
1664 silly tarball no local data for cliui@https://registry.npmjs.org/cliui/-/cliui-6.0.0.tgz. Extracting by manifest.
1665 silly tarball no local data for chai@https://registry.npmjs.org/chai/-/chai-6.2.2.tgz. Extracting by manifest.
1666 silly tarball no local data for canvg@https://registry.npmjs.org/canvg/-/canvg-3.0.11.tgz. Extracting by manifest.
1667 silly tarball no local data for cfb@https://registry.npmjs.org/cfb/-/cfb-1.2.2.tgz. Extracting by manifest.
1668 silly tarball no local data for data-view-buffer@https://registry.npmjs.org/data-view-buffer/-/data-view-buffer-1.0.2.tgz. Extracting by manifest.
1669 silly tarball no local data for caniuse-lite@https://registry.npmjs.org/caniuse-lite/-/caniuse-lite-1.0.30001766.tgz. Extracting by manifest.
1670 silly tarball no local data for common-tags@https://registry.npmjs.org/common-tags/-/common-tags-1.8.2.tgz. Extracting by manifest.
1671 silly tarball no local data for call-bind-apply-helpers@https://registry.npmjs.org/call-bind-apply-helpers/-/call-bind-apply-helpers-1.0.2.tgz. Extracting by manifest.
1672 silly tarball no local data for call-bound@https://registry.npmjs.org/call-bound/-/call-bound-1.0.4.tgz. Extracting by manifest.
1673 silly tarball no local data for buffer-from@https://registry.npmjs.org/buffer-from/-/buffer-from-1.1.2.tgz. Extracting by manifest.
1674 silly tarball no local data for camelcase@https://registry.npmjs.org/camelcase/-/camelcase-5.3.1.tgz. Extracting by manifest.
1675 silly tarball no local data for buffer@https://registry.npmjs.org/buffer/-/buffer-6.0.3.tgz. Extracting by manifest.
1676 silly tarball no local data for brace-expansion@https://registry.npmjs.org/brace-expansion/-/brace-expansion-2.0.2.tgz. Extracting by manifest.
1677 silly tarball no local data for browserslist@https://registry.npmjs.org/browserslist/-/browserslist-4.28.1.tgz. Extracting by manifest.
1678 silly tarball no local data for bidi-js@https://registry.npmjs.org/bidi-js/-/bidi-js-1.0.3.tgz. Extracting by manifest.
1679 silly tarball no local data for base64-js@https://registry.npmjs.org/base64-js/-/base64-js-1.5.1.tgz. Extracting by manifest.
1680 silly tarball no local data for baseline-browser-mapping@https://registry.npmjs.org/baseline-browser-mapping/-/baseline-browser-mapping-2.9.19.tgz. Extracting by manifest.
1681 silly tarball no local data for base64-arraybuffer@https://registry.npmjs.org/base64-arraybuffer/-/base64-arraybuffer-1.0.2.tgz. Extracting by manifest.
1682 silly tarball no local data for balanced-match@https://registry.npmjs.org/balanced-match/-/balanced-match-1.0.2.tgz. Extracting by manifest.
1683 silly tarball no local data for call-bind@https://registry.npmjs.org/call-bind/-/call-bind-1.0.8.tgz. Extracting by manifest.
1684 silly tarball no local data for babel-plugin-polyfill-corejs3@https://registry.npmjs.org/babel-plugin-polyfill-corejs3/-/babel-plugin-polyfill-corejs3-0.14.0.tgz. Extracting by manifest.
1685 silly tarball no local data for babel-plugin-polyfill-regenerator@https://registry.npmjs.org/babel-plugin-polyfill-regenerator/-/babel-plugin-polyfill-regenerator-0.6.6.tgz. Extracting by manifest.
1686 silly tarball no local data for axobject-query@https://registry.npmjs.org/axobject-query/-/axobject-query-4.1.0.tgz. Extracting by manifest.
1687 silly tarball no local data for babel-plugin-polyfill-corejs2@https://registry.npmjs.org/babel-plugin-polyfill-corejs2/-/babel-plugin-polyfill-corejs2-0.4.15.tgz. Extracting by manifest.
1688 silly tarball no local data for axios@https://registry.npmjs.org/axios/-/axios-0.24.0.tgz. Extracting by manifest.
1689 silly tarball no local data for available-typed-arrays@https://registry.npmjs.org/available-typed-arrays/-/available-typed-arrays-1.0.7.tgz. Extracting by manifest.
1690 silly tarball no local data for axe-core@https://registry.npmjs.org/axe-core/-/axe-core-4.11.1.tgz. Extracting by manifest.
1691 silly tarball no local data for autoprefixer@https://registry.npmjs.org/autoprefixer/-/autoprefixer-10.4.24.tgz. Extracting by manifest.
1692 silly tarball no local data for async-function@https://registry.npmjs.org/async-function/-/async-function-1.0.0.tgz. Extracting by manifest.
1693 silly tarball no local data for at-least-node@https://registry.npmjs.org/at-least-node/-/at-least-node-1.0.0.tgz. Extracting by manifest.
1694 silly tarball no local data for async@https://registry.npmjs.org/async/-/async-3.2.6.tgz. Extracting by manifest.
1695 silly tarball no local data for ast-types-flow@https://registry.npmjs.org/ast-types-flow/-/ast-types-flow-0.0.8.tgz. Extracting by manifest.
1696 silly tarball no local data for arraybuffer.prototype.slice@https://registry.npmjs.org/arraybuffer.prototype.slice/-/arraybuffer.prototype.slice-1.0.4.tgz. Extracting by manifest.
1697 silly tarball no local data for array.prototype.flatmap@https://registry.npmjs.org/array.prototype.flatmap/-/array.prototype.flatmap-1.3.3.tgz. Extracting by manifest.
1698 silly tarball no local data for array.prototype.tosorted@https://registry.npmjs.org/array.prototype.tosorted/-/array.prototype.tosorted-1.1.4.tgz. Extracting by manifest.
1699 silly tarball no local data for array.prototype.flat@https://registry.npmjs.org/array.prototype.flat/-/array.prototype.flat-1.3.3.tgz. Extracting by manifest.
1700 silly tarball no local data for array.prototype.findlast@https://registry.npmjs.org/array.prototype.findlast/-/array.prototype.findlast-1.2.5.tgz. Extracting by manifest.
1701 silly tarball no local data for array-includes@https://registry.npmjs.org/array-includes/-/array-includes-3.1.9.tgz. Extracting by manifest.
1702 silly tarball no local data for aria-query@https://registry.npmjs.org/aria-query/-/aria-query-5.3.2.tgz. Extracting by manifest.
1703 silly tarball no local data for array-buffer-byte-length@https://registry.npmjs.org/array-buffer-byte-length/-/array-buffer-byte-length-1.0.2.tgz. Extracting by manifest.
1704 silly tarball no local data for argparse@https://registry.npmjs.org/argparse/-/argparse-2.0.1.tgz. Extracting by manifest.
1705 silly tarball no local data for ansi-regex@https://registry.npmjs.org/ansi-regex/-/ansi-regex-5.0.1.tgz. Extracting by manifest.
1706 silly tarball no local data for ansi-styles@https://registry.npmjs.org/ansi-styles/-/ansi-styles-5.2.0.tgz. Extracting by manifest.
1707 silly tarball no local data for adler-32@https://registry.npmjs.org/adler-32/-/adler-32-1.3.1.tgz. Extracting by manifest.
1708 silly tarball no local data for acorn@https://registry.npmjs.org/acorn/-/acorn-8.16.0.tgz. Extracting by manifest.
1709 silly tarball no local data for @vitest/utils@https://registry.npmjs.org/@vitest/utils/-/utils-4.0.18.tgz. Extracting by manifest.
1710 silly tarball no local data for @vitest/spy@https://registry.npmjs.org/@vitest/spy/-/spy-4.0.18.tgz. Extracting by manifest.
1711 silly tarball no local data for @vitest/snapshot@https://registry.npmjs.org/@vitest/snapshot/-/snapshot-4.0.18.tgz. Extracting by manifest.
1712 silly tarball no local data for ajv@https://registry.npmjs.org/ajv/-/ajv-8.17.1.tgz. Extracting by manifest.
1713 silly tarball no local data for @vitest/runner@https://registry.npmjs.org/@vitest/runner/-/runner-4.0.18.tgz. Extracting by manifest.
1714 silly tarball no local data for @vitest/pretty-format@https://registry.npmjs.org/@vitest/pretty-format/-/pretty-format-4.0.18.tgz. Extracting by manifest.
1715 silly tarball no local data for @vitest/mocker@https://registry.npmjs.org/@vitest/mocker/-/mocker-4.0.18.tgz. Extracting by manifest.
1716 silly tarball no local data for @vitest/expect@https://registry.npmjs.org/@vitest/expect/-/expect-4.0.18.tgz. Extracting by manifest.
1717 silly tarball no local data for @typescript-eslint/visitor-keys@https://registry.npmjs.org/@typescript-eslint/visitor-keys/-/visitor-keys-8.56.1.tgz. Extracting by manifest.
1718 silly tarball no local data for @vitejs/plugin-react@https://registry.npmjs.org/@vitejs/plugin-react/-/plugin-react-5.1.2.tgz. Extracting by manifest.
1719 silly tarball no local data for @typescript-eslint/utils@https://registry.npmjs.org/@typescript-eslint/utils/-/utils-8.56.1.tgz. Extracting by manifest.
1720 silly tarball no local data for @typescript-eslint/types@https://registry.npmjs.org/@typescript-eslint/types/-/types-8.56.1.tgz. Extracting by manifest.
1721 silly tarball no local data for @typescript-eslint/typescript-estree@https://registry.npmjs.org/@typescript-eslint/typescript-estree/-/typescript-estree-8.56.1.tgz. Extracting by manifest.
1722 silly tarball no local data for @typescript-eslint/type-utils@https://registry.npmjs.org/@typescript-eslint/type-utils/-/type-utils-8.56.1.tgz. Extracting by manifest.
1723 silly tarball no local data for @typescript-eslint/tsconfig-utils@https://registry.npmjs.org/@typescript-eslint/tsconfig-utils/-/tsconfig-utils-8.56.1.tgz. Extracting by manifest.
1724 silly tarball no local data for @typescript-eslint/scope-manager@https://registry.npmjs.org/@typescript-eslint/scope-manager/-/scope-manager-8.56.1.tgz. Extracting by manifest.
1725 silly tarball no local data for @typescript-eslint/parser@https://registry.npmjs.org/@typescript-eslint/parser/-/parser-8.56.1.tgz. Extracting by manifest.
1726 silly tarball no local data for @typescript-eslint/project-service@https://registry.npmjs.org/@typescript-eslint/project-service/-/project-service-8.56.1.tgz. Extracting by manifest.
1727 silly tarball no local data for @typescript-eslint/eslint-plugin@https://registry.npmjs.org/@typescript-eslint/eslint-plugin/-/eslint-plugin-8.56.1.tgz. Extracting by manifest.
1728 silly tarball no local data for @types/ws@https://registry.npmjs.org/@types/ws/-/ws-8.18.1.tgz. Extracting by manifest.
1729 silly tarball no local data for @types/trusted-types@https://registry.npmjs.org/@types/trusted-types/-/trusted-types-2.0.7.tgz. Extracting by manifest.
1730 silly tarball no local data for @types/use-sync-external-store@https://registry.npmjs.org/@types/use-sync-external-store/-/use-sync-external-store-0.0.6.tgz. Extracting by manifest.
1731 silly tarball no local data for @types/resolve@https://registry.npmjs.org/@types/resolve/-/resolve-1.20.2.tgz. Extracting by manifest.
1732 silly tarball no local data for @types/phoenix@https://registry.npmjs.org/@types/phoenix/-/phoenix-1.6.7.tgz. Extracting by manifest.
1733 silly tarball no local data for @types/pako@https://registry.npmjs.org/@types/pako/-/pako-2.0.4.tgz. Extracting by manifest.
1734 silly tarball no local data for @types/node@https://registry.npmjs.org/@types/node/-/node-25.1.0.tgz. Extracting by manifest.
1735 silly tarball no local data for @types/mdurl@https://registry.npmjs.org/@types/mdurl/-/mdurl-2.0.0.tgz. Extracting by manifest.
1736 silly tarball no local data for @types/markdown-it@https://registry.npmjs.org/@types/markdown-it/-/markdown-it-14.1.2.tgz. Extracting by manifest.
1737 silly tarball no local data for @types/linkify-it@https://registry.npmjs.org/@types/linkify-it/-/linkify-it-5.0.0.tgz. Extracting by manifest.
1738 silly tarball no local data for @types/geojson@https://registry.npmjs.org/@types/geojson/-/geojson-7946.0.16.tgz. Extracting by manifest.
1739 silly tarball no local data for @types/estree@https://registry.npmjs.org/@types/estree/-/estree-1.0.8.tgz. Extracting by manifest.
1740 silly tarball no local data for @types/deep-eql@https://registry.npmjs.org/@types/deep-eql/-/deep-eql-4.0.2.tgz. Extracting by manifest.
1741 silly tarball no local data for @types/d3-timer@https://registry.npmjs.org/@types/d3-timer/-/d3-timer-3.0.2.tgz. Extracting by manifest.
1742 silly tarball no local data for @types/leaflet@https://registry.npmjs.org/@types/leaflet/-/leaflet-1.9.21.tgz. Extracting by manifest.
1743 silly tarball no local data for @types/d3-shape@https://registry.npmjs.org/@types/d3-shape/-/d3-shape-3.1.8.tgz. Extracting by manifest.
1744 silly tarball no local data for @types/d3-scale@https://registry.npmjs.org/@types/d3-scale/-/d3-scale-4.0.9.tgz. Extracting by manifest.
1745 silly tarball no local data for @types/d3-path@https://registry.npmjs.org/@types/d3-path/-/d3-path-3.1.1.tgz. Extracting by manifest.
1746 silly tarball no local data for @types/d3-interpolate@https://registry.npmjs.org/@types/d3-interpolate/-/d3-interpolate-3.0.4.tgz. Extracting by manifest.
1747 silly tarball no local data for @types/d3-ease@https://registry.npmjs.org/@types/d3-ease/-/d3-ease-3.0.2.tgz. Extracting by manifest.
1748 silly tarball no local data for @types/d3-color@https://registry.npmjs.org/@types/d3-color/-/d3-color-3.1.3.tgz. Extracting by manifest.
1749 silly tarball no local data for @types/d3-array@https://registry.npmjs.org/@types/d3-array/-/d3-array-3.2.2.tgz. Extracting by manifest.
1750 silly tarball no local data for @types/babel__traverse@https://registry.npmjs.org/@types/babel__traverse/-/babel__traverse-7.28.0.tgz. Extracting by manifest.
1751 silly tarball no local data for @types/chai@https://registry.npmjs.org/@types/chai/-/chai-5.2.3.tgz. Extracting by manifest.
1752 silly tarball no local data for @types/babel__generator@https://registry.npmjs.org/@types/babel__generator/-/babel__generator-7.27.0.tgz. Extracting by manifest.
1753 silly tarball no local data for @types/babel__template@https://registry.npmjs.org/@types/babel__template/-/babel__template-7.4.4.tgz. Extracting by manifest.
1754 silly tarball no local data for @types/aria-query@https://registry.npmjs.org/@types/aria-query/-/aria-query-5.0.4.tgz. Extracting by manifest.
1755 silly tarball no local data for @types/babel__core@https://registry.npmjs.org/@types/babel__core/-/babel__core-7.20.5.tgz. Extracting by manifest.
1756 silly tarball no local data for @tiptap/starter-kit@https://registry.npmjs.org/@tiptap/starter-kit/-/starter-kit-3.20.0.tgz. Extracting by manifest.
1757 silly tarball no local data for @tiptap/pm@https://registry.npmjs.org/@tiptap/pm/-/pm-3.20.0.tgz. Extracting by manifest.
1758 silly tarball no local data for @tiptap/extensions@https://registry.npmjs.org/@tiptap/extensions/-/extensions-3.20.0.tgz. Extracting by manifest.
1759 silly tarball no local data for @tiptap/extension-underline@https://registry.npmjs.org/@tiptap/extension-underline/-/extension-underline-3.20.0.tgz. Extracting by manifest.
1760 silly tarball no local data for @tiptap/react@https://registry.npmjs.org/@tiptap/react/-/react-3.20.0.tgz. Extracting by manifest.
1761 silly tarball no local data for @tiptap/extension-text-style@https://registry.npmjs.org/@tiptap/extension-text-style/-/extension-text-style-3.20.0.tgz. Extracting by manifest.
1762 silly tarball no local data for @tiptap/extension-text@https://registry.npmjs.org/@tiptap/extension-text/-/extension-text-3.20.0.tgz. Extracting by manifest.
1763 silly tarball no local data for @tiptap/extension-table-row@https://registry.npmjs.org/@tiptap/extension-table-row/-/extension-table-row-3.20.0.tgz. Extracting by manifest.
1764 silly tarball no local data for assertion-error@https://registry.npmjs.org/assertion-error/-/assertion-error-2.0.1.tgz. Extracting by manifest.
1765 silly tarball no local data for @tiptap/extension-table-cell@https://registry.npmjs.org/@tiptap/extension-table-cell/-/extension-table-cell-3.20.0.tgz. Extracting by manifest.
1766 silly tarball no local data for @tiptap/extension-table@https://registry.npmjs.org/@tiptap/extension-table/-/extension-table-3.20.0.tgz. Extracting by manifest.
1767 silly tarball no local data for @tiptap/extension-strike@https://registry.npmjs.org/@tiptap/extension-strike/-/extension-strike-3.20.0.tgz. Extracting by manifest.
1768 silly tarball no local data for @tiptap/extension-paragraph@https://registry.npmjs.org/@tiptap/extension-paragraph/-/extension-paragraph-3.20.0.tgz. Extracting by manifest.
1769 silly tarball no local data for @tiptap/extension-list-keymap@https://registry.npmjs.org/@tiptap/extension-list-keymap/-/extension-list-keymap-3.20.0.tgz. Extracting by manifest.
1770 silly tarball no local data for @tiptap/extension-ordered-list@https://registry.npmjs.org/@tiptap/extension-ordered-list/-/extension-ordered-list-3.20.0.tgz. Extracting by manifest.
1771 silly tarball no local data for @tiptap/extension-list-item@https://registry.npmjs.org/@tiptap/extension-list-item/-/extension-list-item-3.20.0.tgz. Extracting by manifest.
1772 silly tarball no local data for @tiptap/extension-list@https://registry.npmjs.org/@tiptap/extension-list/-/extension-list-3.20.0.tgz. Extracting by manifest.
1773 silly tarball no local data for @tiptap/extension-link@https://registry.npmjs.org/@tiptap/extension-link/-/extension-link-3.20.0.tgz. Extracting by manifest.
1774 silly tarball no local data for @types/d3-time@https://registry.npmjs.org/@types/d3-time/-/d3-time-3.0.4.tgz. Extracting by manifest.
1775 silly tarball no local data for @tiptap/extension-italic@https://registry.npmjs.org/@tiptap/extension-italic/-/extension-italic-3.20.0.tgz. Extracting by manifest.
1776 silly tarball no local data for @tiptap/extension-horizontal-rule@https://registry.npmjs.org/@tiptap/extension-horizontal-rule/-/extension-horizontal-rule-3.20.0.tgz. Extracting by manifest.
1777 silly tarball no local data for @tiptap/extension-heading@https://registry.npmjs.org/@tiptap/extension-heading/-/extension-heading-3.20.0.tgz. Extracting by manifest.
1778 silly tarball no local data for @tiptap/extension-gapcursor@https://registry.npmjs.org/@tiptap/extension-gapcursor/-/extension-gapcursor-3.20.0.tgz. Extracting by manifest.
1779 silly tarball no local data for @tiptap/extension-hard-break@https://registry.npmjs.org/@tiptap/extension-hard-break/-/extension-hard-break-3.20.0.tgz. Extracting by manifest.
1780 silly tarball no local data for @tiptap/extension-floating-menu@https://registry.npmjs.org/@tiptap/extension-floating-menu/-/extension-floating-menu-3.20.0.tgz. Extracting by manifest.
1781 silly tarball no local data for @tiptap/extension-dropcursor@https://registry.npmjs.org/@tiptap/extension-dropcursor/-/extension-dropcursor-3.20.0.tgz. Extracting by manifest.
1782 silly tarball no local data for @tiptap/extension-document@https://registry.npmjs.org/@tiptap/extension-document/-/extension-document-3.20.0.tgz. Extracting by manifest.
1783 silly tarball no local data for @tiptap/extension-code@https://registry.npmjs.org/@tiptap/extension-code/-/extension-code-3.20.0.tgz. Extracting by manifest.
1784 silly tarball no local data for @tiptap/extension-code-block@https://registry.npmjs.org/@tiptap/extension-code-block/-/extension-code-block-3.20.0.tgz. Extracting by manifest.
1785 silly tarball no local data for @tiptap/extension-bullet-list@https://registry.npmjs.org/@tiptap/extension-bullet-list/-/extension-bullet-list-3.20.0.tgz. Extracting by manifest.
1786 silly tarball no local data for @tiptap/extension-bubble-menu@https://registry.npmjs.org/@tiptap/extension-bubble-menu/-/extension-bubble-menu-3.20.0.tgz. Extracting by manifest.
1787 silly tarball no local data for @tiptap/extension-blockquote@https://registry.npmjs.org/@tiptap/extension-blockquote/-/extension-blockquote-3.20.0.tgz. Extracting by manifest.
1788 silly tarball no local data for @tiptap/core@https://registry.npmjs.org/@tiptap/core/-/core-3.20.0.tgz. Extracting by manifest.
1789 silly tarball no local data for @testing-library/react@https://registry.npmjs.org/@testing-library/react/-/react-16.3.2.tgz. Extracting by manifest.
1790 silly tarball no local data for @testing-library/jest-dom@https://registry.npmjs.org/@testing-library/jest-dom/-/jest-dom-6.9.1.tgz. Extracting by manifest.
1791 silly tarball no local data for @testing-library/dom@https://registry.npmjs.org/@testing-library/dom/-/dom-10.4.1.tgz. Extracting by manifest.
1792 silly tarball no local data for @tanstack/virtual-core@https://registry.npmjs.org/@tanstack/virtual-core/-/virtual-core-3.13.18.tgz. Extracting by manifest.
1793 silly tarball no local data for @tanstack/react-virtual@https://registry.npmjs.org/@tanstack/react-virtual/-/react-virtual-3.13.18.tgz. Extracting by manifest.
1794 silly tarball no local data for @tanstack/react-query-devtools@https://registry.npmjs.org/@tanstack/react-query-devtools/-/react-query-devtools-5.99.0.tgz. Extracting by manifest.
1795 silly tarball no local data for @tanstack/query-devtools@https://registry.npmjs.org/@tanstack/query-devtools/-/query-devtools-5.99.0.tgz. Extracting by manifest.
1796 silly tarball no local data for @tailwindcss/postcss@https://registry.npmjs.org/@tailwindcss/postcss/-/postcss-4.1.18.tgz. Extracting by manifest.
1797 silly tarball no local data for @tailwindcss/oxide-darwin-x64@https://registry.npmjs.org/@tailwindcss/oxide-darwin-x64/-/oxide-darwin-x64-4.1.18.tgz. Extracting by manifest.
1798 silly tarball no local data for @tailwindcss/oxide@https://registry.npmjs.org/@tailwindcss/oxide/-/oxide-4.1.18.tgz. Extracting by manifest.
1799 silly tarball no local data for @tailwindcss/node@https://registry.npmjs.org/@tailwindcss/node/-/node-4.1.18.tgz. Extracting by manifest.
1800 silly tarball no local data for @surma/rollup-plugin-off-main-thread@https://registry.npmjs.org/@surma/rollup-plugin-off-main-thread/-/rollup-plugin-off-main-thread-2.2.3.tgz. Extracting by manifest.
1801 silly tarball no local data for @supabase/supabase-js@https://registry.npmjs.org/@supabase/supabase-js/-/supabase-js-2.98.0.tgz. Extracting by manifest.
1802 silly tarball no local data for @supabase/storage-js@https://registry.npmjs.org/@supabase/storage-js/-/storage-js-2.98.0.tgz. Extracting by manifest.
1803 silly tarball no local data for @supabase/realtime-js@https://registry.npmjs.org/@supabase/realtime-js/-/realtime-js-2.98.0.tgz. Extracting by manifest.
1804 silly tarball no local data for @supabase/postgrest-js@https://registry.npmjs.org/@supabase/postgrest-js/-/postgrest-js-2.98.0.tgz. Extracting by manifest.
1805 silly tarball no local data for @supabase/functions-js@https://registry.npmjs.org/@supabase/functions-js/-/functions-js-2.98.0.tgz. Extracting by manifest.
1806 silly tarball no local data for @supabase/auth-js@https://registry.npmjs.org/@supabase/auth-js/-/auth-js-2.98.0.tgz. Extracting by manifest.
1807 silly tarball no local data for @standard-schema/utils@https://registry.npmjs.org/@standard-schema/utils/-/utils-0.3.0.tgz. Extracting by manifest.
1808 silly tarball no local data for @standard-schema/spec@https://registry.npmjs.org/@standard-schema/spec/-/spec-1.1.0.tgz. Extracting by manifest.
1809 silly tarball no local data for @sentry/react@https://registry.npmjs.org/@sentry/react/-/react-10.40.0.tgz. Extracting by manifest.
1810 silly tarball no local data for @sentry/core@https://registry.npmjs.org/@sentry/core/-/core-10.40.0.tgz. Extracting by manifest.
1811 silly tarball no local data for @sentry/browser@https://registry.npmjs.org/@sentry/browser/-/browser-10.40.0.tgz. Extracting by manifest.
1812 silly tarball no local data for @sentry-internal/replay-canvas@https://registry.npmjs.org/@sentry-internal/replay-canvas/-/replay-canvas-10.40.0.tgz. Extracting by manifest.
1813 silly tarball no local data for @sentry-internal/replay@https://registry.npmjs.org/@sentry-internal/replay/-/replay-10.40.0.tgz. Extracting by manifest.
1814 silly tarball no local data for @sentry-internal/feedback@https://registry.npmjs.org/@sentry-internal/feedback/-/feedback-10.40.0.tgz. Extracting by manifest.
1815 silly tarball no local data for @sentry-internal/browser-utils@https://registry.npmjs.org/@sentry-internal/browser-utils/-/browser-utils-10.40.0.tgz. Extracting by manifest.
1816 silly tarball no local data for @rollup/rollup-darwin-x64@https://registry.npmjs.org/@rollup/rollup-darwin-x64/-/rollup-darwin-x64-4.57.1.tgz. Extracting by manifest.
1817 silly tarball no local data for @rollup/pluginutils@https://registry.npmjs.org/@rollup/pluginutils/-/pluginutils-5.3.0.tgz. Extracting by manifest.
1818 silly tarball no local data for @rollup/plugin-terser@https://registry.npmjs.org/@rollup/plugin-terser/-/plugin-terser-0.4.4.tgz. Extracting by manifest.
1819 silly tarball no local data for @rollup/plugin-node-resolve@https://registry.npmjs.org/@rollup/plugin-node-resolve/-/plugin-node-resolve-15.3.1.tgz. Extracting by manifest.
1820 silly tarball no local data for @rolldown/pluginutils@https://registry.npmjs.org/@rolldown/pluginutils/-/pluginutils-1.0.0-beta.53.tgz. Extracting by manifest.
1821 silly tarball no local data for @remirror/core-constants@https://registry.npmjs.org/@remirror/core-constants/-/core-constants-3.0.0.tgz. Extracting by manifest.
1822 silly tarball no local data for @reduxjs/toolkit@https://registry.npmjs.org/@reduxjs/toolkit/-/toolkit-2.11.2.tgz. Extracting by manifest.
1823 silly tarball no local data for @jridgewell/trace-mapping@https://registry.npmjs.org/@jridgewell/trace-mapping/-/trace-mapping-0.3.31.tgz. Extracting by manifest.
1824 silly tarball no local data for @jridgewell/sourcemap-codec@https://registry.npmjs.org/@jridgewell/sourcemap-codec/-/sourcemap-codec-1.5.5.tgz. Extracting by manifest.
1825 silly tarball no local data for @jridgewell/source-map@https://registry.npmjs.org/@jridgewell/source-map/-/source-map-0.3.11.tgz. Extracting by manifest.
1826 silly tarball no local data for @types/raf@https://registry.npmjs.org/@types/raf/-/raf-3.4.3.tgz. Extracting by manifest.
1827 silly tarball no local data for @jridgewell/resolve-uri@https://registry.npmjs.org/@jridgewell/resolve-uri/-/resolve-uri-3.1.2.tgz. Extracting by manifest.
1828 silly tarball no local data for @jridgewell/remapping@https://registry.npmjs.org/@jridgewell/remapping/-/remapping-2.3.5.tgz. Extracting by manifest.
1829 silly tarball no local data for @jridgewell/gen-mapping@https://registry.npmjs.org/@jridgewell/gen-mapping/-/gen-mapping-0.3.13.tgz. Extracting by manifest.
1830 silly tarball no local data for @isaacs/brace-expansion@https://registry.npmjs.org/@isaacs/brace-expansion/-/brace-expansion-5.0.1.tgz. Extracting by manifest.
1831 silly tarball no local data for @isaacs/balanced-match@https://registry.npmjs.org/@isaacs/balanced-match/-/balanced-match-4.0.1.tgz. Extracting by manifest.
1832 silly tarball no local data for @tiptap/extension-bold@https://registry.npmjs.org/@tiptap/extension-bold/-/extension-bold-3.20.0.tgz. Extracting by manifest.
1833 silly tarball no local data for @tiptap/extension-table-header@https://registry.npmjs.org/@tiptap/extension-table-header/-/extension-table-header-3.20.0.tgz. Extracting by manifest.
1834 silly tarball no local data for @humanwhocodes/retry@https://registry.npmjs.org/@humanwhocodes/retry/-/retry-0.4.3.tgz. Extracting by manifest.
1835 silly tarball no local data for @humanwhocodes/module-importer@https://registry.npmjs.org/@humanwhocodes/module-importer/-/module-importer-1.0.1.tgz. Extracting by manifest.
1836 silly tarball no local data for @humanfs/node@https://registry.npmjs.org/@humanfs/node/-/node-0.16.7.tgz. Extracting by manifest.
1837 silly tarball no local data for @hookform/resolvers@https://registry.npmjs.org/@hookform/resolvers/-/resolvers-5.2.2.tgz. Extracting by manifest.
1838 silly tarball no local data for @humanfs/core@https://registry.npmjs.org/@humanfs/core/-/core-0.19.1.tgz. Extracting by manifest.
1839 silly tarball no local data for @floating-ui/utils@https://registry.npmjs.org/@floating-ui/utils/-/utils-0.2.10.tgz. Extracting by manifest.
1840 silly tarball no local data for @floating-ui/dom@https://registry.npmjs.org/@floating-ui/dom/-/dom-1.7.5.tgz. Extracting by manifest.
1841 silly tarball no local data for @exodus/bytes@https://registry.npmjs.org/@exodus/bytes/-/bytes-1.15.0.tgz. Extracting by manifest.
1842 silly tarball no local data for @esbuild/darwin-x64@https://registry.npmjs.org/@esbuild/darwin-x64/-/darwin-x64-0.27.2.tgz. Extracting by manifest.
1843 silly tarball no local data for @eslint-community/regexpp@https://registry.npmjs.org/@eslint-community/regexpp/-/regexpp-4.12.2.tgz. Extracting by manifest.
1844 silly tarball no local data for @eslint-community/eslint-utils@https://registry.npmjs.org/@eslint-community/eslint-utils/-/eslint-utils-4.9.1.tgz. Extracting by manifest.
1845 silly tarball no local data for @floating-ui/core@https://registry.npmjs.org/@floating-ui/core/-/core-1.7.4.tgz. Extracting by manifest.
1846 silly tarball no local data for @dnd-kit/utilities@https://registry.npmjs.org/@dnd-kit/utilities/-/utilities-3.2.2.tgz. Extracting by manifest.
1847 silly tarball no local data for @dnd-kit/core@https://registry.npmjs.org/@dnd-kit/core/-/core-6.3.1.tgz. Extracting by manifest.
1848 silly tarball no local data for @dnd-kit/accessibility@https://registry.npmjs.org/@dnd-kit/accessibility/-/accessibility-3.1.1.tgz. Extracting by manifest.
1849 silly tarball no local data for @csstools/css-tokenizer@https://registry.npmjs.org/@csstools/css-tokenizer/-/css-tokenizer-4.0.0.tgz. Extracting by manifest.
1850 silly tarball no local data for @csstools/css-syntax-patches-for-csstree@https://registry.npmjs.org/@csstools/css-syntax-patches-for-csstree/-/css-syntax-patches-for-csstree-1.1.2.tgz. Extracting by manifest.
1851 silly tarball no local data for @csstools/css-parser-algorithms@https://registry.npmjs.org/@csstools/css-parser-algorithms/-/css-parser-algorithms-4.0.0.tgz. Extracting by manifest.
1852 silly tarball no local data for @csstools/css-calc@https://registry.npmjs.org/@csstools/css-calc/-/css-calc-3.1.1.tgz. Extracting by manifest.
1853 silly tarball no local data for @csstools/css-color-parser@https://registry.npmjs.org/@csstools/css-color-parser/-/css-color-parser-4.0.2.tgz. Extracting by manifest.
1854 silly tarball no local data for @csstools/color-helpers@https://registry.npmjs.org/@csstools/color-helpers/-/color-helpers-6.0.2.tgz. Extracting by manifest.
1855 silly tarball no local data for @bramus/specificity@https://registry.npmjs.org/@bramus/specificity/-/specificity-2.4.2.tgz. Extracting by manifest.
1856 silly tarball no local data for @babel/types@https://registry.npmjs.org/@babel/types/-/types-7.29.0.tgz. Extracting by manifest.
1857 silly tarball no local data for @babel/template@https://registry.npmjs.org/@babel/template/-/template-7.28.6.tgz. Extracting by manifest.
1858 silly tarball no local data for @babel/traverse@https://registry.npmjs.org/@babel/traverse/-/traverse-7.29.0.tgz. Extracting by manifest.
1859 silly tarball no local data for @babel/runtime@https://registry.npmjs.org/@babel/runtime/-/runtime-7.28.6.tgz. Extracting by manifest.
1860 silly tarball no local data for @babel/plugin-transform-unicode-sets-regex@https://registry.npmjs.org/@babel/plugin-transform-unicode-sets-regex/-/plugin-transform-unicode-sets-regex-7.28.6.tgz. Extracting by manifest.
1861 silly tarball no local data for @babel/plugin-transform-unicode-regex@https://registry.npmjs.org/@babel/plugin-transform-unicode-regex/-/plugin-transform-unicode-regex-7.27.1.tgz. Extracting by manifest.
1862 silly tarball no local data for @babel/plugin-transform-unicode-property-regex@https://registry.npmjs.org/@babel/plugin-transform-unicode-property-regex/-/plugin-transform-unicode-property-regex-7.28.6.tgz. Extracting by manifest.
1863 silly tarball no local data for @babel/plugin-transform-unicode-escapes@https://registry.npmjs.org/@babel/plugin-transform-unicode-escapes/-/plugin-transform-unicode-escapes-7.27.1.tgz. Extracting by manifest.
1864 silly tarball no local data for @babel/plugin-transform-typeof-symbol@https://registry.npmjs.org/@babel/plugin-transform-typeof-symbol/-/plugin-transform-typeof-symbol-7.27.1.tgz. Extracting by manifest.
1865 silly tarball no local data for @babel/plugin-transform-template-literals@https://registry.npmjs.org/@babel/plugin-transform-template-literals/-/plugin-transform-template-literals-7.27.1.tgz. Extracting by manifest.
1866 silly tarball no local data for @babel/plugin-transform-sticky-regex@https://registry.npmjs.org/@babel/plugin-transform-sticky-regex/-/plugin-transform-sticky-regex-7.27.1.tgz. Extracting by manifest.
1867 silly tarball no local data for @babel/plugin-transform-shorthand-properties@https://registry.npmjs.org/@babel/plugin-transform-shorthand-properties/-/plugin-transform-shorthand-properties-7.27.1.tgz. Extracting by manifest.
1868 silly tarball no local data for @babel/plugin-transform-spread@https://registry.npmjs.org/@babel/plugin-transform-spread/-/plugin-transform-spread-7.28.6.tgz. Extracting by manifest.
1869 silly tarball no local data for @babel/plugin-transform-reserved-words@https://registry.npmjs.org/@babel/plugin-transform-reserved-words/-/plugin-transform-reserved-words-7.27.1.tgz. Extracting by manifest.
1870 silly tarball no local data for @babel/plugin-transform-regexp-modifiers@https://registry.npmjs.org/@babel/plugin-transform-regexp-modifiers/-/plugin-transform-regexp-modifiers-7.28.6.tgz. Extracting by manifest.
1871 silly tarball no local data for @babel/plugin-transform-regenerator@https://registry.npmjs.org/@babel/plugin-transform-regenerator/-/plugin-transform-regenerator-7.29.0.tgz. Extracting by manifest.
1872 silly tarball no local data for @babel/plugin-transform-react-jsx-source@https://registry.npmjs.org/@babel/plugin-transform-react-jsx-source/-/plugin-transform-react-jsx-source-7.27.1.tgz. Extracting by manifest.
1873 silly tarball no local data for @babel/plugin-transform-react-jsx-self@https://registry.npmjs.org/@babel/plugin-transform-react-jsx-self/-/plugin-transform-react-jsx-self-7.27.1.tgz. Extracting by manifest.
1874 silly tarball no local data for @babel/plugin-transform-property-literals@https://registry.npmjs.org/@babel/plugin-transform-property-literals/-/plugin-transform-property-literals-7.27.1.tgz. Extracting by manifest.
1875 silly tarball no local data for @babel/plugin-transform-private-property-in-object@https://registry.npmjs.org/@babel/plugin-transform-private-property-in-object/-/plugin-transform-private-property-in-object-7.28.6.tgz. Extracting by manifest.
1876 silly tarball no local data for @babel/plugin-transform-private-methods@https://registry.npmjs.org/@babel/plugin-transform-private-methods/-/plugin-transform-private-methods-7.28.6.tgz. Extracting by manifest.
1877 silly tarball no local data for @babel/plugin-transform-parameters@https://registry.npmjs.org/@babel/plugin-transform-parameters/-/plugin-transform-parameters-7.27.7.tgz. Extracting by manifest.
1878 silly tarball no local data for @babel/plugin-transform-optional-chaining@https://registry.npmjs.org/@babel/plugin-transform-optional-chaining/-/plugin-transform-optional-chaining-7.28.6.tgz. Extracting by manifest.
1879 silly tarball no local data for @babel/plugin-transform-object-rest-spread@https://registry.npmjs.org/@babel/plugin-transform-object-rest-spread/-/plugin-transform-object-rest-spread-7.28.6.tgz. Extracting by manifest.
1880 silly tarball no local data for @babel/plugin-transform-object-super@https://registry.npmjs.org/@babel/plugin-transform-object-super/-/plugin-transform-object-super-7.27.1.tgz. Extracting by manifest.
1881 silly tarball no local data for @babel/plugin-transform-numeric-separator@https://registry.npmjs.org/@babel/plugin-transform-numeric-separator/-/plugin-transform-numeric-separator-7.28.6.tgz. Extracting by manifest.
1882 silly tarball no local data for @babel/plugin-transform-nullish-coalescing-operator@https://registry.npmjs.org/@babel/plugin-transform-nullish-coalescing-operator/-/plugin-transform-nullish-coalescing-operator-7.28.6.tgz. Extracting by manifest.
1883 silly tarball no local data for @babel/plugin-transform-new-target@https://registry.npmjs.org/@babel/plugin-transform-new-target/-/plugin-transform-new-target-7.27.1.tgz. Extracting by manifest.
1884 silly tarball no local data for @babel/plugin-transform-named-capturing-groups-regex@https://registry.npmjs.org/@babel/plugin-transform-named-capturing-groups-regex/-/plugin-transform-named-capturing-groups-regex-7.29.0.tgz. Extracting by manifest.
1885 silly tarball no local data for @babel/plugin-transform-modules-umd@https://registry.npmjs.org/@babel/plugin-transform-modules-umd/-/plugin-transform-modules-umd-7.27.1.tgz. Extracting by manifest.
1886 silly tarball no local data for @babel/plugin-transform-modules-systemjs@https://registry.npmjs.org/@babel/plugin-transform-modules-systemjs/-/plugin-transform-modules-systemjs-7.29.0.tgz. Extracting by manifest.
1887 silly tarball no local data for @babel/plugin-transform-modules-commonjs@https://registry.npmjs.org/@babel/plugin-transform-modules-commonjs/-/plugin-transform-modules-commonjs-7.28.6.tgz. Extracting by manifest.
1888 silly tarball no local data for @babel/plugin-transform-modules-amd@https://registry.npmjs.org/@babel/plugin-transform-modules-amd/-/plugin-transform-modules-amd-7.27.1.tgz. Extracting by manifest.
1889 silly tarball no local data for @babel/plugin-transform-member-expression-literals@https://registry.npmjs.org/@babel/plugin-transform-member-expression-literals/-/plugin-transform-member-expression-literals-7.27.1.tgz. Extracting by manifest.
1890 silly tarball no local data for @babel/plugin-transform-logical-assignment-operators@https://registry.npmjs.org/@babel/plugin-transform-logical-assignment-operators/-/plugin-transform-logical-assignment-operators-7.28.6.tgz. Extracting by manifest.
1891 silly tarball no local data for @babel/plugin-transform-literals@https://registry.npmjs.org/@babel/plugin-transform-literals/-/plugin-transform-literals-7.27.1.tgz. Extracting by manifest.
1892 silly tarball no local data for @babel/preset-modules@https://registry.npmjs.org/@babel/preset-modules/-/preset-modules-0.1.6-no-external-plugins.tgz. Extracting by manifest.
1893 silly tarball no local data for @babel/plugin-transform-json-strings@https://registry.npmjs.org/@babel/plugin-transform-json-strings/-/plugin-transform-json-strings-7.28.6.tgz. Extracting by manifest.
1894 silly tarball no local data for @babel/plugin-transform-function-name@https://registry.npmjs.org/@babel/plugin-transform-function-name/-/plugin-transform-function-name-7.27.1.tgz. Extracting by manifest.
1895 silly tarball no local data for @babel/plugin-transform-for-of@https://registry.npmjs.org/@babel/plugin-transform-for-of/-/plugin-transform-for-of-7.27.1.tgz. Extracting by manifest.
1896 silly tarball no local data for @babel/plugin-transform-export-namespace-from@https://registry.npmjs.org/@babel/plugin-transform-export-namespace-from/-/plugin-transform-export-namespace-from-7.27.1.tgz. Extracting by manifest.
1897 silly tarball no local data for @babel/plugin-transform-explicit-resource-management@https://registry.npmjs.org/@babel/plugin-transform-explicit-resource-management/-/plugin-transform-explicit-resource-management-7.28.6.tgz. Extracting by manifest.
1898 silly tarball no local data for @babel/plugin-transform-exponentiation-operator@https://registry.npmjs.org/@babel/plugin-transform-exponentiation-operator/-/plugin-transform-exponentiation-operator-7.28.6.tgz. Extracting by manifest.
1899 silly tarball no local data for @babel/plugin-transform-dynamic-import@https://registry.npmjs.org/@babel/plugin-transform-dynamic-import/-/plugin-transform-dynamic-import-7.27.1.tgz. Extracting by manifest.
1900 silly tarball no local data for @babel/plugin-transform-duplicate-named-capturing-groups-regex@https://registry.npmjs.org/@babel/plugin-transform-duplicate-named-capturing-groups-regex/-/plugin-transform-duplicate-named-capturing-groups-regex-7.29.0.tgz. Extracting by manifest.
1901 silly tarball no local data for @babel/plugin-transform-duplicate-keys@https://registry.npmjs.org/@babel/plugin-transform-duplicate-keys/-/plugin-transform-duplicate-keys-7.27.1.tgz. Extracting by manifest.
1902 silly tarball no local data for @babel/plugin-transform-dotall-regex@https://registry.npmjs.org/@babel/plugin-transform-dotall-regex/-/plugin-transform-dotall-regex-7.28.6.tgz. Extracting by manifest.
1903 silly tarball no local data for @babel/plugin-transform-destructuring@https://registry.npmjs.org/@babel/plugin-transform-destructuring/-/plugin-transform-destructuring-7.28.5.tgz. Extracting by manifest.
1904 silly tarball no local data for @babel/plugin-transform-computed-properties@https://registry.npmjs.org/@babel/plugin-transform-computed-properties/-/plugin-transform-computed-properties-7.28.6.tgz. Extracting by manifest.
1905 silly tarball no local data for @babel/plugin-transform-classes@https://registry.npmjs.org/@babel/plugin-transform-classes/-/plugin-transform-classes-7.28.6.tgz. Extracting by manifest.
1906 silly tarball no local data for @babel/plugin-transform-class-static-block@https://registry.npmjs.org/@babel/plugin-transform-class-static-block/-/plugin-transform-class-static-block-7.28.6.tgz. Extracting by manifest.
1907 silly tarball no local data for @babel/plugin-transform-class-properties@https://registry.npmjs.org/@babel/plugin-transform-class-properties/-/plugin-transform-class-properties-7.28.6.tgz. Extracting by manifest.
1908 silly tarball no local data for @babel/plugin-transform-block-scoping@https://registry.npmjs.org/@babel/plugin-transform-block-scoping/-/plugin-transform-block-scoping-7.28.6.tgz. Extracting by manifest.
1909 silly tarball no local data for @babel/plugin-transform-block-scoped-functions@https://registry.npmjs.org/@babel/plugin-transform-block-scoped-functions/-/plugin-transform-block-scoped-functions-7.27.1.tgz. Extracting by manifest.
1910 silly tarball no local data for @babel/plugin-transform-async-to-generator@https://registry.npmjs.org/@babel/plugin-transform-async-to-generator/-/plugin-transform-async-to-generator-7.28.6.tgz. Extracting by manifest.
1911 silly tarball no local data for @babel/plugin-transform-async-generator-functions@https://registry.npmjs.org/@babel/plugin-transform-async-generator-functions/-/plugin-transform-async-generator-functions-7.29.0.tgz. Extracting by manifest.
1912 silly tarball no local data for @babel/plugin-transform-arrow-functions@https://registry.npmjs.org/@babel/plugin-transform-arrow-functions/-/plugin-transform-arrow-functions-7.27.1.tgz. Extracting by manifest.
1913 silly tarball no local data for @babel/plugin-syntax-unicode-sets-regex@https://registry.npmjs.org/@babel/plugin-syntax-unicode-sets-regex/-/plugin-syntax-unicode-sets-regex-7.18.6.tgz. Extracting by manifest.
1914 silly tarball no local data for @babel/plugin-syntax-import-attributes@https://registry.npmjs.org/@babel/plugin-syntax-import-attributes/-/plugin-syntax-import-attributes-7.28.6.tgz. Extracting by manifest.
1915 silly tarball no local data for @babel/plugin-syntax-import-assertions@https://registry.npmjs.org/@babel/plugin-syntax-import-assertions/-/plugin-syntax-import-assertions-7.28.6.tgz. Extracting by manifest.
1916 silly tarball no local data for @babel/plugin-proposal-private-property-in-object@https://registry.npmjs.org/@babel/plugin-proposal-private-property-in-object/-/plugin-proposal-private-property-in-object-7.21.0-placeholder-for-preset-env.2.tgz. Extracting by manifest.
1917 silly tarball no local data for @babel/plugin-bugfix-v8-static-class-fields-redefine-readonly@https://registry.npmjs.org/@babel/plugin-bugfix-v8-static-class-fields-redefine-readonly/-/plugin-bugfix-v8-static-class-fields-redefine-readonly-7.28.6.tgz. Extracting by manifest.
1918 silly tarball no local data for @babel/plugin-bugfix-v8-spread-parameters-in-optional-chaining@https://registry.npmjs.org/@babel/plugin-bugfix-v8-spread-parameters-in-optional-chaining/-/plugin-bugfix-v8-spread-parameters-in-optional-chaining-7.27.1.tgz. Extracting by manifest.
1919 silly tarball no local data for @babel/plugin-bugfix-safari-id-destructuring-collision-in-function-expression@https://registry.npmjs.org/@babel/plugin-bugfix-safari-id-destructuring-collision-in-function-expression/-/plugin-bugfix-safari-id-destructuring-collision-in-function-expression-7.27.1.tgz. Extracting by manifest.
1920 silly tarball no local data for @babel/plugin-bugfix-safari-class-field-initializer-scope@https://registry.npmjs.org/@babel/plugin-bugfix-safari-class-field-initializer-scope/-/plugin-bugfix-safari-class-field-initializer-scope-7.27.1.tgz. Extracting by manifest.
1921 silly tarball no local data for @babel/plugin-bugfix-firefox-class-in-computed-class-key@https://registry.npmjs.org/@babel/plugin-bugfix-firefox-class-in-computed-class-key/-/plugin-bugfix-firefox-class-in-computed-class-key-7.28.5.tgz. Extracting by manifest.
1922 silly tarball no local data for @babel/parser@https://registry.npmjs.org/@babel/parser/-/parser-7.29.0.tgz. Extracting by manifest.
1923 silly tarball no local data for @babel/helpers@https://registry.npmjs.org/@babel/helpers/-/helpers-7.28.6.tgz. Extracting by manifest.
1924 silly tarball no local data for @babel/helper-wrap-function@https://registry.npmjs.org/@babel/helper-wrap-function/-/helper-wrap-function-7.28.6.tgz. Extracting by manifest.
1925 silly tarball no local data for @babel/plugin-transform-optional-catch-binding@https://registry.npmjs.org/@babel/plugin-transform-optional-catch-binding/-/plugin-transform-optional-catch-binding-7.28.6.tgz. Extracting by manifest.
1926 silly tarball no local data for @babel/helper-validator-option@https://registry.npmjs.org/@babel/helper-validator-option/-/helper-validator-option-7.27.1.tgz. Extracting by manifest.
1927 silly tarball no local data for @babel/helper-validator-identifier@https://registry.npmjs.org/@babel/helper-validator-identifier/-/helper-validator-identifier-7.28.5.tgz. Extracting by manifest.
1928 silly tarball no local data for @babel/helper-string-parser@https://registry.npmjs.org/@babel/helper-string-parser/-/helper-string-parser-7.27.1.tgz. Extracting by manifest.
1929 silly tarball no local data for @babel/helper-skip-transparent-expression-wrappers@https://registry.npmjs.org/@babel/helper-skip-transparent-expression-wrappers/-/helper-skip-transparent-expression-wrappers-7.27.1.tgz. Extracting by manifest.
1930 silly tarball no local data for @babel/helper-replace-supers@https://registry.npmjs.org/@babel/helper-replace-supers/-/helper-replace-supers-7.28.6.tgz. Extracting by manifest.
1931 silly tarball no local data for @babel/helper-remap-async-to-generator@https://registry.npmjs.org/@babel/helper-remap-async-to-generator/-/helper-remap-async-to-generator-7.27.1.tgz. Extracting by manifest.
1932 silly tarball no local data for @babel/helper-plugin-utils@https://registry.npmjs.org/@babel/helper-plugin-utils/-/helper-plugin-utils-7.28.6.tgz. Extracting by manifest.
1933 silly tarball no local data for @babel/helper-optimise-call-expression@https://registry.npmjs.org/@babel/helper-optimise-call-expression/-/helper-optimise-call-expression-7.27.1.tgz. Extracting by manifest.
1934 silly tarball no local data for @babel/helper-module-imports@https://registry.npmjs.org/@babel/helper-module-imports/-/helper-module-imports-7.28.6.tgz. Extracting by manifest.
1935 silly tarball no local data for @babel/helper-module-transforms@https://registry.npmjs.org/@babel/helper-module-transforms/-/helper-module-transforms-7.28.6.tgz. Extracting by manifest.
1936 silly tarball no local data for @babel/helper-member-expression-to-functions@https://registry.npmjs.org/@babel/helper-member-expression-to-functions/-/helper-member-expression-to-functions-7.28.5.tgz. Extracting by manifest.
1937 silly tarball no local data for @babel/helper-globals@https://registry.npmjs.org/@babel/helper-globals/-/helper-globals-7.28.0.tgz. Extracting by manifest.
1938 silly tarball no local data for @babel/helper-define-polyfill-provider@https://registry.npmjs.org/@babel/helper-define-polyfill-provider/-/helper-define-polyfill-provider-0.6.6.tgz. Extracting by manifest.
1939 silly tarball no local data for generator-function@https://registry.npmjs.org/generator-function/-/generator-function-2.0.1.tgz. Extracting by manifest.
1940 silly tarball no local data for @babel/helper-compilation-targets@https://registry.npmjs.org/@babel/helper-compilation-targets/-/helper-compilation-targets-7.28.6.tgz. Extracting by manifest.
1941 silly tarball no local data for @babel/helper-create-class-features-plugin@https://registry.npmjs.org/@babel/helper-create-class-features-plugin/-/helper-create-class-features-plugin-7.28.6.tgz. Extracting by manifest.
1942 silly tarball no local data for @babel/helper-annotate-as-pure@https://registry.npmjs.org/@babel/helper-annotate-as-pure/-/helper-annotate-as-pure-7.27.3.tgz. Extracting by manifest.
1943 silly tarball no local data for @babel/generator@https://registry.npmjs.org/@babel/generator/-/generator-7.29.1.tgz. Extracting by manifest.
1944 silly tarball no local data for @babel/core@https://registry.npmjs.org/@babel/core/-/core-7.28.6.tgz. Extracting by manifest.
1945 silly tarball no local data for @babel/compat-data@https://registry.npmjs.org/@babel/compat-data/-/compat-data-7.29.0.tgz. Extracting by manifest.
1946 silly tarball no local data for @babel/code-frame@https://registry.npmjs.org/@babel/code-frame/-/code-frame-7.29.0.tgz. Extracting by manifest.
1947 silly tarball no local data for @asamuzakjp/nwsapi@https://registry.npmjs.org/@asamuzakjp/nwsapi/-/nwsapi-2.3.9.tgz. Extracting by manifest.
1948 silly tarball no local data for @asamuzakjp/dom-selector@https://registry.npmjs.org/@asamuzakjp/dom-selector/-/dom-selector-7.0.4.tgz. Extracting by manifest.
1949 silly tarball no local data for @asamuzakjp/css-color@https://registry.npmjs.org/@asamuzakjp/css-color/-/css-color-5.1.1.tgz. Extracting by manifest.
1950 silly tarball no local data for @apideck/better-ajv-errors@https://registry.npmjs.org/@apideck/better-ajv-errors/-/better-ajv-errors-0.3.6.tgz. Extracting by manifest.
1951 silly tarball no local data for @alloc/quick-lru@https://registry.npmjs.org/@alloc/quick-lru/-/quick-lru-5.2.0.tgz. Extracting by manifest.
1952 silly tarball no local data for @adobe/css-tools@https://registry.npmjs.org/@adobe/css-tools/-/css-tools-4.4.4.tgz. Extracting by manifest.
1953 silly tarball no local data for eslint-visitor-keys@https://registry.npmjs.org/eslint-visitor-keys/-/eslint-visitor-keys-4.2.1.tgz. Extracting by manifest.
1954 silly tarball no local data for brace-expansion@https://registry.npmjs.org/brace-expansion/-/brace-expansion-1.1.14.tgz. Extracting by manifest.
1955 silly tarball no local data for json-schema-traverse@https://registry.npmjs.org/json-schema-traverse/-/json-schema-traverse-0.4.1.tgz. Extracting by manifest.
1956 silly tarball no local data for ajv@https://registry.npmjs.org/ajv/-/ajv-6.15.0.tgz. Extracting by manifest.
1957 silly tarball no local data for eslint-visitor-keys@https://registry.npmjs.org/eslint-visitor-keys/-/eslint-visitor-keys-4.2.1.tgz. Extracting by manifest.
1958 silly tarball no local data for json-schema-traverse@https://registry.npmjs.org/json-schema-traverse/-/json-schema-traverse-0.4.1.tgz. Extracting by manifest.
1959 silly tarball no local data for ajv@https://registry.npmjs.org/ajv/-/ajv-6.14.0.tgz. Extracting by manifest.
1960 silly tarball no local data for strip-ansi@https://registry.npmjs.org/strip-ansi/-/strip-ansi-6.0.1.tgz. Extracting by manifest.
1961 silly tarball no local data for p-limit@https://registry.npmjs.org/p-limit/-/p-limit-2.3.0.tgz. Extracting by manifest.
1962 silly tarball no local data for string-width@https://registry.npmjs.org/string-width/-/string-width-4.2.3.tgz. Extracting by manifest.
1963 silly tarball no local data for @babel/preset-env@https://registry.npmjs.org/@babel/preset-env/-/preset-env-7.29.0.tgz. Extracting by manifest.
1964 silly tarball no local data for find-up@https://registry.npmjs.org/find-up/-/find-up-4.1.0.tgz. Extracting by manifest.
1965 silly tarball no local data for locate-path@https://registry.npmjs.org/locate-path/-/locate-path-5.0.0.tgz. Extracting by manifest.
1966 silly tarball no local data for emoji-regex@https://registry.npmjs.org/emoji-regex/-/emoji-regex-8.0.0.tgz. Extracting by manifest.
1967 silly tarball no local data for rollup@https://registry.npmjs.org/rollup/-/rollup-2.79.2.tgz. Extracting by manifest.
1968 silly tarball no local data for picomatch@https://registry.npmjs.org/picomatch/-/picomatch-2.3.1.tgz. Extracting by manifest.
1969 silly tarball no local data for pretty-bytes@https://registry.npmjs.org/pretty-bytes/-/pretty-bytes-5.6.0.tgz. Extracting by manifest.
1970 silly tarball no local data for path-scurry@https://registry.npmjs.org/path-scurry/-/path-scurry-2.0.1.tgz. Extracting by manifest.
1971 silly tarball no local data for minimatch@https://registry.npmjs.org/minimatch/-/minimatch-10.1.2.tgz. Extracting by manifest.
1972 silly tarball no local data for magic-string@https://registry.npmjs.org/magic-string/-/magic-string-0.25.9.tgz. Extracting by manifest.
1973 silly tarball no local data for lru-cache@https://registry.npmjs.org/lru-cache/-/lru-cache-11.2.6.tgz. Extracting by manifest.
1974 silly tarball no local data for jackspeak@https://registry.npmjs.org/jackspeak/-/jackspeak-4.2.3.tgz. Extracting by manifest.
1975 silly tarball no local data for glob@https://registry.npmjs.org/glob/-/glob-11.1.0.tgz. Extracting by manifest.
1976 silly tarball no local data for estree-walker@https://registry.npmjs.org/estree-walker/-/estree-walker-1.0.1.tgz. Extracting by manifest.
1977 silly tarball no local data for @types/estree@https://registry.npmjs.org/@types/estree/-/estree-0.0.39.tgz. Extracting by manifest.
1978 silly tarball no local data for @rollup/pluginutils@https://registry.npmjs.org/@rollup/pluginutils/-/pluginutils-3.1.0.tgz. Extracting by manifest.
1979 silly tarball no local data for @rollup/plugin-replace@https://registry.npmjs.org/@rollup/plugin-replace/-/plugin-replace-2.4.2.tgz. Extracting by manifest.
1980 silly tarball no local data for @rollup/plugin-babel@https://registry.npmjs.org/@rollup/plugin-babel/-/plugin-babel-5.3.1.tgz. Extracting by manifest.
1981 silly tarball no local data for @isaacs/cliui@https://registry.npmjs.org/@isaacs/cliui/-/cliui-9.0.0.tgz. Extracting by manifest.
1982 silly tarball no local data for source-map@https://registry.npmjs.org/source-map/-/source-map-0.6.1.tgz. Extracting by manifest.
1983 silly tarball no local data for react-is@https://registry.npmjs.org/react-is/-/react-is-16.13.1.tgz. Extracting by manifest.
1984 silly tarball no local data for react-is@https://registry.npmjs.org/react-is/-/react-is-17.0.2.tgz. Extracting by manifest.
1985 silly tarball no local data for entities@https://registry.npmjs.org/entities/-/entities-6.0.1.tgz. Extracting by manifest.
1986 silly tarball no local data for whatwg-url@https://registry.npmjs.org/whatwg-url/-/whatwg-url-16.0.1.tgz. Extracting by manifest.
1987 silly tarball no local data for tr46@https://registry.npmjs.org/tr46/-/tr46-6.0.0.tgz. Extracting by manifest.
1988 silly tarball no local data for minimatch@https://registry.npmjs.org/minimatch/-/minimatch-5.1.6.tgz. Extracting by manifest.
1989 silly tarball no local data for resolve@https://registry.npmjs.org/resolve/-/resolve-2.0.0-next.6.tgz. Extracting by manifest.
1990 silly tarball no local data for lru-cache@https://registry.npmjs.org/lru-cache/-/lru-cache-11.2.7.tgz. Extracting by manifest.
1991 silly tarball no local data for whatwg-url@https://registry.npmjs.org/whatwg-url/-/whatwg-url-16.0.1.tgz. Extracting by manifest.
1992 silly tarball no local data for tr46@https://registry.npmjs.org/tr46/-/tr46-6.0.0.tgz. Extracting by manifest.
1993 silly tarball no local data for webidl-conversions@https://registry.npmjs.org/webidl-conversions/-/webidl-conversions-8.0.1.tgz. Extracting by manifest.
1994 silly tarball no local data for wrap-ansi@https://registry.npmjs.org/wrap-ansi/-/wrap-ansi-6.2.0.tgz. Extracting by manifest.
1995 silly tarball no local data for strip-ansi@https://registry.npmjs.org/strip-ansi/-/strip-ansi-6.0.1.tgz. Extracting by manifest.
1996 silly tarball no local data for string-width@https://registry.npmjs.org/string-width/-/string-width-4.2.3.tgz. Extracting by manifest.
1997 silly tarball no local data for ansi-styles@https://registry.npmjs.org/ansi-styles/-/ansi-styles-4.3.0.tgz. Extracting by manifest.
1998 silly tarball no local data for emoji-regex@https://registry.npmjs.org/emoji-regex/-/emoji-regex-8.0.0.tgz. Extracting by manifest.
1999 silly tarball no local data for semver@https://registry.npmjs.org/semver/-/semver-7.7.4.tgz. Extracting by manifest.
2000 silly tarball no local data for minimatch@https://registry.npmjs.org/minimatch/-/minimatch-10.2.4.tgz. Extracting by manifest.
2001 silly tarball no local data for balanced-match@https://registry.npmjs.org/balanced-match/-/balanced-match-4.0.4.tgz. Extracting by manifest.
2002 silly tarball no local data for brace-expansion@https://registry.npmjs.org/brace-expansion/-/brace-expansion-5.0.3.tgz. Extracting by manifest.
2003 silly tarball no local data for dom-accessibility-api@https://registry.npmjs.org/dom-accessibility-api/-/dom-accessibility-api-0.5.16.tgz. Extracting by manifest.
2004 silly tarball no local data for ignore@https://registry.npmjs.org/ignore/-/ignore-7.0.5.tgz. Extracting by manifest.
2005 silly tarball no local data for aria-query@https://registry.npmjs.org/aria-query/-/aria-query-5.3.0.tgz. Extracting by manifest.
2006 silly tarball no local data for magic-string@https://registry.npmjs.org/magic-string/-/magic-string-0.25.9.tgz. Extracting by manifest.
2007 silly tarball no local data for immer@https://registry.npmjs.org/immer/-/immer-11.1.3.tgz. Extracting by manifest.
2008 silly tarball no local data for estree-walker@https://registry.npmjs.org/estree-walker/-/estree-walker-2.0.2.tgz. Extracting by manifest.
2009 silly tarball no local data for eslint-visitor-keys@https://registry.npmjs.org/eslint-visitor-keys/-/eslint-visitor-keys-3.4.3.tgz. Extracting by manifest.
2010 silly tarball no local data for lru-cache@https://registry.npmjs.org/lru-cache/-/lru-cache-11.2.7.tgz. Extracting by manifest.
2011 silly tarball no local data for p-locate@https://registry.npmjs.org/p-locate/-/p-locate-4.1.0.tgz. Extracting by manifest.
2012 silly tarball no local data for @babel/helper-create-regexp-features-plugin@https://registry.npmjs.org/@babel/helper-create-regexp-features-plugin/-/helper-create-regexp-features-plugin-7.28.5.tgz. Extracting by manifest.
2013 silly tarball no local data for lru-cache@https://registry.npmjs.org/lru-cache/-/lru-cache-11.2.7.tgz. Extracting by manifest.
2014 silly tarball no local data for ansi-styles@https://registry.npmjs.org/ansi-styles/-/ansi-styles-4.3.0.tgz. Extracting by manifest.
2015 silly tarball no local data for webidl-conversions@https://registry.npmjs.org/webidl-conversions/-/webidl-conversions-8.0.1.tgz. Extracting by manifest.
2016 http fetch POST 200 https://registry.npmjs.org/-/npm/v1/security/advisories/bulk 1510ms
2017 silly audit report {
2017 silly audit report   'brace-expansion': [
2017 silly audit report     {
2017 silly audit report       id: 1115541,
2017 silly audit report       url: 'https://github.com/advisories/GHSA-f886-m6hf-6m8v',
2017 silly audit report       title: 'brace-expansion: Zero-step sequence causes process hang and memory exhaustion',
2017 silly audit report       severity: 'moderate',
2017 silly audit report       vulnerable_versions: '>=2.0.0 <2.0.3',
2017 silly audit report       cwe: [Array],
2017 silly audit report       cvss: [Object]
2017 silly audit report     },
2017 silly audit report     {
2017 silly audit report       id: 1115543,
2017 silly audit report       url: 'https://github.com/advisories/GHSA-f886-m6hf-6m8v',
2017 silly audit report       title: 'brace-expansion: Zero-step sequence causes process hang and memory exhaustion',
2017 silly audit report       severity: 'moderate',
2017 silly audit report       vulnerable_versions: '>=4.0.0 <5.0.5',
2017 silly audit report       cwe: [Array],
2017 silly audit report       cvss: [Object]
2017 silly audit report     }
2017 silly audit report   ],
2017 silly audit report   minimatch: [
2017 silly audit report     {
2017 silly audit report       id: 1113461,
2017 silly audit report       url: 'https://github.com/advisories/GHSA-3ppc-4f35-3m26',
2017 silly audit report       title: 'minimatch has a ReDoS via repeated wildcards with non-matching literal in pattern',
2017 silly audit report       severity: 'high',
2017 silly audit report       vulnerable_versions: '>=5.0.0 <5.1.7',
2017 silly audit report       cwe: [Array],
2017 silly audit report       cvss: [Object]
2017 silly audit report     },
2017 silly audit report     {
2017 silly audit report       id: 1113466,
2017 silly audit report       url: 'https://github.com/advisories/GHSA-3ppc-4f35-3m26',
2017 silly audit report       title: 'minimatch has a ReDoS via repeated wildcards with non-matching literal in pattern',
2017 silly audit report       severity: 'high',
2017 silly audit report       vulnerable_versions: '>=10.0.0 <10.2.1',
2017 silly audit report       cwe: [Array],
2017 silly audit report       cvss: [Object]
2017 silly audit report     },
2017 silly audit report     {
2017 silly audit report       id: 1113540,
2017 silly audit report       url: 'https://github.com/advisories/GHSA-7r86-cg39-jmmj',
2017 silly audit report       title: 'minimatch has ReDoS: matchOne() combinatorial backtracking via multiple non-adjacent GLOBSTAR segments',
2017 silly audit report       severity: 'high',
2017 silly audit report       vulnerable_versions: '>=5.0.0 <5.1.8',
2017 silly audit report       cwe: [Array],
2017 silly audit report       cvss: [Object]
2017 silly audit report     },
2017 silly audit report     {
2017 silly audit report       id: 1113545,
2017 silly audit report       url: 'https://github.com/advisories/GHSA-7r86-cg39-jmmj',
2017 silly audit report       title: 'minimatch has ReDoS: matchOne() combinatorial backtracking via multiple non-adjacent GLOBSTAR segments',
2017 silly audit report       severity: 'high',
2017 silly audit report       vulnerable_versions: '>=10.0.0 <10.2.3',
2017 silly audit report       cwe: [Array],
2017 silly audit report       cvss: [Object]
2017 silly audit report     },
2017 silly audit report     {
2017 silly audit report       id: 1113548,
2017 silly audit report       url: 'https://github.com/advisories/GHSA-23c5-xmqv-rm74',
2017 silly audit report       title: 'minimatch ReDoS: nested *() extglobs generate catastrophically backtracking regular expressions',
2017 silly audit report       severity: 'high',
2017 silly audit report       vulnerable_versions: '>=5.0.0 <5.1.8',
2017 silly audit report       cwe: [Array],
2017 silly audit report       cvss: [Object]
2017 silly audit report     },
2017 silly audit report     {
2017 silly audit report       id: 1113553,
2017 silly audit report       url: 'https://github.com/advisories/GHSA-23c5-xmqv-rm74',
2017 silly audit report       title: 'minimatch ReDoS: nested *() extglobs generate catastrophically backtracking regular expressions',
2017 silly audit report       severity: 'high',
2017 silly audit report       vulnerable_versions: '>=10.0.0 <10.2.3',
2017 silly audit report       cwe: [Array],
2017 silly audit report       cvss: [Object]
2017 silly audit report     }
2017 silly audit report   ],
2017 silly audit report   ajv: [
2017 silly audit report     {
2017 silly audit report       id: 1113715,
2017 silly audit report       url: 'https://github.com/advisories/GHSA-2g4f-4pwh-qvx6',
2017 silly audit report       title: 'ajv has ReDoS when using `$data` option',
2017 silly audit report       severity: 'moderate',
2017 silly audit report       vulnerable_versions: '>=7.0.0-alpha.0 <8.18.0',
2017 silly audit report       cwe: [Array],
2017 silly audit report       cvss: [Object]
2017 silly audit report     }
2017 silly audit report   ],
2017 silly audit report   axios: [
2017 silly audit report     {
2017 silly audit report       id: 1111034,
2017 silly audit report       url: 'https://github.com/advisories/GHSA-jr5f-v2jv-69x6',
2017 silly audit report       title: 'axios Requests Vulnerable To Possible SSRF and Credential Leakage via Absolute URL',
2017 silly audit report       severity: 'high',
2017 silly audit report       vulnerable_versions: '<0.30.0',
2017 silly audit report       cwe: [Array],
2017 silly audit report       cvss: [Object]
2017 silly audit report     },
2017 silly audit report     {
2017 silly audit report       id: 1113274,
2017 silly audit report       url: 'https://github.com/advisories/GHSA-43fc-jf86-j433',
2017 silly audit report       title: 'Axios is Vulnerable to Denial of Service via __proto__ Key in mergeConfig',
2017 silly audit report       severity: 'high',
2017 silly audit report       vulnerable_versions: '<=0.30.2',
2017 silly audit report       cwe: [Array],
2017 silly audit report       cvss: [Object]
2017 silly audit report     },
2017 silly audit report     {
2017 silly audit report       id: 1116672,
2017 silly audit report       url: 'https://github.com/advisories/GHSA-3p68-rc4w-qgx5',
2017 silly audit report       title: 'Axios has a NO_PROXY Hostname Normalization Bypass that Leads to SSRF',
2017 silly audit report       severity: 'moderate',
2017 silly audit report       vulnerable_versions: '<0.31.0',
2017 silly audit report       cwe: [Array],
2017 silly audit report       cvss: [Object]
2017 silly audit report     },
2017 silly audit report     {
2017 silly audit report       id: 1116674,
2017 silly audit report       url: 'https://github.com/advisories/GHSA-fvcv-3m26-pcqx',
2017 silly audit report       title: 'Axios has Unrestricted Cloud Metadata Exfiltration via Header Injection Chain',
2017 silly audit report       severity: 'moderate',
2017 silly audit report       vulnerable_versions: '<0.31.0',
2017 silly audit report       cwe: [Array],
2017 silly audit report       cvss: [Object]
2017 silly audit report     },
2017 silly audit report     {
2017 silly audit report       id: 1117573,
2017 silly audit report       url: 'https://github.com/advisories/GHSA-w9j2-pvgh-6h63',
2017 silly audit report       title: 'Axios: Authentication Bypass via Prototype Pollution Gadget in `validateStatus` Merge Strategy',
2017 silly audit report       severity: 'moderate',
2017 silly audit report       vulnerable_versions: '<=0.31.0',
2017 silly audit report       cwe: [Array],
2017 silly audit report       cvss: [Object]
2017 silly audit report     },
2017 silly audit report     {
2017 silly audit report       id: 1117575,
2017 silly audit report       url: 'https://github.com/advisories/GHSA-pmwg-cvhr-8vh7',
2017 silly audit report       title: 'Axios: Incomplete Fix for CVE-2025-62718 — NO_PROXY Protection Bypassed via RFC 1122 Loopback Subnet (127.0.0.0/8) in Axios 1.15.0',
2017 silly audit report       severity: 'high',
2017 silly audit report       vulnerable_versions: '<=0.31.0',
2017 silly audit report       cwe: [Array],
2017 silly audit report       cvss: [Object]
2017 silly audit report     },
2017 silly audit report     {
2017 silly audit report       id: 1117579,
2017 silly audit report       url: 'https://github.com/advisories/GHSA-xhjh-pmcv-23jw',
2017 silly audit report       title: 'Axios: Null Byte Injection via Reverse-Encoding in AxiosURLSearchParams',
2017 silly audit report       severity: 'low',
2017 silly audit report       vulnerable_versions: '<=0.31.0',
2017 silly audit report       cwe: [Array],
2017 silly audit report       cvss: [Object]
2017 silly audit report     },
2017 silly audit report     {
2017 silly audit report       id: 1117582,
2017 silly audit report       url: 'https://github.com/advisories/GHSA-m7pr-hjqh-92cm',
2017 silly audit report       title: 'Axios: no_proxy bypass via IP alias allows SSRF',
2017 silly audit report       severity: 'moderate',
2017 silly audit report       vulnerable_versions: '<=0.31.0',
2017 silly audit report       cwe: [Array],
2017 silly audit report       cvss: [Object]
2017 silly audit report     },
2017 silly audit report     {
2017 silly audit report       id: 1117584,
2017 silly audit report       url: 'https://github.com/advisories/GHSA-62hf-57xw-28j9',
2017 silly audit report       title: 'Axios: unbounded recursion in toFormData causes DoS via deeply nested request data',
2017 silly audit report       severity: 'moderate',
2017 silly audit report       vulnerable_versions: '<=0.31.0',
2017 silly audit report       cwe: [Array],
2017 silly audit report       cvss: [Object]
2017 silly audit report     },
2017 silly audit report     {
2017 silly audit report       id: 1117586,
2017 silly audit report       url: 'https://github.com/advisories/GHSA-5c9x-8gcm-mpgx',
2017 silly audit report       title: "Axios' HTTP adapter-streamed uploads bypass maxBodyLength when maxRedirects: 0",
2017 silly audit report       severity: 'moderate',
2017 silly audit report       vulnerable_versions: '<=0.31.0',
2017 silly audit report       cwe: [Array],
2017 silly audit report       cvss: [Object]
2017 silly audit report     },
2017 silly audit report     {
2017 silly audit report       id: 1117588,
2017 silly audit report       url: 'https://github.com/advisories/GHSA-vf2m-468p-8v99',
2017 silly audit report       title: 'Axios: HTTP adapter streamed responses bypass maxContentLength',
2017 silly audit report       severity: 'moderate',
2017 silly audit report       vulnerable_versions: '<=0.31.0',
2017 silly audit report       cwe: [Array],
2017 silly audit report       cvss: [Object]
2017 silly audit report     },
2017 silly audit report     {
2017 silly audit report       id: 1117590,
2017 silly audit report       url: 'https://github.com/advisories/GHSA-pf86-5x62-jrwf',
2017 silly audit report       title: 'Axios: Prototype Pollution Gadgets - Response Tampering, Data Exfiltration, and Request Hijacking',
2017 silly audit report       severity: 'high',
2017 silly audit report       vulnerable_versions: '<=0.31.0',
2017 silly audit report       cwe: [Array],
2017 silly audit report       cvss: [Object]
2017 silly audit report     },
2017 silly audit report     {
2017 silly audit report       id: 1117592,
2017 silly audit report       url: 'https://github.com/advisories/GHSA-6chq-wfr3-2hj9',
2017 silly audit report       title: 'Axios: Header Injection via Prototype Pollution',
2017 silly audit report       severity: 'high',
2017 silly audit report       vulnerable_versions: '<=0.31.0',
2017 silly audit report       cwe: [Array],
2017 silly audit report       cvss: [Object]
2017 silly audit report     },
2017 silly audit report     {
2017 silly audit report       id: 1117594,
2017 silly audit report       url: 'https://github.com/advisories/GHSA-xx6v-rp6x-q39c',
2017 silly audit report       title: 'Axios: XSRF Token Cross-Origin Leakage via Prototype Pollution Gadget in `withXSRFToken` Boolean Coercion',
2017 silly audit report       severity: 'moderate',
2017 silly audit report       vulnerable_versions: '<=0.31.0',
2017 silly audit report       cwe: [Array],
2017 silly audit report       cvss: [Object]
2017 silly audit report     },
2017 silly audit report     {
2017 silly audit report       id: 1097679,
2017 silly audit report       url: 'https://github.com/advisories/GHSA-wf5p-g6vw-rhxx',
2017 silly audit report       title: 'Axios Cross-Site Request Forgery Vulnerability',
2017 silly audit report       severity: 'moderate',
2017 silly audit report       vulnerable_versions: '>=0.8.1 <0.28.0',
2017 silly audit report       cwe: [Array],
2017 silly audit report       cvss: [Object]
2017 silly audit report     }
2017 silly audit report   ],
2017 silly audit report   dompurify: [
2017 silly audit report     {
2017 silly audit report       id: 1115529,
2017 silly audit report       url: 'https://github.com/advisories/GHSA-h8r8-wccr-v5f2',
2017 silly audit report       title: 'DOMPurify is vulnerable to mutation-XSS via Re-Contextualization ',
2017 silly audit report       severity: 'moderate',
2017 silly audit report       vulnerable_versions: '<3.3.2',
2017 silly audit report       cwe: [Array],
2017 silly audit report       cvss: [Object]
2017 silly audit report     },
2017 silly audit report     {
2017 silly audit report       id: 1115668,
2017 silly audit report       url: 'https://github.com/advisories/GHSA-v2wj-7wpq-c8vv',
2017 silly audit report       title: 'DOMPurify contains a Cross-site Scripting vulnerability',
2017 silly audit report       severity: 'moderate',
2017 silly audit report       vulnerable_versions: '>=3.1.3 <=3.3.1',
2017 silly audit report       cwe: [Array],
2017 silly audit report       cvss: [Object]
2017 silly audit report     },
2017 silly audit report     {
2017 silly audit report       id: 1115921,
2017 silly audit report       url: 'https://github.com/advisories/GHSA-cjmm-f4jc-qw8r',
2017 silly audit report       title: 'DOMPurify ADD_ATTR predicate skips URI validation',
2017 silly audit report       severity: 'moderate',
2017 silly audit report       vulnerable_versions: '<=3.3.1',
2017 silly audit report       cwe: [Array],
2017 silly audit report       cvss: [Object]
2017 silly audit report     },
2017 silly audit report     {
2017 silly audit report       id: 1115922,
2017 silly audit report       url: 'https://github.com/advisories/GHSA-cj63-jhhr-wcxv',
2017 silly audit report       title: 'DOMPurify USE_PROFILES prototype pollution allows event handlers',
2017 silly audit report       severity: 'moderate',
2017 silly audit report       vulnerable_versions: '<=3.3.1',
2017 silly audit report       cwe: [Array],
2017 silly audit report       cvss: [Object]
2017 silly audit report     },
2017 silly audit report     {
2017 silly audit report       id: 1116663,
2017 silly audit report       url: 'https://github.com/advisories/GHSA-39q2-94rc-95cp',
2017 silly audit report       title: "DOMPurify's ADD_TAGS function form bypasses FORBID_TAGS due to short-circuit evaluation",
2017 silly audit report       severity: 'moderate',
2017 silly audit report       vulnerable_versions: '<=3.3.3',
2017 silly audit report       cwe: [Array],
2017 silly audit report       cvss: [Object]
2017 silly audit report     },
2017 silly audit report     {
2017 silly audit report       id: 1117138,
2017 silly audit report       url: 'https://github.com/advisories/GHSA-h7mw-gpvr-xq4m',
2017 silly audit report       title: 'DOMPurify: FORBID_TAGS bypassed by function-based ADD_TAGS predicate (asymmetry with FORBID_ATTR fix)',
2017 silly audit report       severity: 'moderate',
2017 silly audit report       vulnerable_versions: '<3.4.0',
2017 silly audit report       cwe: [Array],
2017 silly audit report       cvss: [Object]
2017 silly audit report     },
2017 silly audit report     {
2017 silly audit report       id: 1117139,
2017 silly audit report       url: 'https://github.com/advisories/GHSA-crv5-9vww-q3g8',
2017 silly audit report       title: 'DOMPurify has a SAFE_FOR_TEMPLATES bypass in RETURN_DOM mode',
2017 silly audit report       severity: 'moderate',
2017 silly audit report       vulnerable_versions: '>=1.0.10 <3.4.0',
2017 silly audit report       cwe: [Array],
2017 silly audit report       cvss: [Object]
2017 silly audit report     },
2017 silly audit report     {
2017 silly audit report       id: 1117140,
2017 silly audit report       url: 'https://github.com/advisories/GHSA-v9jr-rg53-9pgp',
2017 silly audit report       title: 'DOMPurify: Prototype Pollution to XSS Bypass via CUSTOM_ELEMENT_HANDLING Fallback',
2017 silly audit report       severity: 'moderate',
2017 silly audit report       vulnerable_versions: '>=3.0.1 <3.4.0',
2017 silly audit report       cwe: [Array],
2017 silly audit report       cvss: [Object]
2017 silly audit report     }
2017 silly audit report   ],
2017 silly audit report   flatted: [
2017 silly audit report     {
2017 silly audit report       id: 1114526,
2017 silly audit report       url: 'https://github.com/advisories/GHSA-25h7-pfq9-p65f',
2017 silly audit report       title: 'flatted vulnerable to unbounded recursion DoS in parse() revive phase',
2017 silly audit report       severity: 'high',
2017 silly audit report       vulnerable_versions: '<3.4.0',
2017 silly audit report       cwe: [Array],
2017 silly audit report       cvss: [Object]
2017 silly audit report     },
2017 silly audit report     {
2017 silly audit report       id: 1115357,
2017 silly audit report       url: 'https://github.com/advisories/GHSA-rf6f-7fwh-wjgh',
2017 silly audit report       title: 'Prototype Pollution via parse() in NodeJS flatted',
2017 silly audit report       severity: 'high',
2017 silly audit report       vulnerable_versions: '<=3.4.1',
2017 silly audit report       cwe: [Array],
2017 silly audit report       cvss: [Object]
2017 silly audit report     }
2017 silly audit report   ],
2017 silly audit report   'follow-redirects': [
2017 silly audit report     {
2017 silly audit report       id: 1116560,
2017 silly audit report       url: 'https://github.com/advisories/GHSA-r4q5-vmmm-2653',
2017 silly audit report       title: 'follow-redirects leaks Custom Authentication Headers to Cross-Domain Redirect Targets',
2017 silly audit report       severity: 'moderate',
2017 silly audit report       vulnerable_versions: '<=1.15.11',
2017 silly audit report       cwe: [Array],
2017 silly audit report       cvss: [Object]
2017 silly audit report     }
2017 silly audit report   ],
2017 silly audit report   jspdf: [
2017 silly audit report     {
2017 silly audit report       id: 1113310,
2017 silly audit report       url: 'https://github.com/advisories/GHSA-9vjf-qc39-jprp',
2017 silly audit report       title: 'jsPDF has a PDF Object Injection via Unsanitized Input in addJS Method',
2017 silly audit report       severity: 'high',
2017 silly audit report       vulnerable_versions: '<4.2.0',
2017 silly audit report       cwe: [Array],
2017 silly audit report       cvss: [Object]
2017 silly audit report     },
2017 silly audit report     {
2017 silly audit report       id: 1113324,
2017 silly audit report       url: 'https://github.com/advisories/GHSA-67pg-wm7f-q7fj',
2017 silly audit report       title: 'jsPDF Affected by Client-Side/Server-Side Denial of Service via Malicious GIF Dimensions',
2017 silly audit report       severity: 'high',
2017 silly audit report       vulnerable_versions: '<4.2.0',
2017 silly audit report       cwe: [Array],
2017 silly audit report       cvss: [Object]
2017 silly audit report     },
2017 silly audit report     {
2017 silly audit report       id: 1114396,
2017 silly audit report       url: 'https://github.com/advisories/GHSA-p5xg-68wr-hm3m',
2017 silly audit report       title: 'jsPDF has a PDF Injection in AcroForm module allows Arbitrary JavaScript Execution (RadioButton.createOption and "AS" property)',
2017 silly audit report       severity: 'high',
2017 silly audit report       vulnerable_versions: '<4.2.0',
2017 silly audit report       cwe: [Array],
2017 silly audit report       cvss: [Object]
2017 silly audit report     },
2017 silly audit report     {
2017 silly audit report       id: 1114950,
2017 silly audit report       url: 'https://github.com/advisories/GHSA-7x6v-j9x4-qf24',
2017 silly audit report       title: 'jsPDF has a PDF Object Injection via FreeText color',
2017 silly audit report       severity: 'high',
2017 silly audit report       vulnerable_versions: '<=4.2.0',
2017 silly audit report       cwe: [Array],
2017 silly audit report       cvss: [Object]
2017 silly audit report     },
2017 silly audit report     {
2017 silly audit report       id: 1114974,
2017 silly audit report       url: 'https://github.com/advisories/GHSA-wfv2-pwc8-crg5',
2017 silly audit report       title: 'jsPDF has HTML Injection in New Window paths',
2017 silly audit report       severity: 'critical',
2017 silly audit report       vulnerable_versions: '<=4.2.0',
2017 silly audit report       cwe: [Array],
2017 silly audit report       cvss: [Object]
2017 silly audit report     }
2017 silly audit report   ],
2017 silly audit report   lodash: [
2017 silly audit report     {
2017 silly audit report       id: 1115806,
2017 silly audit report       url: 'https://github.com/advisories/GHSA-r5fr-rjxr-66jc',
2017 silly audit report       title: 'lodash vulnerable to Code Injection via `_.template` imports key names',
2017 silly audit report       severity: 'high',
2017 silly audit report       vulnerable_versions: '>=4.0.0 <=4.17.23',
2017 silly audit report       cwe: [Array],
2017 silly audit report       cvss: [Object]
2017 silly audit report     },
2017 silly audit report     {
2017 silly audit report       id: 1115810,
2017 silly audit report       url: 'https://github.com/advisories/GHSA-f23m-r3pf-42rh',
2017 silly audit report       title: 'lodash vulnerable to Prototype Pollution via array path bypass in `_.unset` and `_.omit`',
2017 silly audit report       severity: 'moderate',
2017 silly audit report       vulnerable_versions: '<=4.17.23',
2017 silly audit report       cwe: [Array],
2017 silly audit report       cvss: [Object]
2017 silly audit report     }
2017 silly audit report   ],
2017 silly audit report   picomatch: [
2017 silly audit report     {
2017 silly audit report       id: 1115549,
2017 silly audit report       url: 'https://github.com/advisories/GHSA-3v7f-55p6-f55p',
2017 silly audit report       title: 'Picomatch: Method Injection in POSIX Character Classes causes incorrect Glob Matching',
2017 silly audit report       severity: 'moderate',
2017 silly audit report       vulnerable_versions: '<2.3.2',
2017 silly audit report       cwe: [Array],
2017 silly audit report       cvss: [Object]
2017 silly audit report     },
2017 silly audit report     {
2017 silly audit report       id: 1115551,
2017 silly audit report       url: 'https://github.com/advisories/GHSA-3v7f-55p6-f55p',
2017 silly audit report       title: 'Picomatch: Method Injection in POSIX Character Classes causes incorrect Glob Matching',
2017 silly audit report       severity: 'moderate',
2017 silly audit report       vulnerable_versions: '>=4.0.0 <4.0.4',
2017 silly audit report       cwe: [Array],
2017 silly audit report       cvss: [Object]
2017 silly audit report     },
2017 silly audit report     {
2017 silly audit report       id: 1115552,
2017 silly audit report       url: 'https://github.com/advisories/GHSA-c2c7-rcm5-vvqj',
2017 silly audit report       title: 'Picomatch has a ReDoS vulnerability via extglob quantifiers',
2017 silly audit report       severity: 'high',
2017 silly audit report       vulnerable_versions: '<2.3.2',
2017 silly audit report       cwe: [Array],
2017 silly audit report       cvss: [Object]
2017 silly audit report     },
2017 silly audit report     {
2017 silly audit report       id: 1115554,
2017 silly audit report       url: 'https://github.com/advisories/GHSA-c2c7-rcm5-vvqj',
2017 silly audit report       title: 'Picomatch has a ReDoS vulnerability via extglob quantifiers',
2017 silly audit report       severity: 'high',
2017 silly audit report       vulnerable_versions: '>=4.0.0 <4.0.4',
2017 silly audit report       cwe: [Array],
2017 silly audit report       cvss: [Object]
2017 silly audit report     }
2017 silly audit report   ],
2017 silly audit report   postcss: [
2017 silly audit report     {
2017 silly audit report       id: 1117015,
2017 silly audit report       url: 'https://github.com/advisories/GHSA-qx2v-qp2m-jg93',
2017 silly audit report       title: 'PostCSS has XSS via Unescaped </style> in its CSS Stringify Output',
2017 silly audit report       severity: 'moderate',
2017 silly audit report       vulnerable_versions: '<8.5.10',
2017 silly audit report       cwe: [Array],
2017 silly audit report       cvss: [Object]
2017 silly audit report     }
2017 silly audit report   ],
2017 silly audit report   rollup: [
2017 silly audit report     {
2017 silly audit report       id: 1113515,
2017 silly audit report       url: 'https://github.com/advisories/GHSA-mw96-cpmx-2vgc',
2017 silly audit report       title: 'Rollup 4 has Arbitrary File Write via Path Traversal',
2017 silly audit report       severity: 'high',
2017 silly audit report       vulnerable_versions: '>=4.0.0 <4.59.0',
2017 silly audit report       cwe: [Array],
2017 silly audit report       cvss: [Object]
2017 silly audit report     },
2017 silly audit report     {
2017 silly audit report       id: 1113517,
2017 silly audit report       url: 'https://github.com/advisories/GHSA-mw96-cpmx-2vgc',
2017 silly audit report       title: 'Rollup 4 has Arbitrary File Write via Path Traversal',
2017 silly audit report       severity: 'high',
2017 silly audit report       vulnerable_versions: '<2.80.0',
2017 silly audit report       cwe: [Array],
2017 silly audit report       cvss: [Object]
2017 silly audit report     }
2017 silly audit report   ],
2017 silly audit report   'serialize-javascript': [
2017 silly audit report     {
2017 silly audit report       id: 1113686,
2017 silly audit report       url: 'https://github.com/advisories/GHSA-5c6j-r48x-rmvq',
2017 silly audit report       title: 'Serialize JavaScript is Vulnerable to RCE via RegExp.flags and Date.prototype.toISOString()',
2017 silly audit report       severity: 'high',
2017 silly audit report       vulnerable_versions: '<=7.0.2',
2017 silly audit report       cwe: [Array],
2017 silly audit report       cvss: [Object]
2017 silly audit report     },
2017 silly audit report     {
2017 silly audit report       id: 1115723,
2017 silly audit report       url: 'https://github.com/advisories/GHSA-qj8w-gfj5-8c6v',
2017 silly audit report       title: 'Serialize JavaScript has CPU Exhaustion Denial of Service via crafted array-like objects',
2017 silly audit report       severity: 'moderate',
2017 silly audit report       vulnerable_versions: '<7.0.5',
2017 silly audit report       cwe: [Array],
2017 silly audit report       cvss: [Object]
2017 silly audit report     }
2017 silly audit report   ],
2017 silly audit report   vite: [
2017 silly audit report     {
2017 silly audit report       id: 1116230,
2017 silly audit report       url: 'https://github.com/advisories/GHSA-4w7w-66w2-5vf9',
2017 silly audit report       title: 'Vite Vulnerable to Path Traversal in Optimized Deps `.map` Handling',
2017 silly audit report       severity: 'moderate',
2017 silly audit report       vulnerable_versions: '>=7.0.0 <=7.3.1',
2017 silly audit report       cwe: [Array],
2017 silly audit report       cvss: [Object]
2017 silly audit report     },
2017 silly audit report     {
2017 silly audit report       id: 1116232,
2017 silly audit report       url: 'https://github.com/advisories/GHSA-v2wj-q39q-566r',
2017 silly audit report       title: 'Vite: `server.fs.deny` bypassed with queries',
2017 silly audit report       severity: 'high',
2017 silly audit report       vulnerable_versions: '>=7.1.0 <=7.3.1',
2017 silly audit report       cwe: [Array],
2017 silly audit report       cvss: [Object]
2017 silly audit report     },
2017 silly audit report     {
2017 silly audit report       id: 1116235,
2017 silly audit report       url: 'https://github.com/advisories/GHSA-p9ff-h696-f583',
2017 silly audit report       title: 'Vite Vulnerable to Arbitrary File Read via Vite Dev Server WebSocket',
2017 silly audit report       severity: 'high',
2017 silly audit report       vulnerable_versions: '>=7.0.0 <=7.3.1',
2017 silly audit report       cwe: [Array],
2017 silly audit report       cvss: [Object]
2017 silly audit report     }
2017 silly audit report   ],
2017 silly audit report   xlsx: [
2017 silly audit report     {
2017 silly audit report       id: 1108110,
2017 silly audit report       url: 'https://github.com/advisories/GHSA-4r6h-8v6p-xvw6',
2017 silly audit report       title: 'Prototype Pollution in sheetJS',
2017 silly audit report       severity: 'high',
2017 silly audit report       vulnerable_versions: '<0.19.3',
2017 silly audit report       cwe: [Array],
2017 silly audit report       cvss: [Object]
2017 silly audit report     },
2017 silly audit report     {
2017 silly audit report       id: 1108111,
2017 silly audit report       url: 'https://github.com/advisories/GHSA-5pgg-2g8v-p4x9',
2017 silly audit report       title: 'SheetJS Regular Expression Denial of Service (ReDoS)',
2017 silly audit report       severity: 'high',
2017 silly audit report       vulnerable_versions: '<0.20.2',
2017 silly audit report       cwe: [Array],
2017 silly audit report       cvss: [Object]
2017 silly audit report     }
2017 silly audit report   ]
2017 silly audit report }
2018 silly packumentCache corgi:https://registry.npmjs.org/brace-expansion cache-miss
2019 silly packumentCache corgi:https://registry.npmjs.org/minimatch cache-miss
2020 silly packumentCache corgi:https://registry.npmjs.org/ajv cache-miss
2021 silly packumentCache corgi:https://registry.npmjs.org/axios cache-miss
2022 silly packumentCache corgi:https://registry.npmjs.org/dompurify cache-miss
2023 silly packumentCache corgi:https://registry.npmjs.org/flatted cache-miss
2024 silly packumentCache corgi:https://registry.npmjs.org/follow-redirects cache-miss
2025 silly packumentCache corgi:https://registry.npmjs.org/jspdf cache-miss
2026 silly packumentCache corgi:https://registry.npmjs.org/lodash cache-miss
2027 silly packumentCache corgi:https://registry.npmjs.org/picomatch cache-miss
2028 silly packumentCache corgi:https://registry.npmjs.org/postcss cache-miss
2029 silly packumentCache corgi:https://registry.npmjs.org/rollup cache-miss
2030 silly packumentCache corgi:https://registry.npmjs.org/serialize-javascript cache-miss
2031 silly packumentCache corgi:https://registry.npmjs.org/vite cache-miss
2032 silly packumentCache corgi:https://registry.npmjs.org/xlsx cache-miss
2033 http fetch GET 200 https://registry.npmjs.org/concat-map/-/concat-map-0.0.1.tgz 1221ms (cache miss)
2034 http fetch GET 200 https://registry.npmjs.org/lodash.merge/-/lodash.merge-4.6.2.tgz 1224ms (cache miss)
2035 http fetch GET 200 https://registry.npmjs.org/minimatch/-/minimatch-3.1.5.tgz 1224ms (cache miss)
2036 http fetch GET 200 https://registry.npmjs.org/has-flag/-/has-flag-4.0.0.tgz 1545ms (cache miss)
2037 http fetch GET 200 https://registry.npmjs.org/parent-module/-/parent-module-1.0.1.tgz 1558ms (cache miss)
2038 http fetch GET 200 https://registry.npmjs.org/strip-json-comments/-/strip-json-comments-3.1.1.tgz 1561ms (cache miss)
2039 http fetch GET 200 https://registry.npmjs.org/import-fresh/-/import-fresh-3.3.1.tgz 1565ms (cache miss)
2040 http fetch GET 200 https://registry.npmjs.org/callsites/-/callsites-3.1.0.tgz 1570ms (cache miss)
2041 http fetch GET 200 https://registry.npmjs.org/supports-color/-/supports-color-7.2.0.tgz 1573ms (cache miss)
2042 http fetch GET 200 https://registry.npmjs.org/esrecurse/-/esrecurse-4.3.0.tgz 1594ms (cache miss)
2043 http fetch GET 200 https://registry.npmjs.org/resolve-from/-/resolve-from-4.0.0.tgz 1622ms (cache miss)
2044 http fetch GET 200 https://registry.npmjs.org/acorn-jsx/-/acorn-jsx-5.3.2.tgz 1640ms (cache miss)
2045 http fetch GET 200 https://registry.npmjs.org/@types/json-schema/-/json-schema-7.0.15.tgz 1668ms (cache miss)
2046 http fetch GET 200 https://registry.npmjs.org/yallist/-/yallist-3.1.1.tgz 1659ms (cache miss)
2047 http fetch GET 200 https://registry.npmjs.org/y18n/-/y18n-4.0.3.tgz 1667ms (cache miss)
2048 http fetch GET 200 https://registry.npmjs.org/@eslint/js/-/js-9.39.4.tgz 1671ms (cache miss)
2049 http fetch GET 200 https://registry.npmjs.org/xml-name-validator/-/xml-name-validator-5.0.0.tgz 1674ms (cache miss)
2050 http fetch GET 200 https://registry.npmjs.org/yocto-queue/-/yocto-queue-0.1.0.tgz 1687ms (cache miss)
2051 http fetch GET 200 https://registry.npmjs.org/@types/react-dom/-/react-dom-19.2.3.tgz 1701ms (cache miss)
2052 http fetch GET 200 https://registry.npmjs.org/@eslint/object-schema/-/object-schema-2.1.7.tgz 1747ms (cache miss)
2053 http fetch GET 200 https://registry.npmjs.org/globals/-/globals-14.0.0.tgz 1760ms (cache miss)
2054 http fetch GET 200 https://registry.npmjs.org/workbox-sw/-/workbox-sw-7.4.0.tgz 1764ms (cache miss)
2055 http fetch GET 200 https://registry.npmjs.org/@eslint/config-helpers/-/config-helpers-0.4.2.tgz 1852ms (cache miss)
2056 http fetch GET 200 https://registry.npmjs.org/@react-leaflet/core/-/core-3.0.0.tgz 1867ms (cache miss)
2057 http fetch GET 200 https://registry.npmjs.org/chalk/-/chalk-4.1.2.tgz 1866ms (cache miss)
2058 http fetch GET 200 https://registry.npmjs.org/yargs-parser/-/yargs-parser-18.1.3.tgz 1869ms (cache miss)
2059 http fetch GET 200 https://registry.npmjs.org/eslint-scope/-/eslint-scope-8.4.0.tgz 1890ms (cache miss)
2060 http fetch GET 200 https://registry.npmjs.org/espree/-/espree-10.4.0.tgz 1965ms (cache miss)
2061 http fetch GET 200 https://registry.npmjs.org/@eslint/core/-/core-0.17.0.tgz 1986ms (cache miss)
2062 http fetch GET 200 https://registry.npmjs.org/word-wrap/-/word-wrap-1.2.5.tgz 1970ms (cache miss)
2063 http fetch GET 200 https://registry.npmjs.org/xmlchars/-/xmlchars-2.2.0.tgz 1993ms (cache miss)
2064 http fetch GET 200 https://registry.npmjs.org/word/-/word-0.3.0.tgz 2007ms (cache miss)
2065 http fetch GET 200 https://registry.npmjs.org/which-module/-/which-module-2.0.1.tgz 2013ms (cache miss)
2066 http fetch GET 200 https://registry.npmjs.org/@eslint/plugin-kit/-/plugin-kit-0.4.1.tgz 2063ms (cache miss)
2067 http fetch GET 200 https://registry.npmjs.org/why-is-node-running/-/why-is-node-running-2.3.0.tgz 2052ms (cache miss)
2068 http fetch GET 200 https://registry.npmjs.org/which-collection/-/which-collection-1.0.2.tgz 2070ms (cache miss)
2069 http fetch GET 200 https://registry.npmjs.org/which-builtin-type/-/which-builtin-type-1.2.1.tgz 2070ms (cache miss)
2070 http fetch GET 200 https://registry.npmjs.org/which-typed-array/-/which-typed-array-1.1.20.tgz 2075ms (cache miss)
2071 http fetch GET 200 https://registry.npmjs.org/which-boxed-primitive/-/which-boxed-primitive-1.1.1.tgz 2076ms (cache miss)
2072 http fetch GET 200 https://registry.npmjs.org/w3c-keyname/-/w3c-keyname-2.2.8.tgz 2137ms (cache miss)
2073 http fetch GET 200 https://registry.npmjs.org/which/-/which-2.0.2.tgz 2139ms (cache miss)
2074 http fetch GET 200 https://registry.npmjs.org/webidl-conversions/-/webidl-conversions-4.0.2.tgz 2152ms (cache miss)
2075 http fetch GET 200 https://registry.npmjs.org/w3c-xmlserializer/-/w3c-xmlserializer-5.0.0.tgz 2160ms (cache miss)
2076 http fetch GET 200 https://registry.npmjs.org/whatwg-mimetype/-/whatwg-mimetype-5.0.0.tgz 2164ms (cache miss)
2077 http fetch GET 200 https://registry.npmjs.org/vietqr/-/vietqr-1.1.9.tgz 2171ms (cache miss)
2078 http fetch GET 200 https://registry.npmjs.org/whatwg-url/-/whatwg-url-7.1.0.tgz 2183ms (cache miss)
2079 http fetch GET 200 https://registry.npmjs.org/react-leaflet/-/react-leaflet-5.0.0.tgz 2213ms (cache miss)
2080 http fetch GET 200 https://registry.npmjs.org/update-browserslist-db/-/update-browserslist-db-1.2.3.tgz 2242ms (cache miss)
2081 http fetch GET 200 https://registry.npmjs.org/zod-validation-error/-/zod-validation-error-4.0.2.tgz 2277ms (cache miss)
2082 http fetch GET 200 https://registry.npmjs.org/unicode-match-property-value-ecmascript/-/unicode-match-property-value-ecmascript-2.2.1.tgz 2246ms (cache miss)
2083 http fetch GET 200 https://registry.npmjs.org/universalify/-/universalify-2.0.1.tgz 2248ms (cache miss)
2084 http fetch GET 200 https://registry.npmjs.org/unicode-canonical-property-names-ecmascript/-/unicode-canonical-property-names-ecmascript-2.0.1.tgz 2247ms (cache miss)
2085 http fetch GET 200 https://registry.npmjs.org/upath/-/upath-1.2.0.tgz 2250ms (cache miss)
2086 http fetch GET 200 https://registry.npmjs.org/unicode-property-aliases-ecmascript/-/unicode-property-aliases-ecmascript-2.2.0.tgz 2276ms (cache miss)
2087 http fetch GET 200 https://registry.npmjs.org/unique-string/-/unique-string-2.0.0.tgz 2285ms (cache miss)
2088 http fetch GET 200 https://registry.npmjs.org/unicode-match-property-ecmascript/-/unicode-match-property-ecmascript-2.0.0.tgz 2302ms (cache miss)
2089 http fetch GET 200 https://registry.npmjs.org/uc.micro/-/uc.micro-2.1.0.tgz 2315ms (cache miss)
2090 http fetch GET 200 https://registry.npmjs.org/use-sync-external-store/-/use-sync-external-store-1.6.0.tgz 2341ms (cache miss)
2091 http fetch GET 200 https://registry.npmjs.org/unbox-primitive/-/unbox-primitive-1.1.0.tgz 2340ms (cache miss)
2092 http fetch GET 200 https://registry.npmjs.org/typed-array-byte-length/-/typed-array-byte-length-1.0.3.tgz 2359ms (cache miss)
2093 http fetch GET 200 https://registry.npmjs.org/workbox-range-requests/-/workbox-range-requests-7.4.0.tgz 2401ms (cache miss)
2094 http fetch GET 200 https://registry.npmjs.org/typed-array-length/-/typed-array-length-1.0.7.tgz 2415ms (cache miss)
2095 http fetch GET 200 https://registry.npmjs.org/wmf/-/wmf-1.0.2.tgz 2433ms (cache miss)
2096 http fetch GET 200 https://registry.npmjs.org/typed-array-byte-offset/-/typed-array-byte-offset-1.0.4.tgz 2450ms (cache miss)
2097 http fetch GET 200 https://registry.npmjs.org/type-check/-/type-check-0.4.0.tgz 2582ms (cache miss)
2098 http fetch GET 200 https://registry.npmjs.org/workbox-recipes/-/workbox-recipes-7.4.0.tgz 2617ms (cache miss)
2099 http fetch GET 200 https://registry.npmjs.org/tinyrainbow/-/tinyrainbow-3.0.3.tgz 2623ms (cache miss)
2100 http fetch GET 200 https://registry.npmjs.org/tinyglobby/-/tinyglobby-0.2.15.tgz 2624ms (cache miss)
2101 http fetch GET 200 https://registry.npmjs.org/workbox-cacheable-response/-/workbox-cacheable-response-7.4.0.tgz 2654ms (cache miss)
2102 http fetch GET 200 https://registry.npmjs.org/typescript-eslint/-/typescript-eslint-8.56.1.tgz 2646ms (cache miss)
2103 http fetch GET 200 https://registry.npmjs.org/tinybench/-/tinybench-2.9.0.tgz 2641ms (cache miss)
2104 http fetch GET 200 https://registry.npmjs.org/tinyexec/-/tinyexec-1.0.2.tgz 2665ms (cache miss)
2105 http fetch GET 200 https://registry.npmjs.org/tiny-invariant/-/tiny-invariant-1.3.3.tgz 2712ms (cache miss)
2106 http fetch GET 200 https://registry.npmjs.org/temp-dir/-/temp-dir-2.0.0.tgz 2741ms (cache miss)
2107 http fetch GET 200 https://registry.npmjs.org/workbox-streams/-/workbox-streams-7.4.0.tgz 2991ms (cache miss)
2108 http fetch GET 200 https://registry.npmjs.org/@types/react/-/react-19.2.14.tgz 3115ms (cache miss)
2109 http fetch GET 200 https://registry.npmjs.org/workbox-navigation-preload/-/workbox-navigation-preload-7.4.0.tgz 3224ms (cache miss)
2110 http fetch GET 200 https://registry.npmjs.org/ws/-/ws-8.19.0.tgz 3256ms (cache miss)
2111 http fetch GET 200 https://registry.npmjs.org/@eslint/config-array/-/config-array-0.21.2.tgz 3288ms (cache miss)
2112 http fetch GET 200 https://registry.npmjs.org/tslib/-/tslib-2.8.1.tgz 3306ms (cache miss)
2113 http fetch GET 200 https://registry.npmjs.org/typed-array-buffer/-/typed-array-buffer-1.0.3.tgz 3364ms (cache miss)
2114 http fetch GET 200 https://registry.npmjs.org/symbol-tree/-/symbol-tree-3.2.4.tgz 3418ms (cache miss)
2115 http fetch GET 200 https://registry.npmjs.org/supports-preserve-symlinks-flag/-/supports-preserve-symlinks-flag-1.0.0.tgz 3441ms (cache miss)
2116 http fetch GET 200 https://registry.npmjs.org/string.prototype.repeat/-/string.prototype.repeat-1.0.0.tgz 3452ms (cache miss)
2117 http fetch GET 200 https://registry.npmjs.org/tr46/-/tr46-1.0.1.tgz 3465ms (cache miss)
2118 http fetch GET 200 https://registry.npmjs.org/ts-api-utils/-/ts-api-utils-2.4.0.tgz 3466ms (cache miss)
2119 http fetch GET 200 https://registry.npmjs.org/js-yaml/-/js-yaml-4.1.1.tgz 3515ms (cache miss)
2120 http fetch GET 200 https://registry.npmjs.org/zustand/-/zustand-5.0.10.tgz 3506ms (cache miss)
2121 http fetch GET 200 https://registry.npmjs.org/string.prototype.trimend/-/string.prototype.trimend-1.0.9.tgz 3480ms (cache miss)
2122 http fetch GET 200 https://registry.npmjs.org/tempy/-/tempy-0.6.0.tgz 3486ms (cache miss)
2123 http fetch GET 200 https://registry.npmjs.org/stringify-object/-/stringify-object-3.3.0.tgz 3501ms (cache miss)
2124 http fetch GET 200 https://registry.npmjs.org/type-fest/-/type-fest-0.16.0.tgz 3524ms (cache miss)
2125 http fetch GET 200 https://registry.npmjs.org/strip-indent/-/strip-indent-3.0.0.tgz 3520ms (cache miss)
2126 http fetch GET 200 https://registry.npmjs.org/string.prototype.trimstart/-/string.prototype.trimstart-1.0.8.tgz 3592ms (cache miss)
2127 http fetch GET 200 https://registry.npmjs.org/string.prototype.trim/-/string.prototype.trim-1.2.10.tgz 3591ms (cache miss)
2128 http fetch GET 200 https://registry.npmjs.org/std-env/-/std-env-3.10.0.tgz 3596ms (cache miss)
2129 http fetch GET 200 https://registry.npmjs.org/string.prototype.matchall/-/string.prototype.matchall-4.0.12.tgz 3691ms (cache miss)
2130 http fetch GET 200 https://registry.npmjs.org/string.prototype.includes/-/string.prototype.includes-2.0.1.tgz 3695ms (cache miss)
2131 http fetch GET 200 https://registry.npmjs.org/sourcemap-codec/-/sourcemap-codec-1.4.8.tgz 3692ms (cache miss)
2132 http fetch GET 200 https://registry.npmjs.org/stop-iteration-iterator/-/stop-iteration-iterator-1.1.0.tgz 3695ms (cache miss)
2133 http fetch GET 200 https://registry.npmjs.org/workbox-google-analytics/-/workbox-google-analytics-7.4.0.tgz 3734ms (cache miss)
2134 http fetch GET 200 https://registry.npmjs.org/workbox-broadcast-update/-/workbox-broadcast-update-7.4.0.tgz 3728ms (cache miss)
2135 http fetch GET 200 https://registry.npmjs.org/strip-comments/-/strip-comments-2.0.1.tgz 3730ms (cache miss)
2136 http fetch GET 200 https://registry.npmjs.org/source-map-support/-/source-map-support-0.5.21.tgz 3727ms (cache miss)
2137 http fetch GET 200 https://registry.npmjs.org/shebang-command/-/shebang-command-2.0.0.tgz 3726ms (cache miss)
2138 http fetch GET 200 https://registry.npmjs.org/stackback/-/stackback-0.0.2.tgz 3826ms (cache miss)
2139 http fetch GET 200 https://registry.npmjs.org/siginfo/-/siginfo-2.0.0.tgz 3825ms (cache miss)
2140 http fetch GET 200 https://registry.npmjs.org/workbox-expiration/-/workbox-expiration-7.4.0.tgz 3867ms (cache miss)
2141 http fetch GET 200 https://registry.npmjs.org/set-function-name/-/set-function-name-2.0.2.tgz 3825ms (cache miss)
2142 http fetch GET 200 https://registry.npmjs.org/safe-regex-test/-/safe-regex-test-1.1.0.tgz 3824ms (cache miss)
2143 http fetch GET 200 https://registry.npmjs.org/shebang-regex/-/shebang-regex-3.0.0.tgz 3889ms (cache miss)
2144 http fetch GET 200 https://registry.npmjs.org/side-channel-weakmap/-/side-channel-weakmap-1.0.2.tgz 3892ms (cache miss)
2145 http fetch GET 200 https://registry.npmjs.org/ssf/-/ssf-0.11.2.tgz 3897ms (cache miss)
2146 http fetch GET 200 https://registry.npmjs.org/set-proto/-/set-proto-1.0.0.tgz 3937ms (cache miss)
2147 http fetch GET 200 https://registry.npmjs.org/rope-sequence/-/rope-sequence-1.3.4.tgz 3928ms (cache miss)
2148 http fetch GET 200 https://registry.npmjs.org/safe-buffer/-/safe-buffer-5.2.1.tgz 3930ms (cache miss)
2149 http fetch GET 200 https://registry.npmjs.org/regenerate/-/regenerate-1.4.2.tgz 3925ms (cache miss)
2150 http fetch GET 200 https://registry.npmjs.org/require-directory/-/require-directory-2.1.1.tgz 3932ms (cache miss)
2151 http fetch GET 200 https://registry.npmjs.org/side-channel-list/-/side-channel-list-1.0.0.tgz 3972ms (cache miss)
2152 warn deprecated sourcemap-codec@1.4.8: Please use @jridgewell/sourcemap-codec instead
2153 http fetch GET 200 https://registry.npmjs.org/tapable/-/tapable-2.3.0.tgz 3990ms (cache miss)
2154 http fetch GET 200 https://registry.npmjs.org/set-blocking/-/set-blocking-2.0.0.tgz 3976ms (cache miss)
2155 http fetch GET 200 https://registry.npmjs.org/serialize-javascript/-/serialize-javascript-6.0.2.tgz 3977ms (cache miss)
2156 http fetch GET 200 https://registry.npmjs.org/set-cookie-parser/-/set-cookie-parser-2.7.2.tgz 3979ms (cache miss)
2157 http fetch GET 200 https://registry.npmjs.org/safe-array-concat/-/safe-array-concat-1.1.3.tgz 3973ms (cache miss)
2158 http fetch GET 200 https://registry.npmjs.org/regjsparser/-/regjsparser-0.13.0.tgz 3971ms (cache miss)
2159 http fetch GET 200 https://registry.npmjs.org/regjsgen/-/regjsgen-0.8.0.tgz 3972ms (cache miss)
2160 http fetch GET 200 https://registry.npmjs.org/side-channel/-/side-channel-1.1.0.tgz 4015ms (cache miss)
2161 http fetch GET 200 https://registry.npmjs.org/side-channel-map/-/side-channel-map-1.0.1.tgz 4017ms (cache miss)
2162 http fetch GET 200 https://registry.npmjs.org/safe-push-apply/-/safe-push-apply-1.0.0.tgz 4018ms (cache miss)
2163 http fetch GET 200 https://registry.npmjs.org/semver/-/semver-6.3.1.tgz 4024ms (cache miss)
2164 http fetch GET 200 https://registry.npmjs.org/rgbcolor/-/rgbcolor-1.0.1.tgz 4017ms (cache miss)
2165 http fetch GET 200 https://registry.npmjs.org/require-from-string/-/require-from-string-2.0.2.tgz 4018ms (cache miss)
2166 http fetch GET 200 https://registry.npmjs.org/saxes/-/saxes-6.0.0.tgz 4026ms (cache miss)
2167 http fetch GET 200 https://registry.npmjs.org/utrie/-/utrie-1.0.2.tgz 4072ms (cache miss)
2168 http fetch GET 200 https://registry.npmjs.org/reflect.getprototypeof/-/reflect.getprototypeof-1.0.10.tgz 4036ms (cache miss)
2169 http fetch GET 200 https://registry.npmjs.org/redux-thunk/-/redux-thunk-3.1.0.tgz 4071ms (cache miss)
2170 http fetch GET 200 https://registry.npmjs.org/sonner/-/sonner-2.0.7.tgz 4097ms (cache miss)
2171 http fetch GET 200 https://registry.npmjs.org/set-function-length/-/set-function-length-1.2.2.tgz 4102ms (cache miss)
2172 http fetch GET 200 https://registry.npmjs.org/require-main-filename/-/require-main-filename-2.0.0.tgz 4093ms (cache miss)
2173 http fetch GET 200 https://registry.npmjs.org/react-router-dom/-/react-router-dom-7.13.0.tgz 4102ms (cache miss)
2174 http fetch GET 200 https://registry.npmjs.org/react-is/-/react-is-19.2.4.tgz 4100ms (cache miss)
2175 http fetch GET 200 https://registry.npmjs.org/redent/-/redent-3.0.0.tgz 4184ms (cache miss)
2176 http fetch GET 200 https://registry.npmjs.org/punycode.js/-/punycode.js-2.3.1.tgz 4247ms (cache miss)
2177 http fetch GET 200 https://registry.npmjs.org/regenerator-runtime/-/regenerator-runtime-0.13.11.tgz 4265ms (cache miss)
2178 http fetch GET 200 https://registry.npmjs.org/raf/-/raf-3.4.1.tgz 4323ms (cache miss)
2179 http fetch GET 200 https://registry.npmjs.org/vite-plugin-pwa/-/vite-plugin-pwa-1.2.0.tgz 4374ms (cache miss)
2180 http fetch GET 200 https://registry.npmjs.org/scheduler/-/scheduler-0.27.0.tgz 4456ms (cache miss)
2181 http fetch GET 200 https://registry.npmjs.org/react-refresh/-/react-refresh-0.18.0.tgz 4479ms (cache miss)
2182 http fetch GET 200 https://registry.npmjs.org/workbox-routing/-/workbox-routing-7.4.0.tgz 4548ms (cache miss)
2183 http fetch GET 200 https://registry.npmjs.org/regexp.prototype.flags/-/regexp.prototype.flags-1.5.4.tgz 4493ms (cache miss)
2184 http fetch GET 200 https://registry.npmjs.org/regexpu-core/-/regexpu-core-6.4.0.tgz 4493ms (cache miss)
2185 http fetch GET 200 https://registry.npmjs.org/prosemirror-inputrules/-/prosemirror-inputrules-1.5.1.tgz 4483ms (cache miss)
2186 http fetch GET 200 https://registry.npmjs.org/prosemirror-keymap/-/prosemirror-keymap-1.2.3.tgz 4491ms (cache miss)
2187 http fetch GET 200 https://registry.npmjs.org/randombytes/-/randombytes-2.1.0.tgz 4542ms (cache miss)
2188 http fetch GET 200 https://registry.npmjs.org/smob/-/smob-1.6.1.tgz 4566ms (cache miss)
2189 http fetch GET 200 https://registry.npmjs.org/prosemirror-dropcursor/-/prosemirror-dropcursor-1.8.2.tgz 4545ms (cache miss)
2190 http fetch GET 200 https://registry.npmjs.org/punycode/-/punycode-2.3.1.tgz 4583ms (cache miss)
2191 http fetch GET 200 https://registry.npmjs.org/prosemirror-trailing-node/-/prosemirror-trailing-node-3.0.0.tgz 4586ms (cache miss)
2192 http fetch GET 200 https://registry.npmjs.org/possible-typed-array-names/-/possible-typed-array-names-1.1.0.tgz 4567ms (cache miss)
2193 http fetch GET 200 https://registry.npmjs.org/prosemirror-gapcursor/-/prosemirror-gapcursor-1.4.0.tgz 4640ms (cache miss)
2194 http fetch GET 200 https://registry.npmjs.org/path-exists/-/path-exists-4.0.0.tgz 4619ms (cache miss)
2195 http fetch GET 200 https://registry.npmjs.org/postcss-value-parser/-/postcss-value-parser-4.2.0.tgz 4649ms (cache miss)
2196 http fetch GET 200 https://registry.npmjs.org/prosemirror-collab/-/prosemirror-collab-1.3.1.tgz 4667ms (cache miss)
2197 http fetch GET 200 https://registry.npmjs.org/prosemirror-schema-basic/-/prosemirror-schema-basic-1.2.4.tgz 4712ms (cache miss)
2198 http fetch GET 200 https://registry.npmjs.org/p-locate/-/p-locate-5.0.0.tgz 4686ms (cache miss)
2199 http fetch GET 200 https://registry.npmjs.org/stackblur-canvas/-/stackblur-canvas-2.7.0.tgz 4766ms (cache miss)
2200 http fetch GET 200 https://registry.npmjs.org/yargs/-/yargs-15.4.1.tgz 4812ms (cache miss)
2201 http fetch GET 200 https://registry.npmjs.org/prosemirror-schema-list/-/prosemirror-schema-list-1.5.1.tgz 4738ms (cache miss)
2202 http fetch GET 200 https://registry.npmjs.org/prelude-ls/-/prelude-ls-1.2.1.tgz 4718ms (cache miss)
2203 http fetch GET 200 https://registry.npmjs.org/path-parse/-/path-parse-1.0.7.tgz 4718ms (cache miss)
2204 http fetch GET 200 https://registry.npmjs.org/p-limit/-/p-limit-3.1.0.tgz 4718ms (cache miss)
2205 http fetch GET 200 https://registry.npmjs.org/source-map-js/-/source-map-js-1.2.1.tgz 4797ms (cache miss)
2206 http fetch GET 200 https://registry.npmjs.org/pretty-bytes/-/pretty-bytes-6.1.1.tgz 4753ms (cache miss)
2207 http fetch GET 200 https://registry.npmjs.org/package-json-from-dist/-/package-json-from-dist-1.0.1.tgz 4747ms (cache miss)
2208 http fetch GET 200 https://registry.npmjs.org/picomatch/-/picomatch-4.0.3.tgz 4752ms (cache miss)
2209 http fetch GET 200 https://registry.npmjs.org/orderedmap/-/orderedmap-2.1.1.tgz 4747ms (cache miss)
2210 http fetch GET 200 https://registry.npmjs.org/own-keys/-/own-keys-1.0.1.tgz 4748ms (cache miss)
2211 http fetch GET 200 https://registry.npmjs.org/picocolors/-/picocolors-1.1.1.tgz 4772ms (cache miss)
2212 http fetch GET 200 https://registry.npmjs.org/p-try/-/p-try-2.2.0.tgz 4772ms (cache miss)
2213 http fetch GET 200 https://registry.npmjs.org/optionator/-/optionator-0.9.4.tgz 4771ms (cache miss)
2214 http fetch GET 200 https://registry.npmjs.org/workbox-background-sync/-/workbox-background-sync-7.4.0.tgz 4883ms (cache miss)
2215 http fetch GET 200 https://registry.npmjs.org/prosemirror-history/-/prosemirror-history-1.5.0.tgz 4827ms (cache miss)
2216 http fetch GET 200 https://registry.npmjs.org/obug/-/obug-2.1.1.tgz 4800ms (cache miss)
2217 http fetch GET 200 https://registry.npmjs.org/object-assign/-/object-assign-4.1.1.tgz 4798ms (cache miss)
2218 http fetch GET 200 https://registry.npmjs.org/node-releases/-/node-releases-2.0.27.tgz 4797ms (cache miss)
2219 http fetch GET 200 https://registry.npmjs.org/ms/-/ms-2.1.3.tgz 4798ms (cache miss)
2220 http fetch GET 200 https://registry.npmjs.org/nanoid/-/nanoid-3.3.11.tgz 4798ms (cache miss)
2221 http fetch GET 200 https://registry.npmjs.org/object-keys/-/object-keys-1.1.1.tgz 4801ms (cache miss)
2222 http fetch GET 200 https://registry.npmjs.org/prop-types/-/prop-types-15.8.1.tgz 4925ms (cache miss)
2223 http fetch GET 200 https://registry.npmjs.org/object.fromentries/-/object.fromentries-2.0.8.tgz 4901ms (cache miss)
2224 http fetch GET 200 https://registry.npmjs.org/undici-types/-/undici-types-7.16.0.tgz 4995ms (cache miss)
2225 http fetch GET 200 https://registry.npmjs.org/performance-now/-/performance-now-2.1.0.tgz 4970ms (cache miss)
2226 http fetch GET 200 https://registry.npmjs.org/napas-qr/-/napas-qr-1.0.4.tgz 4976ms (cache miss)
2227 http fetch GET 200 https://registry.npmjs.org/levn/-/levn-0.4.1.tgz 4976ms (cache miss)
2228 http fetch GET 200 https://registry.npmjs.org/natural-compare/-/natural-compare-1.4.0.tgz 5029ms (cache miss)
2229 http fetch GET 200 https://registry.npmjs.org/math-intrinsics/-/math-intrinsics-1.1.0.tgz 5026ms (cache miss)
2230 http fetch GET 200 https://registry.npmjs.org/min-indent/-/min-indent-1.0.1.tgz 5028ms (cache miss)
2231 http fetch GET 200 https://registry.npmjs.org/mdurl/-/mdurl-2.0.0.tgz 5027ms (cache miss)
2232 http fetch GET 200 https://registry.npmjs.org/language-tags/-/language-tags-1.0.9.tgz 5021ms (cache miss)
2233 http fetch GET 200 https://registry.npmjs.org/keyv/-/keyv-4.5.4.tgz 5022ms (cache miss)
2234 http fetch GET 200 https://registry.npmjs.org/prosemirror-commands/-/prosemirror-commands-1.7.1.tgz 5088ms (cache miss)
2235 http fetch GET 200 https://registry.npmjs.org/object.values/-/object.values-1.2.1.tgz 5063ms (cache miss)
2236 http fetch GET 200 https://registry.npmjs.org/lodash.sortby/-/lodash.sortby-4.7.0.tgz 5057ms (cache miss)
2237 http fetch GET 200 https://registry.npmjs.org/lodash.debounce/-/lodash.debounce-4.0.8.tgz 5056ms (cache miss)
2238 http fetch GET 200 https://registry.npmjs.org/loose-envify/-/loose-envify-1.4.0.tgz 5059ms (cache miss)
2239 http fetch GET 200 https://registry.npmjs.org/leven/-/leven-3.1.0.tgz 5058ms (cache miss)
2240 http fetch GET 200 https://registry.npmjs.org/csstype/-/csstype-3.2.3.tgz 5198ms (cache miss)
2241 http fetch GET 200 https://registry.npmjs.org/workbox-strategies/-/workbox-strategies-7.4.0.tgz 5185ms (cache miss)
2242 http fetch GET 200 https://registry.npmjs.org/pathe/-/pathe-2.0.3.tgz 5095ms (cache miss)
2243 http fetch GET 200 https://registry.npmjs.org/lru-cache/-/lru-cache-5.1.1.tgz 5082ms (cache miss)
2244 http fetch GET 200 https://registry.npmjs.org/locate-path/-/locate-path-6.0.0.tgz 5082ms (cache miss)
2245 http fetch GET 200 https://registry.npmjs.org/json-schema/-/json-schema-0.4.0.tgz 5076ms (cache miss)
2246 http fetch GET 200 https://registry.npmjs.org/jsonpointer/-/jsonpointer-5.0.1.tgz 5078ms (cache miss)
2247 http fetch GET 200 https://registry.npmjs.org/json-schema-traverse/-/json-schema-traverse-1.0.0.tgz 5077ms (cache miss)
2248 http fetch GET 200 https://registry.npmjs.org/signal-exit/-/signal-exit-4.1.0.tgz 5164ms (cache miss)
2249 http fetch GET 200 https://registry.npmjs.org/tough-cookie/-/tough-cookie-6.0.1.tgz 5180ms (cache miss)
2250 http fetch GET 200 https://registry.npmjs.org/js-tokens/-/js-tokens-4.0.0.tgz 5100ms (cache miss)
2251 http fetch GET 200 https://registry.npmjs.org/json-stable-stringify-without-jsonify/-/json-stable-stringify-without-jsonify-1.0.1.tgz 5103ms (cache miss)
2252 http fetch GET 200 https://registry.npmjs.org/iterator.prototype/-/iterator.prototype-1.1.5.tgz 5106ms (cache miss)
2253 http fetch GET 200 https://registry.npmjs.org/svg-pathdata/-/svg-pathdata-6.0.3.tgz 5197ms (cache miss)
2254 http fetch GET 200 https://registry.npmjs.org/linkify-it/-/linkify-it-5.0.0.tgz 5124ms (cache miss)
2255 http fetch GET 200 https://registry.npmjs.org/jsonfile/-/jsonfile-6.2.0.tgz 5120ms (cache miss)
2256 http fetch GET 200 https://registry.npmjs.org/json-buffer/-/json-buffer-3.0.1.tgz 5119ms (cache miss)
2257 http fetch GET 200 https://registry.npmjs.org/jsesc/-/jsesc-3.1.0.tgz 5129ms (cache miss)
2258 http fetch GET 200 https://registry.npmjs.org/source-map/-/source-map-0.8.0-beta.0.tgz 5212ms (cache miss)
2259 http fetch GET 200 https://registry.npmjs.org/prosemirror-menu/-/prosemirror-menu-1.3.0.tgz 5184ms (cache miss)
2260 http fetch GET 200 https://registry.npmjs.org/prosemirror-changeset/-/prosemirror-changeset-2.4.0.tgz 5181ms (cache miss)
2261 http fetch GET 200 https://registry.npmjs.org/path-key/-/path-key-3.1.1.tgz 5180ms (cache miss)
2262 http fetch GET 200 https://registry.npmjs.org/prosemirror-state/-/prosemirror-state-1.4.4.tgz 5249ms (cache miss)
2263 http fetch GET 200 https://registry.npmjs.org/is-typed-array/-/is-typed-array-1.1.15.tgz 5229ms (cache miss)
2264 http fetch GET 200 https://registry.npmjs.org/is-weakmap/-/is-weakmap-2.0.2.tgz 5230ms (cache miss)
2265 http fetch GET 200 https://registry.npmjs.org/is-symbol/-/is-symbol-1.1.1.tgz 5230ms (cache miss)
2266 http fetch GET 200 https://registry.npmjs.org/isarray/-/isarray-2.0.5.tgz 5233ms (cache miss)
2267 http fetch GET 200 https://registry.npmjs.org/isexe/-/isexe-2.0.0.tgz 5245ms (cache miss)
2268 http fetch GET 200 https://registry.npmjs.org/object.entries/-/object.entries-1.1.9.tgz 5269ms (cache miss)
2269 http fetch GET 200 https://registry.npmjs.org/is-weakref/-/is-weakref-1.1.1.tgz 5264ms (cache miss)
2270 http fetch GET 200 https://registry.npmjs.org/is-set/-/is-set-2.0.3.tgz 5265ms (cache miss)
2271 http fetch GET 200 https://registry.npmjs.org/is-stream/-/is-stream-2.0.1.tgz 5266ms (cache miss)
2272 warn deprecated source-map@0.8.0-beta.0: The work that was done in this beta branch won't be included in future versions
2273 http fetch GET 200 https://registry.npmjs.org/prosemirror-markdown/-/prosemirror-markdown-1.13.4.tgz 5306ms (cache miss)
2274 http fetch GET 200 https://registry.npmjs.org/is-regexp/-/is-regexp-1.0.0.tgz 5284ms (cache miss)
2275 http fetch GET 200 https://registry.npmjs.org/is-obj/-/is-obj-1.0.1.tgz 5284ms (cache miss)
2276 http fetch GET 200 https://registry.npmjs.org/is-regex/-/is-regex-1.2.1.tgz 5286ms (cache miss)
2277 http fetch GET 200 https://registry.npmjs.org/is-string/-/is-string-1.1.1.tgz 5287ms (cache miss)
2278 http fetch GET 200 https://registry.npmjs.org/object.assign/-/object.assign-4.1.7.tgz 5320ms (cache miss)
2279 http fetch GET 200 https://registry.npmjs.org/text-segmentation/-/text-segmentation-1.0.3.tgz 5401ms (cache miss)
2280 http fetch GET 200 https://registry.npmjs.org/is-glob/-/is-glob-4.0.3.tgz 5320ms (cache miss)
2281 http fetch GET 200 https://registry.npmjs.org/is-potential-custom-element-name/-/is-potential-custom-element-name-1.0.1.tgz 5327ms (cache miss)
2282 http fetch GET 200 https://registry.npmjs.org/is-number-object/-/is-number-object-1.1.1.tgz 5329ms (cache miss)
2283 http fetch GET 200 https://registry.npmjs.org/is-extglob/-/is-extglob-2.1.1.tgz 5340ms (cache miss)
2284 http fetch GET 200 https://registry.npmjs.org/is-shared-array-buffer/-/is-shared-array-buffer-1.0.4.tgz 5353ms (cache miss)
2285 http fetch GET 200 https://registry.npmjs.org/is-module/-/is-module-1.0.0.tgz 5378ms (cache miss)
2286 http fetch GET 200 https://registry.npmjs.org/is-generator-function/-/is-generator-function-1.1.2.tgz 5400ms (cache miss)
2287 http fetch GET 200 https://registry.npmjs.org/is-fullwidth-code-point/-/is-fullwidth-code-point-3.0.0.tgz 5402ms (cache miss)
2288 http fetch GET 200 https://registry.npmjs.org/is-data-view/-/is-data-view-1.0.2.tgz 5401ms (cache miss)
2289 http fetch GET 200 https://registry.npmjs.org/jspdf-autotable/-/jspdf-autotable-5.0.7.tgz 5424ms (cache miss)
2290 http fetch GET 200 https://registry.npmjs.org/is-callable/-/is-callable-1.2.7.tgz 5434ms (cache miss)
2291 http fetch GET 200 https://registry.npmjs.org/is-core-module/-/is-core-module-2.16.1.tgz 5435ms (cache miss)
2292 http fetch GET 200 https://registry.npmjs.org/indent-string/-/indent-string-4.0.0.tgz 5433ms (cache miss)
2293 http fetch GET 200 https://registry.npmjs.org/is-date-object/-/is-date-object-1.1.0.tgz 5438ms (cache miss)
2294 http fetch GET 200 https://registry.npmjs.org/is-map/-/is-map-2.0.3.tgz 5461ms (cache miss)
2295 http fetch GET 200 https://registry.npmjs.org/is-negative-zero/-/is-negative-zero-2.0.3.tgz 5480ms (cache miss)
2296 http fetch GET 200 https://registry.npmjs.org/iobuffer/-/iobuffer-5.4.0.tgz 5477ms (cache miss)
2297 http fetch GET 200 https://registry.npmjs.org/internmap/-/internmap-2.0.3.tgz 5476ms (cache miss)
2298 http fetch GET 200 https://registry.npmjs.org/pretty-format/-/pretty-format-27.5.1.tgz 5540ms (cache miss)
2299 http fetch GET 200 https://registry.npmjs.org/is-boolean-object/-/is-boolean-object-1.2.2.tgz 5513ms (cache miss)
2300 http fetch GET 200 https://registry.npmjs.org/imurmurhash/-/imurmurhash-0.1.4.tgz 5512ms (cache miss)
2301 http fetch GET 200 https://registry.npmjs.org/is-async-function/-/is-async-function-2.1.1.tgz 5513ms (cache miss)
2302 http fetch GET 200 https://registry.npmjs.org/ignore/-/ignore-5.3.2.tgz 5515ms (cache miss)
2303 http fetch GET 200 https://registry.npmjs.org/is-weakset/-/is-weakset-2.0.4.tgz 5540ms (cache miss)
2304 http fetch GET 200 https://registry.npmjs.org/is-bigint/-/is-bigint-1.1.0.tgz 5539ms (cache miss)
2305 http fetch GET 200 https://registry.npmjs.org/is-array-buffer/-/is-array-buffer-3.0.5.tgz 5539ms (cache miss)
2306 http fetch GET 200 https://registry.npmjs.org/is-finalizationregistry/-/is-finalizationregistry-1.1.1.tgz 5543ms (cache miss)
2307 http fetch GET 200 https://registry.npmjs.org/react/-/react-19.2.4.tgz 5609ms (cache miss)
2308 http fetch GET 200 https://registry.npmjs.org/workbox-window/-/workbox-window-7.4.0.tgz 5678ms (cache miss)
2309 http fetch GET 200 https://registry.npmjs.org/has-tostringtag/-/has-tostringtag-1.0.2.tgz 5583ms (cache miss)
2310 http fetch GET 200 https://registry.npmjs.org/html-encoding-sniffer/-/html-encoding-sniffer-6.0.0.tgz 5583ms (cache miss)
2311 http fetch GET 200 https://registry.npmjs.org/internal-slot/-/internal-slot-1.1.0.tgz 5599ms (cache miss)
2312 http fetch GET 200 https://registry.npmjs.org/ieee754/-/ieee754-1.2.1.tgz 5600ms (cache miss)
2313 http fetch GET 200 https://registry.npmjs.org/hasown/-/hasown-2.0.2.tgz 5598ms (cache miss)
2314 http fetch GET 200 https://registry.npmjs.org/has-proto/-/has-proto-1.2.0.tgz 5597ms (cache miss)
2315 http fetch GET 200 https://registry.npmjs.org/prosemirror-transform/-/prosemirror-transform-1.11.0.tgz 5666ms (cache miss)
2316 http fetch GET 200 https://registry.npmjs.org/linkifyjs/-/linkifyjs-4.3.2.tgz 5636ms (cache miss)
2317 http fetch GET 200 https://registry.npmjs.org/graceful-fs/-/graceful-fs-4.2.11.tgz 5610ms (cache miss)
2318 http fetch GET 200 https://registry.npmjs.org/has-property-descriptors/-/has-property-descriptors-1.0.2.tgz 5613ms (cache miss)
2319 http fetch GET 200 https://registry.npmjs.org/node-exports-info/-/node-exports-info-1.6.0.tgz 5649ms (cache miss)
2320 http fetch GET 200 https://registry.npmjs.org/@eslint/eslintrc/-/eslintrc-3.3.5.tgz 5782ms (cache miss)
2321 http fetch GET 200 https://registry.npmjs.org/prosemirror-tables/-/prosemirror-tables-1.8.5.tgz 5675ms (cache miss)
2322 http fetch GET 200 https://registry.npmjs.org/has-bigints/-/has-bigints-1.1.0.tgz 5638ms (cache miss)
2323 http fetch GET 200 https://registry.npmjs.org/uri-js/-/uri-js-4.4.1.tgz 5758ms (cache miss)
2324 http fetch GET 200 https://registry.npmjs.org/minipass/-/minipass-7.1.2.tgz 5705ms (cache miss)
2325 http fetch GET 200 https://registry.npmjs.org/get-intrinsic/-/get-intrinsic-1.3.0.tgz 5676ms (cache miss)
2326 http fetch GET 200 https://registry.npmjs.org/gopd/-/gopd-1.2.0.tgz 5678ms (cache miss)
2327 http fetch GET 200 https://registry.npmjs.org/get-own-enumerable-property-symbols/-/get-own-enumerable-property-symbols-3.0.2.tgz 5678ms (cache miss)
2328 http fetch GET 200 https://registry.npmjs.org/get-caller-file/-/get-caller-file-2.0.5.tgz 5707ms (cache miss)
2329 http fetch GET 200 https://registry.npmjs.org/glob-parent/-/glob-parent-6.0.2.tgz 5708ms (cache miss)
2330 http fetch GET 200 https://registry.npmjs.org/gensync/-/gensync-1.0.0-beta.2.tgz 5707ms (cache miss)
2331 http fetch GET 200 https://registry.npmjs.org/frac/-/frac-1.1.2.tgz 5726ms (cache miss)
2332 http fetch GET 200 https://registry.npmjs.org/get-symbol-description/-/get-symbol-description-1.1.0.tgz 5730ms (cache miss)
2333 http fetch GET 200 https://registry.npmjs.org/get-proto/-/get-proto-1.0.1.tgz 5730ms (cache miss)
2334 http fetch GET 200 https://registry.npmjs.org/functions-have-names/-/functions-have-names-1.2.3.tgz 5730ms (cache miss)
2335 http fetch GET 200 https://registry.npmjs.org/function.prototype.name/-/function.prototype.name-1.1.8.tgz 5730ms (cache miss)
2336 http fetch GET 200 https://registry.npmjs.org/json5/-/json5-2.2.3.tgz 5781ms (cache miss)
2337 http fetch GET 200 https://registry.npmjs.org/foreground-child/-/foreground-child-3.3.1.tgz 5757ms (cache miss)
2338 http fetch GET 200 https://registry.npmjs.org/for-each/-/for-each-0.3.5.tgz 5763ms (cache miss)
2339 http fetch GET 200 https://registry.npmjs.org/lz-string/-/lz-string-1.5.0.tgz 5825ms (cache miss)
2340 http fetch GET 200 https://registry.npmjs.org/flatted/-/flatted-3.3.3.tgz 5795ms (cache miss)
2341 http fetch GET 200 https://registry.npmjs.org/has-symbols/-/has-symbols-1.1.0.tgz 5813ms (cache miss)
2342 http fetch GET 200 https://registry.npmjs.org/find-up/-/find-up-5.0.0.tgz 5812ms (cache miss)
2343 http fetch GET 200 https://registry.npmjs.org/flat-cache/-/flat-cache-4.0.1.tgz 5827ms (cache miss)
2344 http fetch GET 200 https://registry.npmjs.org/qrcode/-/qrcode-1.5.4.tgz 5924ms (cache miss)
2345 http fetch GET 200 https://registry.npmjs.org/globalthis/-/globalthis-1.0.4.tgz 5853ms (cache miss)
2346 http fetch GET 200 https://registry.npmjs.org/follow-redirects/-/follow-redirects-1.15.11.tgz 5853ms (cache miss)
2347 http fetch GET 200 https://registry.npmjs.org/file-entry-cache/-/file-entry-cache-8.0.0.tgz 5849ms (cache miss)
2348 http fetch GET 200 https://registry.npmjs.org/filelist/-/filelist-1.0.4.tgz 5854ms (cache miss)
2349 http fetch GET 200 https://registry.npmjs.org/function-bind/-/function-bind-1.1.2.tgz 5858ms (cache miss)
2350 http fetch GET 200 https://registry.npmjs.org/redux/-/redux-5.0.1.tgz 5956ms (cache miss)
2351 http fetch GET 200 https://registry.npmjs.org/fsevents/-/fsevents-2.3.3.tgz 5875ms (cache miss)
2352 http fetch GET 200 https://registry.npmjs.org/fast-levenshtein/-/fast-levenshtein-2.0.6.tgz 5872ms (cache miss)
2353 http fetch GET 200 https://registry.npmjs.org/iceberg-js/-/iceberg-js-0.8.1.tgz 5900ms (cache miss)
2354 http fetch GET 200 https://registry.npmjs.org/fast-json-stable-stringify/-/fast-json-stable-stringify-2.1.0.tgz 5890ms (cache miss)
2355 http fetch GET 200 https://registry.npmjs.org/magic-string/-/magic-string-0.30.21.tgz 5946ms (cache miss)
2356 http fetch GET 200 https://registry.npmjs.org/object-inspect/-/object-inspect-1.13.4.tgz 5946ms (cache miss)
2357 http fetch GET 200 https://registry.npmjs.org/idb/-/idb-7.1.1.tgz 5923ms (cache miss)
2358 http fetch GET 200 https://registry.npmjs.org/fdir/-/fdir-6.5.0.tgz 5913ms (cache miss)
2359 http fetch GET 200 https://registry.npmjs.org/fast-deep-equal/-/fast-deep-equal-3.1.3.tgz 5929ms (cache miss)
2360 http fetch GET 200 https://registry.npmjs.org/eventemitter3/-/eventemitter3-5.0.4.tgz 5985ms (cache miss)
2361 http fetch GET 200 https://registry.npmjs.org/lightningcss/-/lightningcss-1.30.2.tgz 6030ms (cache miss)
2362 http fetch GET 200 https://registry.npmjs.org/eslint-visitor-keys/-/eslint-visitor-keys-5.0.1.tgz 5999ms (cache miss)
2363 http fetch GET 200 https://registry.npmjs.org/estraverse/-/estraverse-5.3.0.tgz 6061ms (cache miss)
2364 http fetch GET 200 https://registry.npmjs.org/escape-string-regexp/-/escape-string-regexp-4.0.0.tgz 6108ms (cache miss)
2365 http fetch GET 200 https://registry.npmjs.org/estree-walker/-/estree-walker-3.0.3.tgz 6115ms (cache miss)
2366 http fetch GET 200 https://registry.npmjs.org/esutils/-/esutils-2.0.3.tgz 6118ms (cache miss)
2367 http fetch GET 200 https://registry.npmjs.org/prosemirror-model/-/prosemirror-model-1.25.4.tgz 6256ms (cache miss)
2368 http fetch GET 200 https://registry.npmjs.org/escalade/-/escalade-3.2.0.tgz 6178ms (cache miss)
2369 http fetch GET 200 https://registry.npmjs.org/eslint-config-prettier/-/eslint-config-prettier-10.1.8.tgz 6180ms (cache miss)
2370 http fetch GET 200 https://registry.npmjs.org/es-shim-unscopables/-/es-shim-unscopables-1.1.0.tgz 6185ms (cache miss)
2371 http fetch GET 200 https://registry.npmjs.org/es-errors/-/es-errors-1.3.0.tgz 6185ms (cache miss)
2372 http fetch GET 200 https://registry.npmjs.org/es-to-primitive/-/es-to-primitive-1.3.0.tgz 6187ms (cache miss)
2373 http fetch GET 200 https://registry.npmjs.org/es-define-property/-/es-define-property-1.0.1.tgz 6186ms (cache miss)
2374 http fetch GET 200 https://registry.npmjs.org/es-object-atoms/-/es-object-atoms-1.1.1.tgz 6209ms (cache miss)
2375 http fetch GET 200 https://registry.npmjs.org/esbuild/-/esbuild-0.27.2.tgz 6219ms (cache miss)
2376 http fetch GET 200 https://registry.npmjs.org/es-set-tostringtag/-/es-set-tostringtag-2.1.0.tgz 6218ms (cache miss)
2377 http fetch GET 200 https://registry.npmjs.org/expect-type/-/expect-type-1.3.0.tgz 6253ms (cache miss)
2378 http fetch GET 200 https://registry.npmjs.org/dunder-proto/-/dunder-proto-1.0.1.tgz 6260ms (cache miss)
2379 http fetch GET 200 https://registry.npmjs.org/hermes-estree/-/hermes-estree-0.25.1.tgz 6319ms (cache miss)
2380 http fetch GET 200 https://registry.npmjs.org/es-module-lexer/-/es-module-lexer-1.7.0.tgz 6307ms (cache miss)
2381 http fetch GET 200 https://registry.npmjs.org/emoji-regex/-/emoji-regex-9.2.2.tgz 6308ms (cache miss)
2382 http fetch GET 200 https://registry.npmjs.org/dijkstrajs/-/dijkstrajs-1.0.3.tgz 6319ms (cache miss)
2383 http fetch GET 200 https://registry.npmjs.org/detect-libc/-/detect-libc-2.1.2.tgz 6319ms (cache miss)
2384 http fetch GET 200 https://registry.npmjs.org/tailwindcss/-/tailwindcss-4.1.18.tgz 6472ms (cache miss)
2385 http fetch GET 200 https://registry.npmjs.org/dequal/-/dequal-2.0.3.tgz 6355ms (cache miss)
2386 http fetch GET 200 https://registry.npmjs.org/define-properties/-/define-properties-1.2.1.tgz 6355ms (cache miss)
2387 http fetch GET 200 https://registry.npmjs.org/parse5/-/parse5-8.0.0.tgz 6434ms (cache miss)
2388 http fetch GET 200 https://registry.npmjs.org/tailwind-merge/-/tailwind-merge-3.4.0.tgz 6501ms (cache miss)
2389 http fetch GET 200 https://registry.npmjs.org/deepmerge/-/deepmerge-4.3.1.tgz 6373ms (cache miss)
2390 http fetch GET 200 https://registry.npmjs.org/deep-is/-/deep-is-0.1.4.tgz 6374ms (cache miss)
2391 http fetch GET 200 https://registry.npmjs.org/define-data-property/-/define-data-property-1.1.4.tgz 6375ms (cache miss)
2392 http fetch GET 200 https://registry.npmjs.org/doctrine/-/doctrine-2.1.0.tgz 6394ms (cache miss)
2393 http fetch GET 200 https://registry.npmjs.org/reselect/-/reselect-5.1.1.tgz 6510ms (cache miss)
2394 http fetch GET 200 https://registry.npmjs.org/decamelize/-/decamelize-1.2.0.tgz 6405ms (cache miss)
2395 http fetch GET 200 https://registry.npmjs.org/data-view-byte-offset/-/data-view-byte-offset-1.0.1.tgz 6404ms (cache miss)
2396 http fetch GET 200 https://registry.npmjs.org/workbox-precaching/-/workbox-precaching-7.4.0.tgz 6582ms (cache miss)
2397 http fetch GET 200 https://registry.npmjs.org/damerau-levenshtein/-/damerau-levenshtein-1.0.8.tgz 6412ms (cache miss)
2398 http fetch GET 200 https://registry.npmjs.org/debug/-/debug-4.4.3.tgz 6415ms (cache miss)
2399 http fetch GET 200 https://registry.npmjs.org/data-view-byte-length/-/data-view-byte-length-1.0.2.tgz 6426ms (cache miss)
2400 http fetch GET 200 https://registry.npmjs.org/fraction.js/-/fraction.js-5.3.4.tgz 6458ms (cache miss)
2401 http fetch GET 200 https://registry.npmjs.org/data-urls/-/data-urls-7.0.0.tgz 6444ms (cache miss)
2402 http fetch GET 200 https://registry.npmjs.org/postcss/-/postcss-8.5.6.tgz 6531ms (cache miss)
2403 http fetch GET 200 https://registry.npmjs.org/electron-to-chromium/-/electron-to-chromium-1.5.283.tgz 6462ms (cache miss)
2404 http fetch GET 200 https://registry.npmjs.org/d3-ease/-/d3-ease-3.0.1.tgz 6457ms (cache miss)
2405 http fetch GET 200 https://registry.npmjs.org/d3-color/-/d3-color-3.1.0.tgz 6458ms (cache miss)
2406 http fetch GET 200 https://registry.npmjs.org/ejs/-/ejs-3.1.10.tgz 6488ms (cache miss)
2407 http fetch GET 200 https://registry.npmjs.org/css.escape/-/css.escape-1.5.1.tgz 6536ms (cache miss)
2408 http fetch GET 200 https://registry.npmjs.org/d3-path/-/d3-path-3.1.0.tgz 6543ms (cache miss)
2409 http fetch GET 200 https://registry.npmjs.org/d3-timer/-/d3-timer-3.0.1.tgz 6566ms (cache miss)
2410 http fetch GET 200 https://registry.npmjs.org/prosemirror-view/-/prosemirror-view-1.41.6.tgz 6688ms (cache miss)
2411 http fetch GET 200 https://registry.npmjs.org/d3-time/-/d3-time-3.1.0.tgz 6603ms (cache miss)
2412 http fetch GET 200 https://registry.npmjs.org/crypto-random-string/-/crypto-random-string-2.0.0.tgz 6594ms (cache miss)
2413 http fetch GET 200 https://registry.npmjs.org/crelt/-/crelt-1.0.6.tgz 6613ms (cache miss)
2414 http fetch GET 200 https://registry.npmjs.org/mdn-data/-/mdn-data-2.27.1.tgz 6703ms (cache miss)
2415 http fetch GET 200 https://registry.npmjs.org/crc-32/-/crc-32-1.2.2.tgz 6624ms (cache miss)
2416 http fetch GET 200 https://registry.npmjs.org/motion-utils/-/motion-utils-12.29.2.tgz 6709ms (cache miss)
2417 http fetch GET 200 https://registry.npmjs.org/decimal.js-light/-/decimal.js-light-2.5.1.tgz 6644ms (cache miss)
2418 http fetch GET 200 https://registry.npmjs.org/jake/-/jake-10.9.4.tgz 6717ms (cache miss)
2419 http fetch GET 200 https://registry.npmjs.org/decimal.js/-/decimal.js-10.6.0.tgz 6670ms (cache miss)
2420 http fetch GET 200 https://registry.npmjs.org/workbox-core/-/workbox-core-7.4.0.tgz 6843ms (cache miss)
2421 http fetch GET 200 https://registry.npmjs.org/fast-uri/-/fast-uri-3.1.0.tgz 6749ms (cache miss)
2422 http fetch GET 200 https://registry.npmjs.org/fast-equals/-/fast-equals-5.4.0.tgz 6799ms (cache miss)
2423 http fetch GET 200 https://registry.npmjs.org/color-name/-/color-name-1.1.4.tgz 6782ms (cache miss)
2424 http fetch GET 200 https://registry.npmjs.org/tldts-core/-/tldts-core-7.0.27.tgz 6962ms (cache miss)
2425 http fetch GET 200 https://registry.npmjs.org/convert-source-map/-/convert-source-map-2.0.0.tgz 6828ms (cache miss)
2426 http fetch GET 200 https://registry.npmjs.org/cookie/-/cookie-1.1.1.tgz 6829ms (cache miss)
2427 http fetch GET 200 https://registry.npmjs.org/commander/-/commander-2.20.3.tgz 6853ms (cache miss)
2428 http fetch GET 200 https://registry.npmjs.org/color-convert/-/color-convert-2.0.1.tgz 6852ms (cache miss)
2429 http fetch GET 200 https://registry.npmjs.org/clsx/-/clsx-2.1.1.tgz 6853ms (cache miss)
2430 http fetch GET 200 https://registry.npmjs.org/fs-extra/-/fs-extra-9.1.0.tgz 6922ms (cache miss)
2431 http fetch GET 200 https://registry.npmjs.org/cliui/-/cliui-6.0.0.tgz 6923ms (cache miss)
2432 http fetch GET 200 https://registry.npmjs.org/chai/-/chai-6.2.2.tgz 6922ms (cache miss)
2433 http fetch GET 200 https://registry.npmjs.org/d3-interpolate/-/d3-interpolate-3.0.1.tgz 6940ms (cache miss)
2434 http fetch GET 200 https://registry.npmjs.org/data-view-buffer/-/data-view-buffer-1.0.2.tgz 6977ms (cache miss)
2435 http fetch GET 200 https://registry.npmjs.org/call-bind-apply-helpers/-/call-bind-apply-helpers-1.0.2.tgz 6990ms (cache miss)
2436 http fetch GET 200 https://registry.npmjs.org/cross-spawn/-/cross-spawn-7.0.6.tgz 7018ms (cache miss)
2437 http fetch GET 200 https://registry.npmjs.org/workbox-build/-/workbox-build-7.4.0.tgz 7234ms (cache miss)
2438 http fetch GET 200 https://registry.npmjs.org/buffer-from/-/buffer-from-1.1.2.tgz 7064ms (cache miss)
2439 http fetch GET 200 https://registry.npmjs.org/call-bound/-/call-bound-1.0.4.tgz 7064ms (cache miss)
2440 http fetch GET 200 https://registry.npmjs.org/camelcase/-/camelcase-5.3.1.tgz 7092ms (cache miss)
2441 http fetch GET 200 https://registry.npmjs.org/fflate/-/fflate-0.8.2.tgz 7146ms (cache miss)
2442 http fetch GET 200 https://registry.npmjs.org/buffer/-/buffer-6.0.3.tgz 7131ms (cache miss)
2443 http fetch GET 200 https://registry.npmjs.org/react-redux/-/react-redux-9.2.0.tgz 7294ms (cache miss)
2444 http fetch GET 200 https://registry.npmjs.org/brace-expansion/-/brace-expansion-2.0.2.tgz 7163ms (cache miss)
2445 http fetch GET 200 https://registry.npmjs.org/base64-js/-/base64-js-1.5.1.tgz 7180ms (cache miss)
2446 http fetch GET 200 https://registry.npmjs.org/browserslist/-/browserslist-4.28.1.tgz 7205ms (cache miss)
2447 http fetch GET 200 https://registry.npmjs.org/base64-arraybuffer/-/base64-arraybuffer-1.0.2.tgz 7204ms (cache miss)
2448 http fetch GET 200 https://registry.npmjs.org/balanced-match/-/balanced-match-1.0.2.tgz 7205ms (cache miss)
2449 http fetch GET 200 https://registry.npmjs.org/call-bind/-/call-bind-1.0.8.tgz 7231ms (cache miss)
2450 http fetch GET 200 https://registry.npmjs.org/babel-plugin-polyfill-regenerator/-/babel-plugin-polyfill-regenerator-0.6.6.tgz 7231ms (cache miss)
2451 http fetch GET 200 https://registry.npmjs.org/d3-scale/-/d3-scale-4.0.2.tgz 7269ms (cache miss)
2452 http fetch GET 200 https://registry.npmjs.org/d3-time-format/-/d3-time-format-4.1.0.tgz 7284ms (cache miss)
2453 http fetch GET 200 https://registry.npmjs.org/enhanced-resolve/-/enhanced-resolve-5.18.4.tgz 7302ms (cache miss)
2454 http fetch GET 200 https://registry.npmjs.org/async-function/-/async-function-1.0.0.tgz 7271ms (cache miss)
2455 http fetch GET 200 https://registry.npmjs.org/available-typed-arrays/-/available-typed-arrays-1.0.7.tgz 7289ms (cache miss)
2456 http fetch GET 200 https://registry.npmjs.org/ast-types-flow/-/ast-types-flow-0.0.8.tgz 7322ms (cache miss)
2457 http fetch GET 200 https://registry.npmjs.org/at-least-node/-/at-least-node-1.0.0.tgz 7346ms (cache miss)
2458 http fetch GET 200 https://registry.npmjs.org/immer/-/immer-10.2.0.tgz 7469ms (cache miss)
2459 http fetch GET 200 https://registry.npmjs.org/array.prototype.flatmap/-/array.prototype.flatmap-1.3.3.tgz 7429ms (cache miss)
2460 http fetch GET 200 https://registry.npmjs.org/language-subtag-registry/-/language-subtag-registry-0.3.23.tgz 7540ms (cache miss)
2461 http fetch GET 200 https://registry.npmjs.org/ansi-regex/-/ansi-regex-5.0.1.tgz 7449ms (cache miss)
2462 http fetch GET 200 https://registry.npmjs.org/array.prototype.tosorted/-/array.prototype.tosorted-1.1.4.tgz 7452ms (cache miss)
2463 http fetch GET 200 https://registry.npmjs.org/babel-plugin-polyfill-corejs2/-/babel-plugin-polyfill-corejs2-0.4.15.tgz 7470ms (cache miss)
2464 http fetch GET 200 https://registry.npmjs.org/baseline-browser-mapping/-/baseline-browser-mapping-2.9.19.tgz 7475ms (cache miss)
2465 http fetch GET 200 https://registry.npmjs.org/arraybuffer.prototype.slice/-/arraybuffer.prototype.slice-1.0.4.tgz 7473ms (cache miss)
2466 http fetch GET 200 https://registry.npmjs.org/array-includes/-/array-includes-3.1.9.tgz 7472ms (cache miss)
2467 http fetch GET 200 https://registry.npmjs.org/array.prototype.findlast/-/array.prototype.findlast-1.2.5.tgz 7473ms (cache miss)
2468 http fetch GET 200 https://registry.npmjs.org/array-buffer-byte-length/-/array-buffer-byte-length-1.0.2.tgz 7506ms (cache miss)
2469 http fetch GET 200 https://registry.npmjs.org/array.prototype.flat/-/array.prototype.flat-1.3.3.tgz 7507ms (cache miss)
2470 http fetch GET 200 https://registry.npmjs.org/ansi-styles/-/ansi-styles-5.2.0.tgz 7533ms (cache miss)
2471 http fetch GET 200 https://registry.npmjs.org/adler-32/-/adler-32-1.3.1.tgz 7595ms (cache miss)
2472 http fetch GET 200 https://registry.npmjs.org/esquery/-/esquery-1.7.0.tgz 7671ms (cache miss)
2473 http fetch GET 200 https://registry.npmjs.org/dompurify/-/dompurify-3.3.1.tgz 7656ms (cache miss)
2474 http fetch GET 200 https://registry.npmjs.org/@vitest/pretty-format/-/pretty-format-4.0.18.tgz 7633ms (cache miss)
2475 http fetch GET 200 https://registry.npmjs.org/bidi-js/-/bidi-js-1.0.3.tgz 7654ms (cache miss)
2476 http fetch GET 200 https://registry.npmjs.org/argparse/-/argparse-2.0.1.tgz 7664ms (cache miss)
2477 http fetch GET 200 https://registry.npmjs.org/cfb/-/cfb-1.2.2.tgz 7678ms (cache miss)
2478 http fetch GET 200 https://registry.npmjs.org/pngjs/-/pngjs-5.0.0.tgz 7801ms (cache miss)
2479 http fetch GET 200 https://registry.npmjs.org/@vitest/expect/-/expect-4.0.18.tgz 7689ms (cache miss)
2480 http fetch GET 200 https://registry.npmjs.org/@vitejs/plugin-react/-/plugin-react-5.1.2.tgz 7699ms (cache miss)
2481 http fetch GET 200 https://registry.npmjs.org/@vitest/snapshot/-/snapshot-4.0.18.tgz 7726ms (cache miss)
2482 http fetch GET 200 https://registry.npmjs.org/@typescript-eslint/visitor-keys/-/visitor-keys-8.56.1.tgz 7725ms (cache miss)
2483 http fetch GET 200 https://registry.npmjs.org/@typescript-eslint/tsconfig-utils/-/tsconfig-utils-8.56.1.tgz 7783ms (cache miss)
2484 http fetch GET 200 https://registry.npmjs.org/jiti/-/jiti-2.6.1.tgz 7931ms (cache miss)
2485 http fetch GET 200 https://registry.npmjs.org/@types/trusted-types/-/trusted-types-2.0.7.tgz 7840ms (cache miss)
2486 http fetch GET 200 https://registry.npmjs.org/@types/use-sync-external-store/-/use-sync-external-store-0.0.6.tgz 7841ms (cache miss)
2487 http fetch GET 200 https://registry.npmjs.org/jsx-ast-utils/-/jsx-ast-utils-3.3.5.tgz 7973ms (cache miss)
2488 http fetch GET 200 https://registry.npmjs.org/babel-plugin-polyfill-corejs3/-/babel-plugin-polyfill-corejs3-0.14.0.tgz 7889ms (cache miss)
2489 http fetch GET 200 https://registry.npmjs.org/@typescript-eslint/parser/-/parser-8.56.1.tgz 7883ms (cache miss)
2490 http fetch GET 200 https://registry.npmjs.org/dom-accessibility-api/-/dom-accessibility-api-0.6.3.tgz 7951ms (cache miss)
2491 http fetch GET 200 https://registry.npmjs.org/@types/ws/-/ws-8.18.1.tgz 7909ms (cache miss)
2492 http fetch GET 200 https://registry.npmjs.org/@types/resolve/-/resolve-1.20.2.tgz 7913ms (cache miss)
2493 http fetch GET 200 https://registry.npmjs.org/d3-array/-/d3-array-3.2.4.tgz 8045ms (cache miss)
2494 http fetch GET 200 https://registry.npmjs.org/@vitest/runner/-/runner-4.0.18.tgz 8025ms (cache miss)
2495 http fetch GET 200 https://registry.npmjs.org/markdown-it/-/markdown-it-14.1.1.tgz 8133ms (cache miss)
2496 http fetch GET 200 https://registry.npmjs.org/css-line-break/-/css-line-break-2.1.0.tgz 8065ms (cache miss)
2497 http fetch GET 200 https://registry.npmjs.org/@types/mdurl/-/mdurl-2.0.0.tgz 8047ms (cache miss)
2498 http fetch GET 200 https://registry.npmjs.org/@types/pako/-/pako-2.0.4.tgz 8055ms (cache miss)
2499 http fetch GET 200 https://registry.npmjs.org/core-js-compat/-/core-js-compat-3.48.0.tgz 8083ms (cache miss)
2500 http fetch GET 200 https://registry.npmjs.org/@vitest/spy/-/spy-4.0.18.tgz 8078ms (cache miss)
2501 http fetch GET 200 https://registry.npmjs.org/fast-png/-/fast-png-6.4.0.tgz 8167ms (cache miss)
2502 http fetch GET 200 https://registry.npmjs.org/d3-format/-/d3-format-3.1.2.tgz 8137ms (cache miss)
2503 http fetch GET 200 https://registry.npmjs.org/@types/geojson/-/geojson-7946.0.16.tgz 8107ms (cache miss)
2504 http fetch GET 200 https://registry.npmjs.org/@types/estree/-/estree-1.0.8.tgz 8121ms (cache miss)
2505 http fetch GET 200 https://registry.npmjs.org/vite/-/vite-7.3.1.tgz 8328ms (cache miss)
2506 http fetch GET 200 https://registry.npmjs.org/@typescript-eslint/project-service/-/project-service-8.56.1.tgz 8145ms (cache miss)
2507 http fetch GET 200 https://registry.npmjs.org/@types/d3-timer/-/d3-timer-3.0.2.tgz 8162ms (cache miss)
2508 http fetch GET 200 https://registry.npmjs.org/@types/deep-eql/-/deep-eql-4.0.2.tgz 8173ms (cache miss)
2509 http fetch GET 200 https://registry.npmjs.org/@types/d3-path/-/d3-path-3.1.1.tgz 8173ms (cache miss)
2510 http fetch GET 200 https://registry.npmjs.org/entities/-/entities-4.5.0.tgz 8256ms (cache miss)
2511 http fetch GET 200 https://registry.npmjs.org/@types/d3-interpolate/-/d3-interpolate-3.0.4.tgz 8205ms (cache miss)
2512 http fetch GET 200 https://registry.npmjs.org/@types/d3-scale/-/d3-scale-4.0.9.tgz 8206ms (cache miss)
2513 http fetch GET 200 https://registry.npmjs.org/@types/d3-ease/-/d3-ease-3.0.2.tgz 8205ms (cache miss)
2514 http fetch GET 200 https://registry.npmjs.org/@types/leaflet/-/leaflet-1.9.21.tgz 8208ms (cache miss)
2515 http fetch GET 200 https://registry.npmjs.org/@types/d3-color/-/d3-color-3.1.3.tgz 8224ms (cache miss)
2516 http fetch GET 200 https://registry.npmjs.org/@types/d3-shape/-/d3-shape-3.1.8.tgz 8225ms (cache miss)
2517 http fetch GET 200 https://registry.npmjs.org/@types/aria-query/-/aria-query-5.0.4.tgz 8232ms (cache miss)
2518 http fetch GET 200 https://registry.npmjs.org/@types/chai/-/chai-5.2.3.tgz 8233ms (cache miss)
2519 http fetch GET 200 https://registry.npmjs.org/@types/babel__template/-/babel__template-7.4.4.tgz 8233ms (cache miss)
2520 http fetch GET 200 https://registry.npmjs.org/@types/d3-array/-/d3-array-3.2.2.tgz 8235ms (cache miss)
2521 http fetch GET 200 https://registry.npmjs.org/@types/linkify-it/-/linkify-it-5.0.0.tgz 8238ms (cache miss)
2522 http fetch GET 200 https://registry.npmjs.org/@types/babel__generator/-/babel__generator-7.27.0.tgz 8235ms (cache miss)
2523 http fetch GET 200 https://registry.npmjs.org/@typescript-eslint/types/-/types-8.56.1.tgz 8253ms (cache miss)
2524 http fetch GET 200 https://registry.npmjs.org/@types/babel__core/-/babel__core-7.20.5.tgz 8242ms (cache miss)
2525 http fetch GET 200 https://registry.npmjs.org/@types/babel__traverse/-/babel__traverse-7.28.0.tgz 8244ms (cache miss)
2526 http fetch GET 200 https://registry.npmjs.org/assertion-error/-/assertion-error-2.0.1.tgz 8254ms (cache miss)
2527 http fetch GET 200 https://registry.npmjs.org/d3-shape/-/d3-shape-3.2.0.tgz 8302ms (cache miss)
2528 http fetch GET 200 https://registry.npmjs.org/hermes-parser/-/hermes-parser-0.25.1.tgz 8353ms (cache miss)
2529 http fetch GET 200 https://registry.npmjs.org/@tiptap/pm/-/pm-3.20.0.tgz 8301ms (cache miss)
2530 http fetch GET 200 https://registry.npmjs.org/@tiptap/extension-underline/-/extension-underline-3.20.0.tgz 8300ms (cache miss)
2531 http fetch GET 200 https://registry.npmjs.org/pako/-/pako-2.1.0.tgz 8430ms (cache miss)
2532 http fetch GET 200 https://registry.npmjs.org/@types/phoenix/-/phoenix-1.6.7.tgz 8320ms (cache miss)
2533 http fetch GET 200 https://registry.npmjs.org/@tiptap/extension-text/-/extension-text-3.20.0.tgz 8315ms (cache miss)
2534 http fetch GET 200 https://registry.npmjs.org/@tiptap/starter-kit/-/starter-kit-3.20.0.tgz 8318ms (cache miss)
2535 http fetch GET 200 https://registry.npmjs.org/acorn/-/acorn-8.16.0.tgz 8463ms (cache miss)
2536 http fetch GET 200 https://registry.npmjs.org/vitest/-/vitest-4.0.18.tgz 8701ms (cache miss)
2537 http fetch GET 200 https://registry.npmjs.org/@types/markdown-it/-/markdown-it-14.1.2.tgz 8537ms (cache miss)
2538 http fetch GET 200 https://registry.npmjs.org/@tiptap/extension-strike/-/extension-strike-3.20.0.tgz 8537ms (cache miss)
2539 http fetch GET 200 https://registry.npmjs.org/terser/-/terser-5.46.0.tgz 8805ms (cache miss)
2540 http fetch GET 200 https://registry.npmjs.org/@types/d3-time/-/d3-time-3.0.4.tgz 8609ms (cache miss)
2541 http fetch GET 200 https://registry.npmjs.org/@tiptap/extension-table-row/-/extension-table-row-3.20.0.tgz 8640ms (cache miss)
2542 http fetch GET 200 https://registry.npmjs.org/@vitest/utils/-/utils-4.0.18.tgz 8664ms (cache miss)
2543 http fetch GET 200 https://registry.npmjs.org/crypto-js/-/crypto-js-4.2.0.tgz 8682ms (cache miss)
2544 http fetch GET 200 https://registry.npmjs.org/@tiptap/extension-list-item/-/extension-list-item-3.20.0.tgz 8638ms (cache miss)
2545 http fetch GET 200 https://registry.npmjs.org/@vitest/mocker/-/mocker-4.0.18.tgz 8674ms (cache miss)
2546 http fetch GET 200 https://registry.npmjs.org/@tiptap/extension-ordered-list/-/extension-ordered-list-3.20.0.tgz 8647ms (cache miss)
2547 http fetch GET 200 https://registry.npmjs.org/@tiptap/extension-table-cell/-/extension-table-cell-3.20.0.tgz 8672ms (cache miss)
2548 http fetch GET 200 https://registry.npmjs.org/@tiptap/extension-italic/-/extension-italic-3.20.0.tgz 8738ms (cache miss)
2549 http fetch GET 200 https://registry.npmjs.org/@typescript-eslint/type-utils/-/type-utils-8.56.1.tgz 9073ms (cache miss)
2550 http fetch GET 200 https://registry.npmjs.org/axios/-/axios-0.24.0.tgz 9158ms (cache miss)
2551 http fetch GET 200 https://registry.npmjs.org/@tiptap/extension-paragraph/-/extension-paragraph-3.20.0.tgz 9138ms (cache miss)
2552 http fetch GET 200 https://registry.npmjs.org/resolve/-/resolve-1.22.11.tgz 9326ms (cache miss)
2553 http fetch GET 200 https://registry.npmjs.org/@tiptap/extension-gapcursor/-/extension-gapcursor-3.20.0.tgz 9149ms (cache miss)
2554 http fetch GET 200 https://registry.npmjs.org/@tiptap/extension-heading/-/extension-heading-3.20.0.tgz 9150ms (cache miss)
2555 http fetch GET 200 https://registry.npmjs.org/@tiptap/extension-hard-break/-/extension-hard-break-3.20.0.tgz 9182ms (cache miss)
2556 http fetch GET 200 https://registry.npmjs.org/@tiptap/extension-link/-/extension-link-3.20.0.tgz 9211ms (cache miss)
2557 http fetch GET 200 https://registry.npmjs.org/@tiptap/extension-document/-/extension-document-3.20.0.tgz 9209ms (cache miss)
2558 http fetch GET 200 https://registry.npmjs.org/@tiptap/extension-horizontal-rule/-/extension-horizontal-rule-3.20.0.tgz 9226ms (cache miss)
2559 http fetch GET 200 https://registry.npmjs.org/@tiptap/extension-list-keymap/-/extension-list-keymap-3.20.0.tgz 9249ms (cache miss)
2560 http fetch GET 200 https://registry.npmjs.org/@tiptap/extension-bullet-list/-/extension-bullet-list-3.20.0.tgz 9239ms (cache miss)
2561 http fetch GET 200 https://registry.npmjs.org/@tailwindcss/oxide/-/oxide-4.1.18.tgz 9287ms (cache miss)
2562 http fetch GET 200 https://registry.npmjs.org/@tiptap/extension-blockquote/-/extension-blockquote-3.20.0.tgz 9320ms (cache miss)
2563 http fetch GET 200 https://registry.npmjs.org/@tiptap/extension-dropcursor/-/extension-dropcursor-3.20.0.tgz 9387ms (cache miss)
2564 http fetch GET 200 https://registry.npmjs.org/@tanstack/react-virtual/-/react-virtual-3.13.18.tgz 9308ms (cache miss)
2565 http fetch GET 200 https://registry.npmjs.org/@tiptap/extension-code/-/extension-code-3.20.0.tgz 9390ms (cache miss)
2566 http fetch GET 200 https://registry.npmjs.org/@tailwindcss/postcss/-/postcss-4.1.18.tgz 9341ms (cache miss)
2567 http fetch GET 200 https://registry.npmjs.org/@tiptap/extension-floating-menu/-/extension-floating-menu-3.20.0.tgz 9454ms (cache miss)
2568 http fetch GET 200 https://registry.npmjs.org/@tiptap/extension-code-block/-/extension-code-block-3.20.0.tgz 9452ms (cache miss)
2569 http fetch GET 200 https://registry.npmjs.org/@standard-schema/utils/-/utils-0.3.0.tgz 9379ms (cache miss)
2570 http fetch GET 200 https://registry.npmjs.org/autoprefixer/-/autoprefixer-10.4.24.tgz 9515ms (cache miss)
2571 http fetch GET 200 https://registry.npmjs.org/@tailwindcss/node/-/node-4.1.18.tgz 9394ms (cache miss)
2572 http fetch GET 200 https://registry.npmjs.org/@standard-schema/spec/-/spec-1.1.0.tgz 9398ms (cache miss)
2573 http fetch GET 200 https://registry.npmjs.org/rollup/-/rollup-4.57.1.tgz 9678ms (cache miss)
2574 http fetch GET 200 https://registry.npmjs.org/tldts/-/tldts-7.0.27.tgz 9715ms (cache miss)
2575 http fetch GET 200 https://registry.npmjs.org/@tanstack/react-query-devtools/-/react-query-devtools-5.99.0.tgz 9444ms (cache miss)
2576 http fetch GET 200 https://registry.npmjs.org/@tiptap/extension-bubble-menu/-/extension-bubble-menu-3.20.0.tgz 9505ms (cache miss)
2577 http fetch GET 200 https://registry.npmjs.org/es-iterator-helpers/-/es-iterator-helpers-1.2.2.tgz 9857ms (cache miss)
2578 http fetch GET 200 https://registry.npmjs.org/@tiptap/react/-/react-3.20.0.tgz 9841ms (cache miss)
2579 http fetch GET 200 https://registry.npmjs.org/@rollup/pluginutils/-/pluginutils-5.3.0.tgz 9874ms (cache miss)
2580 http fetch GET 200 https://registry.npmjs.org/@tanstack/virtual-core/-/virtual-core-3.13.18.tgz 9908ms (cache miss)
2581 http fetch GET 200 https://registry.npmjs.org/@testing-library/react/-/react-16.3.2.tgz 9953ms (cache miss)
2582 http fetch GET 200 https://registry.npmjs.org/@rollup/plugin-terser/-/plugin-terser-0.4.4.tgz 9942ms (cache miss)
2583 http fetch GET 200 https://registry.npmjs.org/@rolldown/pluginutils/-/pluginutils-1.0.0-beta.53.tgz 9996ms (cache miss)
2584 http fetch GET 200 https://registry.npmjs.org/axobject-query/-/axobject-query-4.1.0.tgz 10251ms (cache miss)
2585 http fetch GET 200 https://registry.npmjs.org/@types/raf/-/raf-3.4.3.tgz 10114ms (cache miss)
2586 http fetch GET 200 https://registry.npmjs.org/@jridgewell/source-map/-/source-map-0.3.11.tgz 10128ms (cache miss)
2587 http fetch GET 200 https://registry.npmjs.org/@jridgewell/remapping/-/remapping-2.3.5.tgz 10140ms (cache miss)
2588 http fetch GET 200 https://registry.npmjs.org/@jridgewell/resolve-uri/-/resolve-uri-3.1.2.tgz 10152ms (cache miss)
2589 http fetch GET 200 https://registry.npmjs.org/@isaacs/brace-expansion/-/brace-expansion-5.0.1.tgz 10150ms (cache miss)
2590 http fetch GET 200 https://registry.npmjs.org/@humanwhocodes/module-importer/-/module-importer-1.0.1.tgz 10151ms (cache miss)
2591 http fetch GET 200 https://registry.npmjs.org/@humanfs/node/-/node-0.16.7.tgz 10160ms (cache miss)
2592 http fetch GET 200 https://registry.npmjs.org/@humanwhocodes/retry/-/retry-0.4.3.tgz 10182ms (cache miss)
2593 http fetch GET 200 https://registry.npmjs.org/@rollup/plugin-node-resolve/-/plugin-node-resolve-15.3.1.tgz 10256ms (cache miss)
2594 http fetch GET 200 https://registry.npmjs.org/@remirror/core-constants/-/core-constants-3.0.0.tgz 10275ms (cache miss)
2595 http fetch GET 200 https://registry.npmjs.org/@tiptap/extension-bold/-/extension-bold-3.20.0.tgz 10328ms (cache miss)
2596 http fetch GET 200 https://registry.npmjs.org/@floating-ui/utils/-/utils-0.2.10.tgz 10327ms (cache miss)
2597 http fetch GET 200 https://registry.npmjs.org/@typescript-eslint/utils/-/utils-8.56.1.tgz 10484ms (cache miss)
2598 http fetch GET 200 https://registry.npmjs.org/crc/-/crc-4.3.2.tgz 10519ms (cache miss)
2599 http fetch GET 200 https://registry.npmjs.org/@csstools/css-tokenizer/-/css-tokenizer-4.0.0.tgz 10402ms (cache miss)
2600 http fetch GET 200 https://registry.npmjs.org/@csstools/css-parser-algorithms/-/css-parser-algorithms-4.0.0.tgz 10401ms (cache miss)
2601 http fetch GET 200 https://registry.npmjs.org/@isaacs/balanced-match/-/balanced-match-4.0.1.tgz 10410ms (cache miss)
2602 http fetch GET 200 https://registry.npmjs.org/@dnd-kit/accessibility/-/accessibility-3.1.1.tgz 10425ms (cache miss)
2603 http fetch GET 200 https://registry.npmjs.org/@tiptap/extension-table-header/-/extension-table-header-3.20.0.tgz 10460ms (cache miss)
2604 http fetch GET 200 https://registry.npmjs.org/@humanfs/core/-/core-0.19.1.tgz 10490ms (cache miss)
2605 http fetch GET 200 https://registry.npmjs.org/@csstools/css-syntax-patches-for-csstree/-/css-syntax-patches-for-csstree-1.1.2.tgz 10485ms (cache miss)
2606 http fetch GET 200 https://registry.npmjs.org/@csstools/css-calc/-/css-calc-3.1.1.tgz 10495ms (cache miss)
2607 http fetch GET 200 https://registry.npmjs.org/@csstools/color-helpers/-/color-helpers-6.0.2.tgz 10524ms (cache miss)
2608 http fetch GET 200 https://registry.npmjs.org/@csstools/css-color-parser/-/css-color-parser-4.0.2.tgz 10545ms (cache miss)
2609 http fetch GET 200 https://registry.npmjs.org/@babel/plugin-transform-template-literals/-/plugin-transform-template-literals-7.27.1.tgz 10605ms (cache miss)
2610 http fetch GET 200 https://registry.npmjs.org/@babel/plugin-transform-unicode-property-regex/-/plugin-transform-unicode-property-regex-7.28.6.tgz 10608ms (cache miss)
2611 http fetch GET 200 https://registry.npmjs.org/@babel/plugin-transform-typeof-symbol/-/plugin-transform-typeof-symbol-7.27.1.tgz 10633ms (cache miss)
2612 http fetch GET 200 https://registry.npmjs.org/@babel/plugin-transform-unicode-escapes/-/plugin-transform-unicode-escapes-7.27.1.tgz 10633ms (cache miss)
2613 http fetch GET 200 https://registry.npmjs.org/@floating-ui/dom/-/dom-1.7.5.tgz 10647ms (cache miss)
2614 http fetch GET 200 https://registry.npmjs.org/@babel/plugin-transform-unicode-regex/-/plugin-transform-unicode-regex-7.27.1.tgz 10635ms (cache miss)
2615 http fetch GET 200 https://registry.npmjs.org/@babel/plugin-transform-unicode-sets-regex/-/plugin-transform-unicode-sets-regex-7.28.6.tgz 10680ms (cache miss)
2616 http fetch GET 200 https://registry.npmjs.org/@testing-library/jest-dom/-/jest-dom-6.9.1.tgz 10882ms (cache miss)
2617 http fetch GET 200 https://registry.npmjs.org/@babel/plugin-transform-sticky-regex/-/plugin-transform-sticky-regex-7.27.1.tgz 10822ms (cache miss)
2618 http fetch GET 200 https://registry.npmjs.org/@babel/plugin-transform-reserved-words/-/plugin-transform-reserved-words-7.27.1.tgz 10806ms (cache miss)
2619 http fetch GET 200 https://registry.npmjs.org/@babel/plugin-transform-shorthand-properties/-/plugin-transform-shorthand-properties-7.27.1.tgz 10836ms (cache miss)
2620 http fetch GET 200 https://registry.npmjs.org/@babel/plugin-transform-spread/-/plugin-transform-spread-7.28.6.tgz 10834ms (cache miss)
2621 http fetch GET 200 https://registry.npmjs.org/@babel/plugin-transform-regexp-modifiers/-/plugin-transform-regexp-modifiers-7.28.6.tgz 10873ms (cache miss)
2622 http fetch GET 200 https://registry.npmjs.org/@babel/plugin-transform-react-jsx-source/-/plugin-transform-react-jsx-source-7.27.1.tgz 10936ms (cache miss)
2623 http fetch GET 200 https://registry.npmjs.org/@babel/plugin-transform-private-property-in-object/-/plugin-transform-private-property-in-object-7.28.6.tgz 10970ms (cache miss)
2624 http fetch GET 200 https://registry.npmjs.org/@babel/plugin-transform-private-methods/-/plugin-transform-private-methods-7.28.6.tgz 11033ms (cache miss)
2625 http fetch GET 200 https://registry.npmjs.org/@babel/plugin-transform-property-literals/-/plugin-transform-property-literals-7.27.1.tgz 11034ms (cache miss)
2626 http fetch GET 200 https://registry.npmjs.org/@babel/plugin-transform-react-jsx-self/-/plugin-transform-react-jsx-self-7.27.1.tgz 11035ms (cache miss)
2627 http fetch GET 200 https://registry.npmjs.org/@jridgewell/sourcemap-codec/-/sourcemap-codec-1.5.5.tgz 11182ms (cache miss)
2628 http fetch GET 200 https://registry.npmjs.org/@floating-ui/core/-/core-1.7.4.tgz 11179ms (cache miss)
2629 http fetch GET 200 https://registry.npmjs.org/@babel/plugin-transform-object-rest-spread/-/plugin-transform-object-rest-spread-7.28.6.tgz 11130ms (cache miss)
2630 http fetch GET 200 https://registry.npmjs.org/@babel/plugin-transform-nullish-coalescing-operator/-/plugin-transform-nullish-coalescing-operator-7.28.6.tgz 11155ms (cache miss)
2631 http fetch GET 200 https://registry.npmjs.org/@supabase/supabase-js/-/supabase-js-2.98.0.tgz 11259ms (cache miss)
2632 http fetch GET 200 https://registry.npmjs.org/@babel/plugin-transform-modules-systemjs/-/plugin-transform-modules-systemjs-7.29.0.tgz 11164ms (cache miss)
2633 http fetch GET 200 https://registry.npmjs.org/@babel/plugin-transform-named-capturing-groups-regex/-/plugin-transform-named-capturing-groups-regex-7.29.0.tgz 11166ms (cache miss)
2634 http fetch GET 200 https://registry.npmjs.org/@babel/plugin-transform-object-super/-/plugin-transform-object-super-7.27.1.tgz 11170ms (cache miss)
2635 http fetch GET 200 https://registry.npmjs.org/@babel/plugin-transform-new-target/-/plugin-transform-new-target-7.27.1.tgz 11168ms (cache miss)
2636 http fetch GET 200 https://registry.npmjs.org/@babel/plugin-transform-modules-amd/-/plugin-transform-modules-amd-7.27.1.tgz 11164ms (cache miss)
2637 http fetch GET 200 https://registry.npmjs.org/@babel/plugin-transform-numeric-separator/-/plugin-transform-numeric-separator-7.28.6.tgz 11172ms (cache miss)
2638 http fetch GET 200 https://registry.npmjs.org/@babel/plugin-transform-logical-assignment-operators/-/plugin-transform-logical-assignment-operators-7.28.6.tgz 11214ms (cache miss)
2639 http fetch GET 200 https://registry.npmjs.org/@babel/plugin-transform-member-expression-literals/-/plugin-transform-member-expression-literals-7.27.1.tgz 11216ms (cache miss)
2640 http fetch GET 200 https://registry.npmjs.org/@jridgewell/gen-mapping/-/gen-mapping-0.3.13.tgz 11338ms (cache miss)
2641 http fetch GET 200 https://registry.npmjs.org/@babel/plugin-transform-optional-chaining/-/plugin-transform-optional-chaining-7.28.6.tgz 11278ms (cache miss)
2642 http fetch GET 200 https://registry.npmjs.org/@babel/plugin-transform-modules-umd/-/plugin-transform-modules-umd-7.27.1.tgz 11276ms (cache miss)
2643 http fetch GET 200 https://registry.npmjs.org/@babel/plugin-transform-literals/-/plugin-transform-literals-7.27.1.tgz 11273ms (cache miss)
2644 http fetch GET 200 https://registry.npmjs.org/@babel/plugin-transform-export-namespace-from/-/plugin-transform-export-namespace-from-7.27.1.tgz 11297ms (cache miss)
2645 http fetch GET 200 https://registry.npmjs.org/@babel/plugin-transform-function-name/-/plugin-transform-function-name-7.27.1.tgz 11299ms (cache miss)
2646 http fetch GET 200 https://registry.npmjs.org/@babel/plugin-transform-duplicate-keys/-/plugin-transform-duplicate-keys-7.27.1.tgz 11292ms (cache miss)
2647 http fetch GET 200 https://registry.npmjs.org/@babel/plugin-transform-json-strings/-/plugin-transform-json-strings-7.28.6.tgz 11302ms (cache miss)
2648 http fetch GET 200 https://registry.npmjs.org/@babel/plugin-transform-dynamic-import/-/plugin-transform-dynamic-import-7.27.1.tgz 11296ms (cache miss)
2649 http fetch GET 200 https://registry.npmjs.org/@babel/plugin-transform-parameters/-/plugin-transform-parameters-7.27.7.tgz 11315ms (cache miss)
2650 http fetch GET 200 https://registry.npmjs.org/@babel/plugin-transform-duplicate-named-capturing-groups-regex/-/plugin-transform-duplicate-named-capturing-groups-regex-7.29.0.tgz 11301ms (cache miss)
2651 http fetch GET 200 https://registry.npmjs.org/@babel/plugin-transform-modules-commonjs/-/plugin-transform-modules-commonjs-7.28.6.tgz 11314ms (cache miss)
2652 http fetch GET 200 https://registry.npmjs.org/@babel/plugin-transform-dotall-regex/-/plugin-transform-dotall-regex-7.28.6.tgz 11304ms (cache miss)
2653 http fetch GET 200 https://registry.npmjs.org/@babel/plugin-transform-for-of/-/plugin-transform-for-of-7.27.1.tgz 11346ms (cache miss)
2654 http fetch GET 200 https://registry.npmjs.org/@babel/plugin-transform-explicit-resource-management/-/plugin-transform-explicit-resource-management-7.28.6.tgz 11341ms (cache miss)
2655 http fetch GET 200 https://registry.npmjs.org/@babel/plugin-transform-exponentiation-operator/-/plugin-transform-exponentiation-operator-7.28.6.tgz 11420ms (cache miss)
2656 http fetch GET 200 https://registry.npmjs.org/@babel/plugin-transform-computed-properties/-/plugin-transform-computed-properties-7.28.6.tgz 11473ms (cache miss)
2657 http fetch GET 200 https://registry.npmjs.org/@babel/plugin-transform-block-scoped-functions/-/plugin-transform-block-scoped-functions-7.27.1.tgz 11508ms (cache miss)
2658 http fetch GET 200 https://registry.npmjs.org/@babel/plugin-transform-destructuring/-/plugin-transform-destructuring-7.28.5.tgz 11558ms (cache miss)
2659 http fetch GET 200 https://registry.npmjs.org/@babel/plugin-transform-async-generator-functions/-/plugin-transform-async-generator-functions-7.29.0.tgz 11628ms (cache miss)
2660 http fetch GET 200 https://registry.npmjs.org/@babel/plugin-bugfix-safari-class-field-initializer-scope/-/plugin-bugfix-safari-class-field-initializer-scope-7.27.1.tgz 11636ms (cache miss)
2661 http fetch GET 200 https://registry.npmjs.org/@babel/plugin-transform-class-properties/-/plugin-transform-class-properties-7.28.6.tgz 11682ms (cache miss)
2662 http fetch GET 200 https://registry.npmjs.org/@babel/plugin-transform-arrow-functions/-/plugin-transform-arrow-functions-7.27.1.tgz 11678ms (cache miss)
2663 http fetch GET 200 https://registry.npmjs.org/@babel/plugin-transform-class-static-block/-/plugin-transform-class-static-block-7.28.6.tgz 11690ms (cache miss)
2664 http fetch GET 200 https://registry.npmjs.org/@eslint-community/regexpp/-/regexpp-4.12.2.tgz 11782ms (cache miss)
2665 http fetch GET 200 https://registry.npmjs.org/@babel/plugin-syntax-import-assertions/-/plugin-syntax-import-assertions-7.28.6.tgz 11704ms (cache miss)
2666 http fetch GET 200 https://registry.npmjs.org/@babel/plugin-syntax-unicode-sets-regex/-/plugin-syntax-unicode-sets-regex-7.18.6.tgz 11705ms (cache miss)
2667 http fetch GET 200 https://registry.npmjs.org/@babel/plugin-proposal-private-property-in-object/-/plugin-proposal-private-property-in-object-7.21.0-placeholder-for-preset-env.2.tgz 11705ms (cache miss)
2668 http fetch GET 200 https://registry.npmjs.org/@babel/plugin-bugfix-v8-spread-parameters-in-optional-chaining/-/plugin-bugfix-v8-spread-parameters-in-optional-chaining-7.27.1.tgz 11700ms (cache miss)
2669 http fetch GET 200 https://registry.npmjs.org/@babel/plugin-bugfix-safari-id-destructuring-collision-in-function-expression/-/plugin-bugfix-safari-id-destructuring-collision-in-function-expression-7.27.1.tgz 11698ms (cache miss)
2670 http fetch GET 200 https://registry.npmjs.org/@babel/plugin-transform-async-to-generator/-/plugin-transform-async-to-generator-7.28.6.tgz 11716ms (cache miss)
2671 http fetch GET 200 https://registry.npmjs.org/@babel/plugin-transform-classes/-/plugin-transform-classes-7.28.6.tgz 11719ms (cache miss)
2672 http fetch GET 200 https://registry.npmjs.org/@babel/plugin-bugfix-firefox-class-in-computed-class-key/-/plugin-bugfix-firefox-class-in-computed-class-key-7.28.5.tgz 11709ms (cache miss)
2673 http fetch GET 200 https://registry.npmjs.org/@babel/plugin-transform-optional-catch-binding/-/plugin-transform-optional-catch-binding-7.28.6.tgz 11720ms (cache miss)
2674 http fetch GET 200 https://registry.npmjs.org/@babel/plugin-bugfix-v8-static-class-fields-redefine-readonly/-/plugin-bugfix-v8-static-class-fields-redefine-readonly-7.28.6.tgz 11729ms (cache miss)
2675 http fetch GET 200 https://registry.npmjs.org/@babel/helper-wrap-function/-/helper-wrap-function-7.28.6.tgz 11722ms (cache miss)
2676 http fetch GET 200 https://registry.npmjs.org/@babel/helper-skip-transparent-expression-wrappers/-/helper-skip-transparent-expression-wrappers-7.27.1.tgz 11728ms (cache miss)
2677 http fetch GET 200 https://registry.npmjs.org/@babel/helper-replace-supers/-/helper-replace-supers-7.28.6.tgz 11728ms (cache miss)
2678 http fetch GET 200 https://registry.npmjs.org/@babel/helper-remap-async-to-generator/-/helper-remap-async-to-generator-7.27.1.tgz 11728ms (cache miss)
2679 http fetch GET 200 https://registry.npmjs.org/@babel/helper-validator-identifier/-/helper-validator-identifier-7.28.5.tgz 11731ms (cache miss)
2680 http fetch GET 200 https://registry.npmjs.org/@babel/helper-validator-option/-/helper-validator-option-7.27.1.tgz 11748ms (cache miss)
2681 http fetch GET 200 https://registry.npmjs.org/@babel/plugin-syntax-import-attributes/-/plugin-syntax-import-attributes-7.28.6.tgz 11761ms (cache miss)
2682 http fetch GET 200 https://registry.npmjs.org/@babel/helper-module-imports/-/helper-module-imports-7.28.6.tgz 11777ms (cache miss)
2683 http fetch GET 200 https://registry.npmjs.org/@babel/helper-optimise-call-expression/-/helper-optimise-call-expression-7.27.1.tgz 11779ms (cache miss)
2684 http fetch GET 200 https://registry.npmjs.org/@eslint-community/eslint-utils/-/eslint-utils-4.9.1.tgz 11896ms (cache miss)
2685 http fetch GET 200 https://registry.npmjs.org/@babel/helper-plugin-utils/-/helper-plugin-utils-7.28.6.tgz 11786ms (cache miss)
2686 http fetch GET 200 https://registry.npmjs.org/@babel/helper-globals/-/helper-globals-7.28.0.tgz 11808ms (cache miss)
2687 http fetch GET 200 https://registry.npmjs.org/@babel/helper-member-expression-to-functions/-/helper-member-expression-to-functions-7.28.5.tgz 11811ms (cache miss)
2688 http fetch GET 200 https://registry.npmjs.org/@babel/helper-string-parser/-/helper-string-parser-7.27.1.tgz 11817ms (cache miss)
2689 http fetch GET 200 https://registry.npmjs.org/@babel/helper-annotate-as-pure/-/helper-annotate-as-pure-7.27.3.tgz 11806ms (cache miss)
2690 http fetch GET 200 https://registry.npmjs.org/common-tags/-/common-tags-1.8.2.tgz 12088ms (cache miss)
2691 http fetch GET 200 https://registry.npmjs.org/@typescript-eslint/typescript-estree/-/typescript-estree-8.56.1.tgz 12074ms (cache miss)
2692 http fetch GET 200 https://registry.npmjs.org/@babel/plugin-transform-block-scoping/-/plugin-transform-block-scoping-7.28.6.tgz 11898ms (cache miss)
2693 http fetch GET 200 https://registry.npmjs.org/@tiptap/extension-text-style/-/extension-text-style-3.20.0.tgz 12122ms (cache miss)
2694 http fetch GET 200 https://registry.npmjs.org/@babel/code-frame/-/code-frame-7.29.0.tgz 11879ms (cache miss)
2695 http fetch GET 200 https://registry.npmjs.org/@apideck/better-ajv-errors/-/better-ajv-errors-0.3.6.tgz 11877ms (cache miss)
2696 http fetch GET 200 https://registry.npmjs.org/@alloc/quick-lru/-/quick-lru-5.2.0.tgz 11896ms (cache miss)
2697 http fetch GET 200 https://registry.npmjs.org/@asamuzakjp/nwsapi/-/nwsapi-2.3.9.tgz 11898ms (cache miss)
2698 http fetch GET 200 https://registry.npmjs.org/brace-expansion/-/brace-expansion-1.1.14.tgz 11896ms (cache miss)
2699 http fetch GET 200 https://registry.npmjs.org/json-schema-traverse/-/json-schema-traverse-0.4.1.tgz 11896ms (cache miss)
2700 http fetch GET 200 https://registry.npmjs.org/@babel/template/-/template-7.28.6.tgz 12019ms (cache miss)
2701 http fetch GET 200 https://registry.npmjs.org/@sentry-internal/replay-canvas/-/replay-canvas-10.40.0.tgz 12042ms (cache miss)
2702 http fetch GET 200 https://registry.npmjs.org/generator-function/-/generator-function-2.0.1.tgz 11916ms (cache miss)
2703 http fetch GET 200 https://registry.npmjs.org/strip-ansi/-/strip-ansi-6.0.1.tgz 11907ms (cache miss)
2704 http fetch GET 200 https://registry.npmjs.org/emoji-regex/-/emoji-regex-8.0.0.tgz 11903ms (cache miss)
2705 http fetch GET 200 https://registry.npmjs.org/p-limit/-/p-limit-2.3.0.tgz 11908ms (cache miss)
2706 http fetch GET 200 https://registry.npmjs.org/eslint-visitor-keys/-/eslint-visitor-keys-4.2.1.tgz 11927ms (cache miss)
2707 http fetch GET 200 https://registry.npmjs.org/find-up/-/find-up-4.1.0.tgz 11923ms (cache miss)
2708 http fetch GET 200 https://registry.npmjs.org/locate-path/-/locate-path-5.0.0.tgz 11921ms (cache miss)
2709 http fetch GET 200 https://registry.npmjs.org/string-width/-/string-width-4.2.3.tgz 11942ms (cache miss)
2710 http fetch GET 200 https://registry.npmjs.org/aria-query/-/aria-query-5.3.2.tgz 12220ms (cache miss)
2711 http fetch GET 200 https://registry.npmjs.org/@supabase/postgrest-js/-/postgrest-js-2.98.0.tgz 12102ms (cache miss)
2712 http fetch GET 200 https://registry.npmjs.org/@babel/compat-data/-/compat-data-7.29.0.tgz 11975ms (cache miss)
2713 http fetch GET 200 https://registry.npmjs.org/eslint-visitor-keys/-/eslint-visitor-keys-4.2.1.tgz 11971ms (cache miss)
2714 http fetch GET 200 https://registry.npmjs.org/json-schema-traverse/-/json-schema-traverse-0.4.1.tgz 11971ms (cache miss)
2715 http fetch GET 200 https://registry.npmjs.org/estree-walker/-/estree-walker-1.0.1.tgz 11964ms (cache miss)
2716 http fetch GET 200 https://registry.npmjs.org/@babel/plugin-transform-regenerator/-/plugin-transform-regenerator-7.29.0.tgz 12087ms (cache miss)
2717 http fetch GET 200 https://registry.npmjs.org/strip-ansi/-/strip-ansi-6.0.1.tgz 11972ms (cache miss)
2718 http fetch GET 200 https://registry.npmjs.org/@types/estree/-/estree-0.0.39.tgz 12015ms (cache miss)
2719 http fetch GET 200 https://registry.npmjs.org/@rollup/pluginutils/-/pluginutils-3.1.0.tgz 12016ms (cache miss)
2720 http fetch GET 200 https://registry.npmjs.org/@jridgewell/trace-mapping/-/trace-mapping-0.3.31.tgz 12170ms (cache miss)
2721 http fetch GET 200 https://registry.npmjs.org/react-is/-/react-is-16.13.1.tgz 12016ms (cache miss)
2722 http fetch GET 200 https://registry.npmjs.org/react-is/-/react-is-17.0.2.tgz 12017ms (cache miss)
2723 http fetch GET 200 https://registry.npmjs.org/minimatch/-/minimatch-5.1.6.tgz 12016ms (cache miss)
2724 http fetch GET 200 https://registry.npmjs.org/@babel/helper-compilation-targets/-/helper-compilation-targets-7.28.6.tgz 12044ms (cache miss)
2725 http fetch GET 200 https://registry.npmjs.org/pretty-bytes/-/pretty-bytes-5.6.0.tgz 12030ms (cache miss)
2726 http fetch GET 200 https://registry.npmjs.org/wrap-ansi/-/wrap-ansi-6.2.0.tgz 12031ms (cache miss)
2727 http fetch GET 200 https://registry.npmjs.org/string-width/-/string-width-4.2.3.tgz 12051ms (cache miss)
2728 http fetch GET 200 https://registry.npmjs.org/@rollup/plugin-replace/-/plugin-replace-2.4.2.tgz 12063ms (cache miss)
2729 http fetch GET 200 https://registry.npmjs.org/brace-expansion 11497ms (cache revalidated)
2730 silly packumentCache corgi:https://registry.npmjs.org/brace-expansion set size:22573 disposed:false
2731 http fetch GET 200 https://registry.npmjs.org/ajv 11499ms (cache revalidated)
2732 silly packumentCache corgi:https://registry.npmjs.org/ajv set size:467559 disposed:false
2733 http fetch GET 200 https://registry.npmjs.org/minimatch 11517ms (cache revalidated)
2734 silly packumentCache corgi:https://registry.npmjs.org/minimatch set size:168441 disposed:false
2735 http fetch GET 200 https://registry.npmjs.org/emoji-regex/-/emoji-regex-8.0.0.tgz 12107ms (cache miss)
2736 http fetch GET 200 https://registry.npmjs.org/ansi-styles/-/ansi-styles-4.3.0.tgz 12110ms (cache miss)
2737 http fetch GET 200 https://registry.npmjs.org/lodash 11541ms (cache revalidated)
2738 silly packumentCache corgi:https://registry.npmjs.org/lodash set size:69555 disposed:false
2739 http fetch GET 200 https://registry.npmjs.org/dompurify 11545ms (cache revalidated)
2740 silly packumentCache corgi:https://registry.npmjs.org/dompurify set size:241939 disposed:false
2741 http fetch GET 200 https://registry.npmjs.org/@rollup/plugin-babel/-/plugin-babel-5.3.1.tgz 12136ms (cache miss)
2742 http fetch GET 200 https://registry.npmjs.org/webidl-conversions/-/webidl-conversions-8.0.1.tgz 12150ms (cache miss)
2743 http fetch GET 200 https://registry.npmjs.org/balanced-match/-/balanced-match-4.0.4.tgz 12146ms (cache miss)
2744 http fetch GET 200 https://registry.npmjs.org/@supabase/functions-js/-/functions-js-2.98.0.tgz 12351ms (cache miss)
2745 http fetch GET 200 https://registry.npmjs.org/axios 11622ms (cache revalidated)
2746 silly packumentCache corgi:https://registry.npmjs.org/axios set size:288851 disposed:false
2747 http fetch GET 200 https://registry.npmjs.org/xlsx 11629ms (cache revalidated)
2748 silly packumentCache corgi:https://registry.npmjs.org/xlsx set size:134408 disposed:false
2749 http fetch GET 200 https://registry.npmjs.org/picomatch/-/picomatch-2.3.1.tgz 12232ms (cache miss)
2750 http fetch GET 200 https://registry.npmjs.org/@dnd-kit/utilities/-/utilities-3.2.2.tgz 12374ms (cache miss)
2751 http fetch GET 200 https://registry.npmjs.org/eslint-visitor-keys/-/eslint-visitor-keys-3.4.3.tgz 12227ms (cache miss)
2752 http fetch GET 200 https://registry.npmjs.org/ignore/-/ignore-7.0.5.tgz 12230ms (cache miss)
2753 http fetch GET 200 https://registry.npmjs.org/flatted 11665ms (cache revalidated)
2754 silly packumentCache corgi:https://registry.npmjs.org/flatted set size:57858 disposed:false
2755 http fetch GET 200 https://registry.npmjs.org/picomatch 11665ms (cache revalidated)
2756 silly packumentCache corgi:https://registry.npmjs.org/picomatch set size:44414 disposed:false
2757 http fetch GET 200 https://registry.npmjs.org/follow-redirects 11667ms (cache revalidated)
2758 silly packumentCache corgi:https://registry.npmjs.org/follow-redirects set size:88479 disposed:false
2759 http fetch GET 200 https://registry.npmjs.org/rollup 11673ms (cache revalidated)
2760 silly packumentCache corgi:https://registry.npmjs.org/rollup set size:2564296 disposed:false
2761 http fetch GET 200 https://registry.npmjs.org/ansi-styles/-/ansi-styles-4.3.0.tgz 12015ms (cache miss)
2762 http fetch GET 200 https://registry.npmjs.org/postcss 11743ms (cache revalidated)
2763 silly packumentCache corgi:https://registry.npmjs.org/postcss set size:343873 disposed:false
2764 http fetch GET 200 https://registry.npmjs.org/jspdf 11757ms (cache revalidated)
2765 silly packumentCache corgi:https://registry.npmjs.org/jspdf set size:68277 disposed:false
2766 http fetch GET 200 https://registry.npmjs.org/serialize-javascript 11759ms (cache revalidated)
2767 silly packumentCache corgi:https://registry.npmjs.org/serialize-javascript set size:36142 disposed:false
2768 http fetch GET 200 https://registry.npmjs.org/@babel/helper-create-regexp-features-plugin/-/helper-create-regexp-features-plugin-7.28.5.tgz 12382ms (cache miss)
2769 http fetch GET 200 https://registry.npmjs.org/p-locate/-/p-locate-4.1.0.tgz 12383ms (cache miss)
2770 http fetch GET 200 https://registry.npmjs.org/vite 11825ms (cache revalidated)
2771 silly packumentCache corgi:https://registry.npmjs.org/vite set size:2234939 disposed:false
2772 http fetch GET 200 https://registry.npmjs.org/webidl-conversions/-/webidl-conversions-8.0.1.tgz 12244ms (cache miss)
2773 http fetch GET 200 https://registry.npmjs.org/@babel/helper-module-transforms/-/helper-module-transforms-7.28.6.tgz 12583ms (cache miss)
2774 http fetch GET 200 https://registry.npmjs.org/async/-/async-3.2.6.tgz 12852ms (cache miss)
2775 http fetch GET 200 https://registry.npmjs.org/@tiptap/extension-table/-/extension-table-3.20.0.tgz 12831ms (cache miss)
2776 http fetch GET 200 https://registry.npmjs.org/tr46/-/tr46-6.0.0.tgz 12570ms (cache miss)
2777 http fetch GET 200 https://registry.npmjs.org/brace-expansion/-/brace-expansion-5.0.3.tgz 12605ms (cache miss)
2778 http fetch GET 200 https://registry.npmjs.org/whatwg-url/-/whatwg-url-16.0.1.tgz 12618ms (cache miss)
2779 http fetch GET 200 https://registry.npmjs.org/whatwg-url/-/whatwg-url-16.0.1.tgz 12614ms (cache miss)
2780 http fetch GET 200 https://registry.npmjs.org/tr46/-/tr46-6.0.0.tgz 12827ms (cache miss)
2781 http fetch GET 200 https://registry.npmjs.org/@supabase/storage-js/-/storage-js-2.98.0.tgz 13050ms (cache miss)
2782 http fetch GET 200 https://registry.npmjs.org/estree-walker/-/estree-walker-2.0.2.tgz 12885ms (cache miss)
2783 http fetch GET 200 https://registry.npmjs.org/@adobe/css-tools/-/css-tools-4.4.4.tgz 12928ms (cache miss)
2784 http fetch GET 200 https://registry.npmjs.org/@tiptap/extensions/-/extensions-3.20.0.tgz 13183ms (cache miss)
2785 http fetch GET 200 https://registry.npmjs.org/magic-string/-/magic-string-0.25.9.tgz 13051ms (cache miss)
2786 http fetch GET 200 https://registry.npmjs.org/@asamuzakjp/dom-selector/-/dom-selector-7.0.4.tgz 13091ms (cache miss)
2787 silly packumentCache corgi:https://registry.npmjs.org/filelist cache-miss
2788 http fetch GET 200 https://registry.npmjs.org/@babel/helper-define-polyfill-provider/-/helper-define-polyfill-provider-0.6.6.tgz 13128ms (cache miss)
2789 http fetch GET 200 https://registry.npmjs.org/eslint-plugin-react-hooks/-/eslint-plugin-react-hooks-7.0.1.tgz 13492ms (cache miss)
2790 http fetch GET 200 https://registry.npmjs.org/@babel/helper-create-class-features-plugin/-/helper-create-class-features-plugin-7.28.6.tgz 13192ms (cache miss)
2791 http fetch GET 200 https://registry.npmjs.org/magic-string/-/magic-string-0.25.9.tgz 13273ms (cache miss)
2792 http fetch GET 200 https://registry.npmjs.org/@bramus/specificity/-/specificity-2.4.2.tgz 13437ms (cache miss)
2793 http fetch GET 200 https://registry.npmjs.org/@tiptap/extension-list/-/extension-list-3.20.0.tgz 13590ms (cache miss)
2794 http fetch GET 200 https://registry.npmjs.org/@babel/preset-modules/-/preset-modules-0.1.6-no-external-plugins.tgz 13408ms (cache miss)
2795 http fetch GET 200 https://registry.npmjs.org/axe-core/-/axe-core-4.11.1.tgz 13793ms (cache miss)
2796 http fetch GET 200 https://registry.npmjs.org/path-scurry/-/path-scurry-2.0.1.tgz 13548ms (cache miss)
2797 http fetch GET 200 https://registry.npmjs.org/@babel/preset-env/-/preset-env-7.29.0.tgz 13629ms (cache miss)
2798 http fetch GET 200 https://registry.npmjs.org/@exodus/bytes/-/bytes-1.15.0.tgz 13863ms (cache miss)
2799 http fetch GET 200 https://registry.npmjs.org/filelist 630ms (cache revalidated)
2800 silly packumentCache corgi:https://registry.npmjs.org/filelist set size:11409 disposed:false
2801 silly packumentCache corgi:https://registry.npmjs.org/glob cache-miss
2802 http fetch GET 200 https://registry.npmjs.org/canvg/-/canvg-3.0.11.tgz 14032ms (cache miss)
2803 http fetch GET 200 https://registry.npmjs.org/jackspeak/-/jackspeak-4.2.3.tgz 13764ms (cache miss)
2804 http fetch GET 200 https://registry.npmjs.org/@rollup/rollup-darwin-x64/-/rollup-darwin-x64-4.57.1.tgz 14007ms (cache miss)
2805 http fetch GET 200 https://registry.npmjs.org/semver/-/semver-7.7.4.tgz 13871ms (cache miss)
2806 http fetch GET 200 https://registry.npmjs.org/react-router/-/react-router-7.13.0.tgz 14317ms (cache miss)
2807 http fetch GET 200 https://registry.npmjs.org/victory-vendor/-/victory-vendor-37.3.6.tgz 14367ms (cache miss)
2808 http fetch GET 200 https://registry.npmjs.org/lru-cache/-/lru-cache-11.2.6.tgz 13978ms (cache miss)
2809 http fetch GET 200 https://registry.npmjs.org/source-map/-/source-map-0.6.1.tgz 14018ms (cache miss)
2810 http fetch GET 200 https://registry.npmjs.org/dom-accessibility-api/-/dom-accessibility-api-0.5.16.tgz 14022ms (cache miss)
2811 http fetch GET 200 https://registry.npmjs.org/eslint-plugin-jsx-a11y/-/eslint-plugin-jsx-a11y-6.10.2.tgz 14377ms (cache miss)
2812 http fetch GET 200 https://registry.npmjs.org/lru-cache/-/lru-cache-11.2.7.tgz 14013ms (cache miss)
2813 http fetch GET 200 https://registry.npmjs.org/@babel/generator/-/generator-7.29.1.tgz 14103ms (cache miss)
2814 http fetch GET 200 https://registry.npmjs.org/minimatch/-/minimatch-10.1.2.tgz 14106ms (cache miss)
2815 http fetch GET 200 https://registry.npmjs.org/lru-cache/-/lru-cache-11.2.7.tgz 14104ms (cache miss)
2816 http fetch GET 200 https://registry.npmjs.org/glob 390ms (cache revalidated)
2817 silly packumentCache corgi:https://registry.npmjs.org/glob set size:199194 disposed:false
2818 silly packumentCache corgi:https://registry.npmjs.org/@apideck%2fbetter-ajv-errors cache-miss
2819 silly packumentCache corgi:https://registry.npmjs.org/workbox-build cache-miss
2820 http fetch GET 200 https://registry.npmjs.org/lru-cache/-/lru-cache-11.2.7.tgz 14145ms (cache miss)
2821 http fetch GET 200 https://registry.npmjs.org/minimatch/-/minimatch-10.2.4.tgz 14247ms (cache miss)
2822 http fetch GET 200 https://registry.npmjs.org/@babel/traverse/-/traverse-7.29.0.tgz 14406ms (cache miss)
2823 http fetch GET 200 https://registry.npmjs.org/undici/-/undici-7.24.6.tgz 14782ms (cache miss)
2824 http fetch GET 200 https://registry.npmjs.org/@supabase/realtime-js/-/realtime-js-2.98.0.tgz 14559ms (cache miss)
2825 http fetch GET 200 https://registry.npmjs.org/glob/-/glob-11.1.0.tgz 14444ms (cache miss)
2826 http fetch GET 200 https://registry.npmjs.org/@tailwindcss/oxide-darwin-x64/-/oxide-darwin-x64-4.1.18.tgz 14623ms (cache miss)
2827 warn deprecated glob@11.1.0: Old versions of glob are not supported, and contain widely publicized security vulnerabilities, which have been fixed in the current version. Please update. Support for old versions may be purchased (at exorbitant rates) by contacting i@izs.me
2828 http fetch GET 200 https://registry.npmjs.org/@testing-library/dom/-/dom-10.4.1.tgz 14654ms (cache miss)
2829 http fetch GET 200 https://registry.npmjs.org/workbox-build 363ms (cache revalidated)
2830 silly packumentCache corgi:https://registry.npmjs.org/workbox-build set size:194410 disposed:false
2831 http fetch GET 200 https://registry.npmjs.org/@asamuzakjp/css-color/-/css-color-5.1.1.tgz 14536ms (cache miss)
2832 http fetch GET 200 https://registry.npmjs.org/immer/-/immer-11.1.3.tgz 14517ms (cache miss)
2833 http fetch GET 200 https://registry.npmjs.org/@tanstack/query-devtools/-/query-devtools-5.99.0.tgz 14711ms (cache miss)
2834 http fetch GET 200 https://registry.npmjs.org/@apideck%2fbetter-ajv-errors 447ms (cache miss)
2835 silly packumentCache corgi:https://registry.npmjs.org/@apideck%2fbetter-ajv-errors set size:undefined disposed:false
2836 http fetch GET 200 https://registry.npmjs.org/@babel/parser/-/parser-7.29.0.tgz 14666ms (cache miss)
2837 http fetch GET 200 https://registry.npmjs.org/leaflet/-/leaflet-1.9.4.tgz 15147ms (cache miss)
2838 silly packumentCache corgi:https://registry.npmjs.org/vietqr cache-miss
2839 http fetch GET 200 https://registry.npmjs.org/@types/node/-/node-25.1.0.tgz 15132ms (cache miss)
2840 http fetch GET 200 https://registry.npmjs.org/@sentry/react/-/react-10.40.0.tgz 15027ms (cache miss)
2841 http fetch GET 200 https://registry.npmjs.org/entities/-/entities-6.0.1.tgz 14882ms (cache miss)
2842 http fetch GET 200 https://registry.npmjs.org/@tanstack/react-query/-/react-query-5.100.9.tgz 15435ms (cache miss)
2843 http fetch GET 200 https://registry.npmjs.org/@surma/rollup-plugin-off-main-thread/-/rollup-plugin-off-main-thread-2.2.3.tgz 15235ms (cache miss)
2844 http fetch GET 200 https://registry.npmjs.org/ajv/-/ajv-6.15.0.tgz 15188ms (cache miss)
2845 http fetch GET 200 https://registry.npmjs.org/@isaacs/cliui/-/cliui-9.0.0.tgz 15179ms (cache miss)
2846 http fetch GET 200 https://registry.npmjs.org/ajv/-/ajv-6.14.0.tgz 15198ms (cache miss)
2847 http fetch GET 200 https://registry.npmjs.org/vietqr 539ms (cache revalidated)
2848 silly packumentCache corgi:https://registry.npmjs.org/vietqr set size:28270 disposed:false
2849 http fetch GET 200 https://registry.npmjs.org/xlsx/-/xlsx-0.18.5.tgz 15875ms (cache miss)
2850 silly packumentCache corgi:https://registry.npmjs.org/flat-cache cache-miss
2851 http fetch GET 200 https://registry.npmjs.org/@tanstack/query-core/-/query-core-5.100.9.tgz 15961ms (cache miss)
2852 http fetch GET 200 https://registry.npmjs.org/aria-query/-/aria-query-5.3.0.tgz 15448ms (cache miss)
2853 http fetch GET 200 https://registry.npmjs.org/@sentry-internal/feedback/-/feedback-10.40.0.tgz 15678ms (cache miss)
2854 http fetch GET 200 https://registry.npmjs.org/regenerate-unicode-properties/-/regenerate-unicode-properties-10.2.2.tgz 16094ms (cache miss)
2855 http fetch GET 200 https://registry.npmjs.org/flat-cache 426ms (cache revalidated)
2856 silly packumentCache corgi:https://registry.npmjs.org/flat-cache set size:50282 disposed:false
2857 http fetch GET 200 https://registry.npmjs.org/@babel/core/-/core-7.28.6.tgz 15909ms (cache miss)
2858 http fetch GET 200 https://registry.npmjs.org/@typescript-eslint/scope-manager/-/scope-manager-8.56.1.tgz 16170ms (cache miss)
2859 silly packumentCache corgi:https://registry.npmjs.org/jspdf-autotable cache-miss
2860 http fetch GET 200 https://registry.npmjs.org/@babel/runtime/-/runtime-7.28.6.tgz 16240ms (cache miss)
2861 http fetch GET 200 https://registry.npmjs.org/resolve/-/resolve-2.0.0-next.6.tgz 16098ms (cache miss)
2862 http fetch GET 200 https://registry.npmjs.org/react-dom/-/react-dom-19.2.4.tgz 16592ms (cache miss)
2863 http fetch GET 200 https://registry.npmjs.org/@dnd-kit/core/-/core-6.3.1.tgz 16364ms (cache miss)
2864 http fetch GET 200 https://registry.npmjs.org/react-hook-form/-/react-hook-form-7.71.1.tgz 16670ms (cache miss)
2865 http fetch GET 200 https://registry.npmjs.org/eslint-plugin-react/-/eslint-plugin-react-7.37.5.tgz 16780ms (cache miss)
2866 http fetch GET 200 https://registry.npmjs.org/css-tree/-/css-tree-3.2.1.tgz 16782ms (cache miss)
2867 http fetch GET 200 https://registry.npmjs.org/jspdf-autotable 418ms (cache miss)
2868 silly packumentCache corgi:https://registry.npmjs.org/jspdf-autotable set size:undefined disposed:false
2869 http fetch GET 200 https://registry.npmjs.org/@tiptap/core/-/core-3.20.0.tgz 16911ms (cache miss)
2870 http fetch GET 200 https://registry.npmjs.org/@babel/helpers/-/helpers-7.28.6.tgz 16766ms (cache miss)
2871 silly packumentCache corgi:https://registry.npmjs.org/@rollup%2fpluginutils cache-miss
2872 http fetch GET 200 https://registry.npmjs.org/@supabase/auth-js/-/auth-js-2.98.0.tgz 16911ms (cache miss)
2873 http fetch GET 200 https://registry.npmjs.org/@rollup%2fpluginutils 264ms (cache revalidated)
2874 silly packumentCache corgi:https://registry.npmjs.org/@rollup%2fpluginutils set size:47240 disposed:false
2875 silly packumentCache corgi:https://registry.npmjs.org/fdir cache-miss
2876 silly packumentCache corgi:https://registry.npmjs.org/tinyglobby cache-miss
2877 silly packumentCache corgi:https://registry.npmjs.org/vitest cache-miss
2878 http fetch GET 200 https://registry.npmjs.org/tinyglobby 292ms (cache revalidated)
2879 silly packumentCache corgi:https://registry.npmjs.org/tinyglobby set size:18884 disposed:false
2880 http fetch GET 200 https://registry.npmjs.org/prettier/-/prettier-3.8.1.tgz 17689ms (cache miss)
2881 http fetch GET 200 https://registry.npmjs.org/vitest 299ms (cache revalidated)
2882 silly packumentCache corgi:https://registry.npmjs.org/vitest set size:1227495 disposed:false
2883 http fetch GET 200 https://registry.npmjs.org/fdir 330ms (cache miss)
2884 silly packumentCache corgi:https://registry.npmjs.org/fdir set size:undefined disposed:false
2885 silly packumentCache corgi:https://registry.npmjs.org/@tailwindcss%2fpostcss cache-miss
2886 silly packumentCache corgi:https://registry.npmjs.org/autoprefixer cache-miss
2887 http fetch GET 200 https://registry.npmjs.org/dayjs/-/dayjs-1.11.19.tgz 17844ms (cache miss)
2888 http fetch GET 200 https://registry.npmjs.org/codepage/-/codepage-1.15.0.tgz 17849ms (cache miss)
2889 http fetch GET 200 https://registry.npmjs.org/@babel/types/-/types-7.29.0.tgz 17693ms (cache miss)
2890 http fetch GET 200 https://registry.npmjs.org/lightningcss-darwin-x64/-/lightningcss-darwin-x64-1.30.2.tgz 17994ms (cache miss)
2891 http fetch GET 200 https://registry.npmjs.org/eslint/-/eslint-9.39.4.tgz 18135ms (cache miss)
2892 http fetch GET 200 https://registry.npmjs.org/@sentry-internal/browser-utils/-/browser-utils-10.40.0.tgz 17803ms (cache miss)
2893 http fetch GET 200 https://registry.npmjs.org/@sentry-internal/replay/-/replay-10.40.0.tgz 17821ms (cache miss)
2894 http fetch GET 200 https://registry.npmjs.org/rollup/-/rollup-2.79.2.tgz 17799ms (cache miss)
2895 http fetch GET 200 https://registry.npmjs.org/ajv/-/ajv-8.17.1.tgz 18148ms (cache miss)
2896 http fetch GET 200 https://registry.npmjs.org/autoprefixer 589ms (cache miss)
2897 silly packumentCache corgi:https://registry.npmjs.org/autoprefixer set size:undefined disposed:false
2898 http fetch GET 200 https://registry.npmjs.org/@tailwindcss%2fpostcss 956ms (cache updated)
2899 silly packumentCache corgi:https://registry.npmjs.org/@tailwindcss%2fpostcss set size:undefined disposed:false
2900 silly packumentCache corgi:https://registry.npmjs.org/@rollup%2fplugin-node-resolve cache-miss
2901 silly packumentCache corgi:https://registry.npmjs.org/@rollup%2fplugin-terser cache-miss
2902 http fetch GET 200 https://registry.npmjs.org/html2canvas/-/html2canvas-1.4.1.tgz 18853ms (cache miss)
2903 http fetch GET 200 https://registry.npmjs.org/@typescript-eslint/eslint-plugin/-/eslint-plugin-8.56.1.tgz 18777ms (cache miss)
2904 http fetch GET 200 https://registry.npmjs.org/@rollup%2fplugin-node-resolve 287ms (cache miss)
2905 silly packumentCache corgi:https://registry.npmjs.org/@rollup%2fplugin-node-resolve set size:undefined disposed:false
2906 http fetch GET 200 https://registry.npmjs.org/@rollup%2fplugin-terser 380ms (cache revalidated)
2907 silly packumentCache corgi:https://registry.npmjs.org/@rollup%2fplugin-terser set size:14515 disposed:false
2908 http fetch GET 200 https://registry.npmjs.org/framer-motion/-/framer-motion-12.29.2.tgz 19261ms (cache miss)
2909 silly packumentCache corgi:https://registry.npmjs.org/@rollup%2fplugin-babel cache-miss
2910 silly packumentCache corgi:https://registry.npmjs.org/@rollup%2fplugin-replace cache-miss
2911 http fetch GET 200 https://registry.npmjs.org/motion-dom/-/motion-dom-12.29.2.tgz 19491ms (cache miss)
2912 http fetch GET 200 https://registry.npmjs.org/@rollup%2fplugin-babel 176ms (cache miss)
2913 silly packumentCache corgi:https://registry.npmjs.org/@rollup%2fplugin-babel set size:undefined disposed:false
2914 http fetch GET 200 https://registry.npmjs.org/@rollup%2fplugin-replace 339ms (cache miss)
2915 silly packumentCache corgi:https://registry.npmjs.org/@rollup%2fplugin-replace set size:undefined disposed:false
2916 silly packumentCache corgi:https://registry.npmjs.org/@vitejs%2fplugin-react cache-miss
2917 silly packumentCache corgi:https://registry.npmjs.org/@vitest%2fmocker cache-miss
2918 silly packumentCache corgi:https://registry.npmjs.org/vite-plugin-pwa cache-miss
2919 http fetch GET 200 https://registry.npmjs.org/@hookform/resolvers/-/resolvers-5.2.2.tgz 19667ms (cache miss)
2920 http fetch GET 200 https://registry.npmjs.org/@vitejs%2fplugin-react 178ms (cache miss)
2921 silly packumentCache corgi:https://registry.npmjs.org/@vitejs%2fplugin-react set size:undefined disposed:false
2922 http fetch GET 200 https://registry.npmjs.org/@vitest%2fmocker 210ms (cache miss)
2923 silly packumentCache corgi:https://registry.npmjs.org/@vitest%2fmocker set size:undefined disposed:false
2924 http fetch GET 200 https://registry.npmjs.org/vite-plugin-pwa 296ms (cache updated)
2925 silly packumentCache corgi:https://registry.npmjs.org/vite-plugin-pwa set size:undefined disposed:false
2926 http fetch GET 200 https://registry.npmjs.org/@reduxjs/toolkit/-/toolkit-2.11.2.tgz 20029ms (cache miss)
2927 http fetch GET 200 https://registry.npmjs.org/@esbuild/darwin-x64/-/darwin-x64-0.27.2.tgz 20063ms (cache miss)
2928 http fetch GET 200 https://registry.npmjs.org/zod/-/zod-4.3.6.tgz 20525ms (cache miss)
2929 http fetch GET 200 https://registry.npmjs.org/lodash/-/lodash-4.17.23.tgz 20429ms (cache miss)
2930 http fetch GET 200 https://registry.npmjs.org/caniuse-lite/-/caniuse-lite-1.0.30001766.tgz 20438ms (cache miss)
2931 http fetch GET 200 https://registry.npmjs.org/jsdom/-/jsdom-29.0.1.tgz 21129ms (cache miss)
2932 http fetch GET 200 https://registry.npmjs.org/recharts/-/recharts-3.7.0.tgz 21341ms (cache miss)
2933 http fetch GET 200 https://registry.npmjs.org/@sentry/browser/-/browser-10.40.0.tgz 21581ms (cache miss)
2934 http fetch GET 200 https://registry.npmjs.org/typescript/-/typescript-5.9.3.tgz 21971ms (cache miss)
2935 http fetch GET 200 https://registry.npmjs.org/jspdf/-/jspdf-4.1.0.tgz 22377ms (cache miss)
2936 http fetch GET 200 https://registry.npmjs.org/@sentry/core/-/core-10.40.0.tgz 23406ms (cache miss)
2937 http fetch GET 200 https://registry.npmjs.org/es-abstract/-/es-abstract-1.24.1.tgz 23677ms (cache miss)
2938 http fetch GET 200 https://registry.npmjs.org/es-toolkit/-/es-toolkit-1.44.0.tgz 23951ms (cache miss)
2939 http fetch GET 200 https://registry.npmjs.org/core-js/-/core-js-3.48.0.tgz 24673ms (cache miss)
2940 http fetch GET 200 https://registry.npmjs.org/lucide-react/-/lucide-react-0.563.0.tgz 25340ms (cache miss)
2941 info run core-js@3.48.0 postinstall node_modules/core-js node -e "try{require('./postinstall')}catch(e){}"
2942 info run esbuild@0.27.2 postinstall node_modules/esbuild node install.js
2943 info run core-js@3.48.0 postinstall { code: 0, signal: null }
2944 info run esbuild@0.27.2 postinstall { code: 0, signal: null }
2945 silly ADD node_modules/concat-map
2946 silly ADD node_modules/has-flag
2947 silly ADD node_modules/@react-leaflet/core
2948 silly ADD node_modules/callsites
2949 silly ADD node_modules/resolve-from
2950 silly ADD node_modules/parent-module
2951 silly ADD node_modules/acorn-jsx
2952 silly ADD node_modules/esrecurse
2953 silly ADD node_modules/supports-color
2954 silly ADD node_modules/strip-json-comments
2955 silly ADD node_modules/js-yaml
2956 silly ADD node_modules/import-fresh
2957 silly ADD node_modules/globals
2958 silly ADD node_modules/@types/json-schema
2959 silly ADD node_modules/@eslint/object-schema
2960 silly ADD node_modules/minimatch
2961 silly ADD node_modules/minimatch/node_modules/brace-expansion
2962 silly ADD node_modules/lodash.merge
2963 silly ADD node_modules/espree
2964 silly ADD node_modules/espree/node_modules/eslint-visitor-keys
2965 silly ADD node_modules/eslint-scope
2966 silly ADD node_modules/chalk
2967 silly ADD node_modules/chalk/node_modules/ansi-styles
2968 silly ADD node_modules/@eslint/plugin-kit
2969 silly ADD node_modules/@eslint/eslintrc
2970 silly ADD node_modules/@eslint/eslintrc/node_modules/json-schema-traverse
2971 silly ADD node_modules/@eslint/eslintrc/node_modules/ajv
2972 silly ADD node_modules/@eslint/core
2973 silly ADD node_modules/@eslint/config-helpers
2974 silly ADD node_modules/@eslint/config-array
2975 silly ADD node_modules/csstype
2976 silly ADD node_modules/@types/react-dom
2977 silly ADD node_modules/@types/react
2978 silly ADD node_modules/@tanstack/query-core
2979 silly ADD node_modules/@tanstack/react-query
2980 silly ADD node_modules/react-leaflet
2981 silly ADD node_modules/eslint
2982 silly ADD node_modules/eslint/node_modules/eslint-visitor-keys
2983 silly ADD node_modules/eslint/node_modules/json-schema-traverse
2984 silly ADD node_modules/eslint/node_modules/ajv
2985 silly ADD node_modules/@eslint/js
2986 silly ADD node_modules/zustand
2987 silly ADD node_modules/zod-validation-error
2988 silly ADD node_modules/zod
2989 silly ADD node_modules/yocto-queue
2990 silly ADD node_modules/yargs-parser
2991 silly ADD node_modules/yargs
2992 silly ADD node_modules/yargs/node_modules/strip-ansi
2993 silly ADD node_modules/yargs/node_modules/string-width
2994 silly ADD node_modules/yargs/node_modules/p-locate
2995 silly ADD node_modules/yargs/node_modules/p-limit
2996 silly ADD node_modules/yargs/node_modules/locate-path
2997 silly ADD node_modules/yargs/node_modules/find-up
2998 silly ADD node_modules/yargs/node_modules/emoji-regex
2999 silly ADD node_modules/yallist
3000 silly ADD node_modules/y18n
3001 silly ADD node_modules/xmlchars
3002 silly ADD node_modules/xml-name-validator
3003 silly ADD node_modules/xlsx
3004 silly ADD node_modules/ws
3005 silly ADD node_modules/workbox-window
3006 silly ADD node_modules/workbox-sw
3007 silly ADD node_modules/workbox-streams
3008 silly ADD node_modules/workbox-strategies
3009 silly ADD node_modules/workbox-routing
3010 silly ADD node_modules/workbox-recipes
3011 silly ADD node_modules/workbox-range-requests
3012 silly ADD node_modules/workbox-precaching
3013 silly ADD node_modules/workbox-navigation-preload
3014 silly ADD node_modules/workbox-google-analytics
3015 silly ADD node_modules/workbox-expiration
3016 silly ADD node_modules/workbox-core
3017 silly ADD node_modules/workbox-cacheable-response
3018 silly ADD node_modules/workbox-build
3019 silly ADD node_modules/workbox-build/node_modules/rollup
3020 silly ADD node_modules/workbox-build/node_modules/pretty-bytes
3021 silly ADD node_modules/workbox-build/node_modules/picomatch
3022 silly ADD node_modules/workbox-build/node_modules/path-scurry
3023 silly ADD node_modules/workbox-build/node_modules/minimatch
3024 silly ADD node_modules/workbox-build/node_modules/magic-string
3025 silly ADD node_modules/workbox-build/node_modules/lru-cache
3026 silly ADD node_modules/workbox-build/node_modules/jackspeak
3027 silly ADD node_modules/workbox-build/node_modules/glob
3028 silly ADD node_modules/workbox-build/node_modules/estree-walker
3029 silly ADD node_modules/workbox-build/node_modules/@types/estree
3030 silly ADD node_modules/workbox-build/node_modules/@rollup/pluginutils
3031 silly ADD node_modules/workbox-build/node_modules/@rollup/plugin-replace
3032 silly ADD node_modules/workbox-build/node_modules/@rollup/plugin-babel
3033 silly ADD node_modules/workbox-build/node_modules/@isaacs/cliui
3034 silly ADD node_modules/workbox-broadcast-update
3035 silly ADD node_modules/workbox-background-sync
3036 silly ADD node_modules/word-wrap
3037 silly ADD node_modules/word
3038 silly ADD node_modules/wmf
3039 silly ADD node_modules/why-is-node-running
3040 silly ADD node_modules/which-typed-array
3041 silly ADD node_modules/which-module
3042 silly ADD node_modules/which-collection
3043 silly ADD node_modules/which-builtin-type
3044 silly ADD node_modules/which-boxed-primitive
3045 silly ADD node_modules/which
3046 silly ADD node_modules/whatwg-url
3047 silly ADD node_modules/whatwg-mimetype
3048 silly ADD node_modules/webidl-conversions
3049 silly ADD node_modules/w3c-xmlserializer
3050 silly ADD node_modules/w3c-keyname
3051 silly ADD node_modules/vitest
3052 silly ADD node_modules/vite-plugin-pwa
3053 silly ADD node_modules/vite
3054 silly ADD node_modules/vietqr
3055 silly ADD node_modules/victory-vendor
3056 silly ADD node_modules/utrie
3057 silly ADD node_modules/use-sync-external-store
3058 silly ADD node_modules/uri-js
3059 silly ADD node_modules/update-browserslist-db
3060 silly ADD node_modules/upath
3061 silly ADD node_modules/universalify
3062 silly ADD node_modules/unique-string
3063 silly ADD node_modules/unicode-property-aliases-ecmascript
3064 silly ADD node_modules/unicode-match-property-value-ecmascript
3065 silly ADD node_modules/unicode-match-property-ecmascript
3066 silly ADD node_modules/unicode-canonical-property-names-ecmascript
3067 silly ADD node_modules/undici-types
3068 silly ADD node_modules/undici
3069 silly ADD node_modules/unbox-primitive
3070 silly ADD node_modules/uc.micro
3071 silly ADD node_modules/typescript-eslint
3072 silly ADD node_modules/typescript
3073 silly ADD node_modules/typed-array-length
3074 silly ADD node_modules/typed-array-byte-offset
3075 silly ADD node_modules/typed-array-byte-length
3076 silly ADD node_modules/typed-array-buffer
3077 silly ADD node_modules/type-fest
3078 silly ADD node_modules/type-check
3079 silly ADD node_modules/tslib
3080 silly ADD node_modules/ts-api-utils
3081 silly ADD node_modules/tr46
3082 silly ADD node_modules/tough-cookie
3083 silly ADD node_modules/tldts-core
3084 silly ADD node_modules/tldts
3085 silly ADD node_modules/tinyrainbow
3086 silly ADD node_modules/tinyglobby
3087 silly ADD node_modules/tinyexec
3088 silly ADD node_modules/tinybench
3089 silly ADD node_modules/tiny-invariant
3090 silly ADD node_modules/text-segmentation
3091 silly ADD node_modules/terser
3092 silly ADD node_modules/tempy
3093 silly ADD node_modules/temp-dir
3094 silly ADD node_modules/tapable
3095 silly ADD node_modules/tailwindcss
3096 silly ADD node_modules/tailwind-merge
3097 silly ADD node_modules/symbol-tree
3098 silly ADD node_modules/svg-pathdata
3099 silly ADD node_modules/supports-preserve-symlinks-flag
3100 silly ADD node_modules/strip-indent
3101 silly ADD node_modules/strip-comments
3102 silly ADD node_modules/stringify-object
3103 silly ADD node_modules/string.prototype.trimstart
3104 silly ADD node_modules/string.prototype.trimend
3105 silly ADD node_modules/string.prototype.trim
3106 silly ADD node_modules/string.prototype.repeat
3107 silly ADD node_modules/string.prototype.matchall
3108 silly ADD node_modules/string.prototype.includes
3109 silly ADD node_modules/stop-iteration-iterator
3110 silly ADD node_modules/std-env
3111 silly ADD node_modules/stackblur-canvas
3112 silly ADD node_modules/stackback
3113 silly ADD node_modules/ssf
3114 silly ADD node_modules/sourcemap-codec
3115 silly ADD node_modules/source-map-support
3116 silly ADD node_modules/source-map-support/node_modules/source-map
3117 silly ADD node_modules/source-map-js
3118 silly ADD node_modules/source-map
3119 silly ADD node_modules/sonner
3120 silly ADD node_modules/smob
3121 silly ADD node_modules/signal-exit
3122 silly ADD node_modules/siginfo
3123 silly ADD node_modules/side-channel-weakmap
3124 silly ADD node_modules/side-channel-map
3125 silly ADD node_modules/side-channel-list
3126 silly ADD node_modules/side-channel
3127 silly ADD node_modules/shebang-regex
3128 silly ADD node_modules/shebang-command
3129 silly ADD node_modules/set-proto
3130 silly ADD node_modules/set-function-name
3131 silly ADD node_modules/set-function-length
3132 silly ADD node_modules/set-cookie-parser
3133 silly ADD node_modules/set-blocking
3134 silly ADD node_modules/serialize-javascript
3135 silly ADD node_modules/semver
3136 silly ADD node_modules/scheduler
3137 silly ADD node_modules/saxes
3138 silly ADD node_modules/safe-regex-test
3139 silly ADD node_modules/safe-push-apply
3140 silly ADD node_modules/safe-buffer
3141 silly ADD node_modules/safe-array-concat
3142 silly ADD node_modules/rope-sequence
3143 silly ADD node_modules/rollup
3144 silly ADD node_modules/rgbcolor
3145 silly ADD node_modules/resolve
3146 silly ADD node_modules/reselect
3147 silly ADD node_modules/require-main-filename
3148 silly ADD node_modules/require-from-string
3149 silly ADD node_modules/require-directory
3150 silly ADD node_modules/regjsparser
3151 silly ADD node_modules/regjsgen
3152 silly ADD node_modules/regexpu-core
3153 silly ADD node_modules/regexp.prototype.flags
3154 silly ADD node_modules/regenerator-runtime
3155 silly ADD node_modules/regenerate-unicode-properties
3156 silly ADD node_modules/regenerate
3157 silly ADD node_modules/reflect.getprototypeof
3158 silly ADD node_modules/redux-thunk
3159 silly ADD node_modules/redux
3160 silly ADD node_modules/redent
3161 silly ADD node_modules/recharts
3162 silly ADD node_modules/react-router-dom
3163 silly ADD node_modules/react-router
3164 silly ADD node_modules/react-refresh
3165 silly ADD node_modules/react-redux
3166 silly ADD node_modules/react-is
3167 silly ADD node_modules/react-hook-form
3168 silly ADD node_modules/react-dom
3169 silly ADD node_modules/react
3170 silly ADD node_modules/randombytes
3171 silly ADD node_modules/raf
3172 silly ADD node_modules/qrcode
3173 silly ADD node_modules/punycode.js
3174 silly ADD node_modules/punycode
3175 silly ADD node_modules/prosemirror-view
3176 silly ADD node_modules/prosemirror-transform
3177 silly ADD node_modules/prosemirror-trailing-node
3178 silly ADD node_modules/prosemirror-tables
3179 silly ADD node_modules/prosemirror-state
3180 silly ADD node_modules/prosemirror-schema-list
3181 silly ADD node_modules/prosemirror-schema-basic
3182 silly ADD node_modules/prosemirror-model
3183 silly ADD node_modules/prosemirror-menu
3184 silly ADD node_modules/prosemirror-markdown
3185 silly ADD node_modules/prosemirror-keymap
3186 silly ADD node_modules/prosemirror-inputrules
3187 silly ADD node_modules/prosemirror-history
3188 silly ADD node_modules/prosemirror-gapcursor
3189 silly ADD node_modules/prosemirror-dropcursor
3190 silly ADD node_modules/prosemirror-commands
3191 silly ADD node_modules/prosemirror-collab
3192 silly ADD node_modules/prosemirror-changeset
3193 silly ADD node_modules/prop-types
3194 silly ADD node_modules/prop-types/node_modules/react-is
3195 silly ADD node_modules/pretty-format
3196 silly ADD node_modules/pretty-format/node_modules/react-is
3197 silly ADD node_modules/pretty-bytes
3198 silly ADD node_modules/prettier
3199 silly ADD node_modules/prelude-ls
3200 silly ADD node_modules/postcss-value-parser
3201 silly ADD node_modules/postcss
3202 silly ADD node_modules/possible-typed-array-names
3203 silly ADD node_modules/pngjs
3204 silly ADD node_modules/picomatch
3205 silly ADD node_modules/picocolors
3206 silly ADD node_modules/performance-now
3207 silly ADD node_modules/pathe
3208 silly ADD node_modules/path-parse
3209 silly ADD node_modules/path-key
3210 silly ADD node_modules/path-exists
3211 silly ADD node_modules/parse5
3212 silly ADD node_modules/parse5/node_modules/entities
3213 silly ADD node_modules/pako
3214 silly ADD node_modules/package-json-from-dist
3215 silly ADD node_modules/p-try
3216 silly ADD node_modules/p-locate
3217 silly ADD node_modules/p-limit
3218 silly ADD node_modules/own-keys
3219 silly ADD node_modules/orderedmap
3220 silly ADD node_modules/optionator
3221 silly ADD node_modules/obug
3222 silly ADD node_modules/object.values
3223 silly ADD node_modules/object.fromentries
3224 silly ADD node_modules/object.entries
3225 silly ADD node_modules/object.assign
3226 silly ADD node_modules/object-keys
3227 silly ADD node_modules/object-inspect
3228 silly ADD node_modules/object-assign
3229 silly ADD node_modules/node-releases
3230 silly ADD node_modules/node-exports-info
3231 silly ADD node_modules/natural-compare
3232 silly ADD node_modules/napas-qr
3233 silly ADD node_modules/nanoid
3234 silly ADD node_modules/ms
3235 silly ADD node_modules/motion-utils
3236 silly ADD node_modules/motion-dom
3237 silly ADD node_modules/minipass
3238 silly ADD node_modules/min-indent
3239 silly ADD node_modules/mdurl
3240 silly ADD node_modules/mdn-data
3241 silly ADD node_modules/math-intrinsics
3242 silly ADD node_modules/markdown-it
3243 silly ADD node_modules/magic-string
3244 silly ADD node_modules/lz-string
3245 silly ADD node_modules/lucide-react
3246 silly ADD node_modules/lru-cache
3247 silly ADD node_modules/loose-envify
3248 silly ADD node_modules/lodash.sortby
3249 silly ADD node_modules/lodash.debounce
3250 silly ADD node_modules/lodash
3251 silly ADD node_modules/locate-path
3252 silly ADD node_modules/linkifyjs
3253 silly ADD node_modules/linkify-it
3254 silly ADD
3255 silly ADD
3256 silly ADD
3257 silly ADD
3258 silly ADD
3259 silly ADD
3260 silly ADD
3261 silly ADD
3262 silly ADD node_modules/lightningcss-darwin-x64
3263 silly ADD
3264 silly ADD
3265 silly ADD node_modules/lightningcss
3266 silly ADD node_modules/levn
3267 silly ADD node_modules/leven
3268 silly ADD node_modules/leaflet
3269 silly ADD node_modules/language-tags
3270 silly ADD node_modules/language-subtag-registry
3271 silly ADD node_modules/keyv
3272 silly ADD node_modules/jsx-ast-utils
3273 silly ADD node_modules/jspdf-autotable
3274 silly ADD node_modules/jspdf
3275 silly ADD node_modules/jsonpointer
3276 silly ADD node_modules/jsonfile
3277 silly ADD node_modules/json5
3278 silly ADD node_modules/json-stable-stringify-without-jsonify
3279 silly ADD node_modules/json-schema-traverse
3280 silly ADD node_modules/json-schema
3281 silly ADD node_modules/json-buffer
3282 silly ADD node_modules/jsesc
3283 silly ADD node_modules/jsdom
3284 silly ADD node_modules/jsdom/node_modules/whatwg-url
3285 silly ADD node_modules/jsdom/node_modules/webidl-conversions
3286 silly ADD node_modules/jsdom/node_modules/tr46
3287 silly ADD node_modules/jsdom/node_modules/lru-cache
3288 silly ADD node_modules/js-tokens
3289 silly ADD node_modules/jiti
3290 silly ADD node_modules/jake
3291 silly ADD node_modules/iterator.prototype
3292 silly ADD node_modules/isexe
3293 silly ADD node_modules/isarray
3294 silly ADD node_modules/is-weakset
3295 silly ADD node_modules/is-weakref
3296 silly ADD node_modules/is-weakmap
3297 silly ADD node_modules/is-typed-array
3298 silly ADD node_modules/is-symbol
3299 silly ADD node_modules/is-string
3300 silly ADD node_modules/is-stream
3301 silly ADD node_modules/is-shared-array-buffer
3302 silly ADD node_modules/is-set
3303 silly ADD node_modules/is-regexp
3304 silly ADD node_modules/is-regex
3305 silly ADD node_modules/is-potential-custom-element-name
3306 silly ADD node_modules/is-obj
3307 silly ADD node_modules/is-number-object
3308 silly ADD node_modules/is-negative-zero
3309 silly ADD node_modules/is-module
3310 silly ADD node_modules/is-map
3311 silly ADD node_modules/is-glob
3312 silly ADD node_modules/is-generator-function
3313 silly ADD node_modules/is-fullwidth-code-point
3314 silly ADD node_modules/is-finalizationregistry
3315 silly ADD node_modules/is-extglob
3316 silly ADD node_modules/is-date-object
3317 silly ADD node_modules/is-data-view
3318 silly ADD node_modules/is-core-module
3319 silly ADD node_modules/is-callable
3320 silly ADD node_modules/is-boolean-object
3321 silly ADD node_modules/is-bigint
3322 silly ADD node_modules/is-async-function
3323 silly ADD node_modules/is-array-buffer
3324 silly ADD node_modules/iobuffer
3325 silly ADD node_modules/internmap
3326 silly ADD node_modules/internal-slot
3327 silly ADD node_modules/indent-string
3328 silly ADD node_modules/imurmurhash
3329 silly ADD node_modules/immer
3330 silly ADD node_modules/ignore
3331 silly ADD node_modules/ieee754
3332 silly ADD node_modules/idb
3333 silly ADD node_modules/iceberg-js
3334 silly ADD node_modules/html2canvas
3335 silly ADD node_modules/html-encoding-sniffer
3336 silly ADD node_modules/hermes-parser
3337 silly ADD node_modules/hermes-estree
3338 silly ADD node_modules/hasown
3339 silly ADD node_modules/has-tostringtag
3340 silly ADD node_modules/has-symbols
3341 silly ADD node_modules/has-proto
3342 silly ADD node_modules/has-property-descriptors
3343 silly ADD node_modules/has-bigints
3344 silly ADD node_modules/graceful-fs
3345 silly ADD node_modules/gopd
3346 silly ADD node_modules/globalthis
3347 silly ADD node_modules/glob-parent
3348 silly ADD node_modules/get-symbol-description
3349 silly ADD node_modules/get-proto
3350 silly ADD node_modules/get-own-enumerable-property-symbols
3351 silly ADD node_modules/get-intrinsic
3352 silly ADD node_modules/get-caller-file
3353 silly ADD node_modules/gensync
3354 silly ADD node_modules/generator-function
3355 silly ADD node_modules/functions-have-names
3356 silly ADD node_modules/function.prototype.name
3357 silly ADD node_modules/function-bind
3358 silly ADD node_modules/fsevents
3359 silly ADD node_modules/fs-extra
3360 silly ADD node_modules/framer-motion
3361 silly ADD node_modules/fraction.js
3362 silly ADD node_modules/frac
3363 silly ADD node_modules/foreground-child
3364 silly ADD node_modules/for-each
3365 silly ADD node_modules/follow-redirects
3366 silly ADD node_modules/flatted
3367 silly ADD node_modules/flat-cache
3368 silly ADD node_modules/find-up
3369 silly ADD node_modules/filelist
3370 silly ADD node_modules/filelist/node_modules/minimatch
3371 silly ADD node_modules/file-entry-cache
3372 silly ADD node_modules/fflate
3373 silly ADD node_modules/fdir
3374 silly ADD node_modules/fast-uri
3375 silly ADD node_modules/fast-png
3376 silly ADD node_modules/fast-levenshtein
3377 silly ADD node_modules/fast-json-stable-stringify
3378 silly ADD node_modules/fast-equals
3379 silly ADD node_modules/fast-deep-equal
3380 silly ADD node_modules/expect-type
3381 silly ADD node_modules/eventemitter3
3382 silly ADD node_modules/esutils
3383 silly ADD node_modules/estree-walker
3384 silly ADD node_modules/estraverse
3385 silly ADD node_modules/esquery
3386 silly ADD node_modules/eslint-visitor-keys
3387 silly ADD node_modules/eslint-plugin-react-hooks
3388 silly ADD node_modules/eslint-plugin-react
3389 silly ADD node_modules/eslint-plugin-react/node_modules/resolve
3390 silly ADD node_modules/eslint-plugin-jsx-a11y
3391 silly ADD node_modules/eslint-config-prettier
3392 silly ADD node_modules/escape-string-regexp
3393 silly ADD node_modules/escalade
3394 silly ADD node_modules/esbuild
3395 silly ADD node_modules/es-toolkit
3396 silly ADD node_modules/es-to-primitive
3397 silly ADD node_modules/es-shim-unscopables
3398 silly ADD node_modules/es-set-tostringtag
3399 silly ADD node_modules/es-object-atoms
3400 silly ADD node_modules/es-module-lexer
3401 silly ADD node_modules/es-iterator-helpers
3402 silly ADD node_modules/es-errors
3403 silly ADD node_modules/es-define-property
3404 silly ADD node_modules/es-abstract
3405 silly ADD node_modules/entities
3406 silly ADD node_modules/enhanced-resolve
3407 silly ADD node_modules/emoji-regex
3408 silly ADD node_modules/electron-to-chromium
3409 silly ADD node_modules/ejs
3410 silly ADD node_modules/dunder-proto
3411 silly ADD node_modules/dompurify
3412 silly ADD node_modules/dom-accessibility-api
3413 silly ADD node_modules/doctrine
3414 silly ADD node_modules/dijkstrajs
3415 silly ADD node_modules/detect-libc
3416 silly ADD node_modules/dequal
3417 silly ADD node_modules/define-properties
3418 silly ADD node_modules/define-data-property
3419 silly ADD node_modules/deepmerge
3420 silly ADD node_modules/deep-is
3421 silly ADD node_modules/decimal.js-light
3422 silly ADD node_modules/decimal.js
3423 silly ADD node_modules/decamelize
3424 silly ADD node_modules/debug
3425 silly ADD node_modules/dayjs
3426 silly ADD node_modules/data-view-byte-offset
3427 silly ADD node_modules/data-view-byte-length
3428 silly ADD node_modules/data-view-buffer
3429 silly ADD node_modules/data-urls
3430 silly ADD node_modules/data-urls/node_modules/whatwg-url
3431 silly ADD node_modules/data-urls/node_modules/webidl-conversions
3432 silly ADD node_modules/data-urls/node_modules/tr46
3433 silly ADD node_modules/damerau-levenshtein
3434 silly ADD node_modules/d3-timer
3435 silly ADD node_modules/d3-time-format
3436 silly ADD node_modules/d3-time
3437 silly ADD node_modules/d3-shape
3438 silly ADD node_modules/d3-scale
3439 silly ADD node_modules/d3-path
3440 silly ADD node_modules/d3-interpolate
3441 silly ADD node_modules/d3-format
3442 silly ADD node_modules/d3-ease
3443 silly ADD node_modules/d3-color
3444 silly ADD node_modules/d3-array
3445 silly ADD node_modules/css.escape
3446 silly ADD node_modules/css-tree
3447 silly ADD node_modules/css-line-break
3448 silly ADD node_modules/crypto-random-string
3449 silly ADD node_modules/crypto-js
3450 silly ADD node_modules/cross-spawn
3451 silly ADD node_modules/crelt
3452 silly ADD node_modules/crc-32
3453 silly ADD node_modules/crc
3454 silly ADD node_modules/core-js-compat
3455 silly ADD node_modules/core-js
3456 silly ADD node_modules/cookie
3457 silly ADD node_modules/convert-source-map
3458 silly ADD node_modules/common-tags
3459 silly ADD node_modules/commander
3460 silly ADD node_modules/color-name
3461 silly ADD node_modules/color-convert
3462 silly ADD node_modules/codepage
3463 silly ADD node_modules/clsx
3464 silly ADD node_modules/cliui
3465 silly ADD node_modules/cliui/node_modules/wrap-ansi
3466 silly ADD node_modules/cliui/node_modules/strip-ansi
3467 silly ADD node_modules/cliui/node_modules/string-width
3468 silly ADD node_modules/cliui/node_modules/emoji-regex
3469 silly ADD node_modules/cliui/node_modules/ansi-styles
3470 silly ADD node_modules/chai
3471 silly ADD node_modules/cfb
3472 silly ADD node_modules/canvg
3473 silly ADD node_modules/caniuse-lite
3474 silly ADD node_modules/camelcase
3475 silly ADD node_modules/call-bound
3476 silly ADD node_modules/call-bind-apply-helpers
3477 silly ADD node_modules/call-bind
3478 silly ADD node_modules/buffer-from
3479 silly ADD node_modules/buffer
3480 silly ADD node_modules/browserslist
3481 silly ADD node_modules/brace-expansion
3482 silly ADD node_modules/bidi-js
3483 silly ADD node_modules/baseline-browser-mapping
3484 silly ADD node_modules/base64-js
3485 silly ADD node_modules/base64-arraybuffer
3486 silly ADD node_modules/balanced-match
3487 silly ADD node_modules/babel-plugin-polyfill-regenerator
3488 silly ADD node_modules/babel-plugin-polyfill-corejs3
3489 silly ADD node_modules/babel-plugin-polyfill-corejs2
3490 silly ADD node_modules/axobject-query
3491 silly ADD node_modules/axios
3492 silly ADD node_modules/axe-core
3493 silly ADD node_modules/available-typed-arrays
3494 silly ADD node_modules/autoprefixer
3495 silly ADD node_modules/at-least-node
3496 silly ADD node_modules/async-function
3497 silly ADD node_modules/async
3498 silly ADD node_modules/ast-types-flow
3499 silly ADD node_modules/assertion-error
3500 silly ADD node_modules/arraybuffer.prototype.slice
3501 silly ADD node_modules/array.prototype.tosorted
3502 silly ADD node_modules/array.prototype.flatmap
3503 silly ADD node_modules/array.prototype.flat
3504 silly ADD node_modules/array.prototype.findlast
3505 silly ADD node_modules/array-includes
3506 silly ADD node_modules/array-buffer-byte-length
3507 silly ADD node_modules/aria-query
3508 silly ADD node_modules/argparse
3509 silly ADD node_modules/ansi-styles
3510 silly ADD node_modules/ansi-regex
3511 silly ADD node_modules/ajv
3512 silly ADD node_modules/adler-32
3513 silly ADD node_modules/acorn
3514 silly ADD node_modules/@vitest/utils
3515 silly ADD node_modules/@vitest/spy
3516 silly ADD node_modules/@vitest/snapshot
3517 silly ADD node_modules/@vitest/runner
3518 silly ADD node_modules/@vitest/pretty-format
3519 silly ADD node_modules/@vitest/mocker
3520 silly ADD node_modules/@vitest/expect
3521 silly ADD node_modules/@vitejs/plugin-react
3522 silly ADD node_modules/@typescript-eslint/visitor-keys
3523 silly ADD node_modules/@typescript-eslint/utils
3524 silly ADD node_modules/@typescript-eslint/typescript-estree
3525 silly ADD node_modules/@typescript-eslint/typescript-estree/node_modules/semver
3526 silly ADD node_modules/@typescript-eslint/typescript-estree/node_modules/minimatch
3527 silly ADD node_modules/@typescript-eslint/typescript-estree/node_modules/brace-expansion
3528 silly ADD node_modules/@typescript-eslint/typescript-estree/node_modules/balanced-match
3529 silly ADD node_modules/@typescript-eslint/types
3530 silly ADD node_modules/@typescript-eslint/type-utils
3531 silly ADD node_modules/@typescript-eslint/tsconfig-utils
3532 silly ADD node_modules/@typescript-eslint/scope-manager
3533 silly ADD node_modules/@typescript-eslint/project-service
3534 silly ADD node_modules/@typescript-eslint/parser
3535 silly ADD node_modules/@typescript-eslint/eslint-plugin
3536 silly ADD node_modules/@typescript-eslint/eslint-plugin/node_modules/ignore
3537 silly ADD node_modules/@types/ws
3538 silly ADD node_modules/@types/use-sync-external-store
3539 silly ADD node_modules/@types/trusted-types
3540 silly ADD node_modules/@types/resolve
3541 silly ADD node_modules/@types/raf
3542 silly ADD node_modules/@types/phoenix
3543 silly ADD node_modules/@types/pako
3544 silly ADD node_modules/@types/node
3545 silly ADD node_modules/@types/mdurl
3546 silly ADD node_modules/@types/markdown-it
3547 silly ADD node_modules/@types/linkify-it
3548 silly ADD node_modules/@types/leaflet
3549 silly ADD node_modules/@types/geojson
3550 silly ADD node_modules/@types/estree
3551 silly ADD node_modules/@types/deep-eql
3552 silly ADD node_modules/@types/d3-timer
3553 silly ADD node_modules/@types/d3-time
3554 silly ADD node_modules/@types/d3-shape
3555 silly ADD node_modules/@types/d3-scale
3556 silly ADD node_modules/@types/d3-path
3557 silly ADD node_modules/@types/d3-interpolate
3558 silly ADD node_modules/@types/d3-ease
3559 silly ADD node_modules/@types/d3-color
3560 silly ADD node_modules/@types/d3-array
3561 silly ADD node_modules/@types/chai
3562 silly ADD node_modules/@types/babel__traverse
3563 silly ADD node_modules/@types/babel__template
3564 silly ADD node_modules/@types/babel__generator
3565 silly ADD node_modules/@types/babel__core
3566 silly ADD node_modules/@types/aria-query
3567 silly ADD node_modules/@tiptap/starter-kit
3568 silly ADD node_modules/@tiptap/react
3569 silly ADD node_modules/@tiptap/pm
3570 silly ADD node_modules/@tiptap/extensions
3571 silly ADD node_modules/@tiptap/extension-underline
3572 silly ADD node_modules/@tiptap/extension-text-style
3573 silly ADD node_modules/@tiptap/extension-text
3574 silly ADD node_modules/@tiptap/extension-table-row
3575 silly ADD node_modules/@tiptap/extension-table-header
3576 silly ADD node_modules/@tiptap/extension-table-cell
3577 silly ADD node_modules/@tiptap/extension-table
3578 silly ADD node_modules/@tiptap/extension-strike
3579 silly ADD node_modules/@tiptap/extension-paragraph
3580 silly ADD node_modules/@tiptap/extension-ordered-list
3581 silly ADD node_modules/@tiptap/extension-list-keymap
3582 silly ADD node_modules/@tiptap/extension-list-item
3583 silly ADD node_modules/@tiptap/extension-list
3584 silly ADD node_modules/@tiptap/extension-link
3585 silly ADD node_modules/@tiptap/extension-italic
3586 silly ADD node_modules/@tiptap/extension-horizontal-rule
3587 silly ADD node_modules/@tiptap/extension-heading
3588 silly ADD node_modules/@tiptap/extension-hard-break
3589 silly ADD node_modules/@tiptap/extension-gapcursor
3590 silly ADD node_modules/@tiptap/extension-floating-menu
3591 silly ADD node_modules/@tiptap/extension-dropcursor
3592 silly ADD node_modules/@tiptap/extension-document
3593 silly ADD node_modules/@tiptap/extension-code-block
3594 silly ADD node_modules/@tiptap/extension-code
3595 silly ADD node_modules/@tiptap/extension-bullet-list
3596 silly ADD node_modules/@tiptap/extension-bubble-menu
3597 silly ADD node_modules/@tiptap/extension-bold
3598 silly ADD node_modules/@tiptap/extension-blockquote
3599 silly ADD node_modules/@tiptap/core
3600 silly ADD node_modules/@testing-library/react
3601 silly ADD node_modules/@testing-library/jest-dom
3602 silly ADD node_modules/@testing-library/dom
3603 silly ADD node_modules/@testing-library/dom/node_modules/dom-accessibility-api
3604 silly ADD node_modules/@testing-library/dom/node_modules/aria-query
3605 silly ADD node_modules/@tanstack/virtual-core
3606 silly ADD node_modules/@tanstack/react-virtual
3607 silly ADD node_modules/@tanstack/react-query-devtools
3608 silly ADD node_modules/@tanstack/query-devtools
3609 silly ADD node_modules/@tailwindcss/postcss
3610 silly ADD
3611 silly ADD
3612 silly ADD
3613 silly ADD
3614 silly ADD
3615 silly ADD
3616 silly ADD
3617 silly ADD
3618 silly ADD
3619 silly ADD node_modules/@tailwindcss/oxide-darwin-x64
3620 silly ADD
3621 silly ADD
3622 silly ADD node_modules/@tailwindcss/oxide
3623 silly ADD node_modules/@tailwindcss/node
3624 silly ADD node_modules/@surma/rollup-plugin-off-main-thread
3625 silly ADD node_modules/@surma/rollup-plugin-off-main-thread/node_modules/magic-string
3626 silly ADD node_modules/@supabase/supabase-js
3627 silly ADD node_modules/@supabase/storage-js
3628 silly ADD node_modules/@supabase/realtime-js
3629 silly ADD node_modules/@supabase/postgrest-js
3630 silly ADD node_modules/@supabase/functions-js
3631 silly ADD node_modules/@supabase/auth-js
3632 silly ADD node_modules/@standard-schema/utils
3633 silly ADD node_modules/@standard-schema/spec
3634 silly ADD node_modules/@sentry/react
3635 silly ADD node_modules/@sentry/core
3636 silly ADD node_modules/@sentry/browser
3637 silly ADD node_modules/@sentry-internal/replay-canvas
3638 silly ADD node_modules/@sentry-internal/replay
3639 silly ADD node_modules/@sentry-internal/feedback
3640 silly ADD node_modules/@sentry-internal/browser-utils
3641 silly ADD
3642 silly ADD
3643 silly ADD
3644 silly ADD
3645 silly ADD
3646 silly ADD
3647 silly ADD
3648 silly ADD
3649 silly ADD
3650 silly ADD
3651 silly ADD
3652 silly ADD
3653 silly ADD
3654 silly ADD
3655 silly ADD
3656 silly ADD
3657 silly ADD
3658 silly ADD
3659 silly ADD
3660 silly ADD
3661 silly ADD
3662 silly ADD node_modules/@rollup/rollup-darwin-x64
3663 silly ADD
3664 silly ADD
3665 silly ADD
3666 silly ADD node_modules/@rollup/pluginutils
3667 silly ADD node_modules/@rollup/pluginutils/node_modules/estree-walker
3668 silly ADD node_modules/@rollup/plugin-terser
3669 silly ADD node_modules/@rollup/plugin-node-resolve
3670 silly ADD node_modules/@rolldown/pluginutils
3671 silly ADD node_modules/@remirror/core-constants
3672 silly ADD node_modules/@reduxjs/toolkit
3673 silly ADD node_modules/@reduxjs/toolkit/node_modules/immer
3674 silly ADD node_modules/@jridgewell/trace-mapping
3675 silly ADD node_modules/@jridgewell/sourcemap-codec
3676 silly ADD node_modules/@jridgewell/source-map
3677 silly ADD node_modules/@jridgewell/resolve-uri
3678 silly ADD node_modules/@jridgewell/remapping
3679 silly ADD node_modules/@jridgewell/gen-mapping
3680 silly ADD node_modules/@isaacs/brace-expansion
3681 silly ADD node_modules/@isaacs/balanced-match
3682 silly ADD node_modules/@humanwhocodes/retry
3683 silly ADD node_modules/@humanwhocodes/module-importer
3684 silly ADD node_modules/@humanfs/node
3685 silly ADD node_modules/@humanfs/core
3686 silly ADD node_modules/@hookform/resolvers
3687 silly ADD node_modules/@floating-ui/utils
3688 silly ADD node_modules/@floating-ui/dom
3689 silly ADD node_modules/@floating-ui/core
3690 silly ADD node_modules/@exodus/bytes
3691 silly ADD node_modules/@eslint-community/regexpp
3692 silly ADD node_modules/@eslint-community/eslint-utils
3693 silly ADD node_modules/@eslint-community/eslint-utils/node_modules/eslint-visitor-keys
3694 silly ADD
3695 silly ADD
3696 silly ADD
3697 silly ADD
3698 silly ADD
3699 silly ADD
3700 silly ADD
3701 silly ADD
3702 silly ADD
3703 silly ADD
3704 silly ADD
3705 silly ADD
3706 silly ADD
3707 silly ADD
3708 silly ADD
3709 silly ADD
3710 silly ADD
3711 silly ADD
3712 silly ADD
3713 silly ADD
3714 silly ADD node_modules/@esbuild/darwin-x64
3715 silly ADD
3716 silly ADD
3717 silly ADD
3718 silly ADD
3719 silly ADD
3720 silly ADD node_modules/@dnd-kit/utilities
3721 silly ADD node_modules/@dnd-kit/core
3722 silly ADD node_modules/@dnd-kit/accessibility
3723 silly ADD node_modules/@csstools/css-tokenizer
3724 silly ADD node_modules/@csstools/css-syntax-patches-for-csstree
3725 silly ADD node_modules/@csstools/css-parser-algorithms
3726 silly ADD node_modules/@csstools/css-color-parser
3727 silly ADD node_modules/@csstools/css-calc
3728 silly ADD node_modules/@csstools/color-helpers
3729 silly ADD node_modules/@bramus/specificity
3730 silly ADD node_modules/@babel/types
3731 silly ADD node_modules/@babel/traverse
3732 silly ADD node_modules/@babel/template
3733 silly ADD node_modules/@babel/runtime
3734 silly ADD node_modules/@babel/preset-modules
3735 silly ADD node_modules/@babel/preset-env
3736 silly ADD node_modules/@babel/plugin-transform-unicode-sets-regex
3737 silly ADD node_modules/@babel/plugin-transform-unicode-regex
3738 silly ADD node_modules/@babel/plugin-transform-unicode-property-regex
3739 silly ADD node_modules/@babel/plugin-transform-unicode-escapes
3740 silly ADD node_modules/@babel/plugin-transform-typeof-symbol
3741 silly ADD node_modules/@babel/plugin-transform-template-literals
3742 silly ADD node_modules/@babel/plugin-transform-sticky-regex
3743 silly ADD node_modules/@babel/plugin-transform-spread
3744 silly ADD node_modules/@babel/plugin-transform-shorthand-properties
3745 silly ADD node_modules/@babel/plugin-transform-reserved-words
3746 silly ADD node_modules/@babel/plugin-transform-regexp-modifiers
3747 silly ADD node_modules/@babel/plugin-transform-regenerator
3748 silly ADD node_modules/@babel/plugin-transform-react-jsx-source
3749 silly ADD node_modules/@babel/plugin-transform-react-jsx-self
3750 silly ADD node_modules/@babel/plugin-transform-property-literals
3751 silly ADD node_modules/@babel/plugin-transform-private-property-in-object
3752 silly ADD node_modules/@babel/plugin-transform-private-methods
3753 silly ADD node_modules/@babel/plugin-transform-parameters
3754 silly ADD node_modules/@babel/plugin-transform-optional-chaining
3755 silly ADD node_modules/@babel/plugin-transform-optional-catch-binding
3756 silly ADD node_modules/@babel/plugin-transform-object-super
3757 silly ADD node_modules/@babel/plugin-transform-object-rest-spread
3758 silly ADD node_modules/@babel/plugin-transform-numeric-separator
3759 silly ADD node_modules/@babel/plugin-transform-nullish-coalescing-operator
3760 silly ADD node_modules/@babel/plugin-transform-new-target
3761 silly ADD node_modules/@babel/plugin-transform-named-capturing-groups-regex
3762 silly ADD node_modules/@babel/plugin-transform-modules-umd
3763 silly ADD node_modules/@babel/plugin-transform-modules-systemjs
3764 silly ADD node_modules/@babel/plugin-transform-modules-commonjs
3765 silly ADD node_modules/@babel/plugin-transform-modules-amd
3766 silly ADD node_modules/@babel/plugin-transform-member-expression-literals
3767 silly ADD node_modules/@babel/plugin-transform-logical-assignment-operators
3768 silly ADD node_modules/@babel/plugin-transform-literals
3769 silly ADD node_modules/@babel/plugin-transform-json-strings
3770 silly ADD node_modules/@babel/plugin-transform-function-name
3771 silly ADD node_modules/@babel/plugin-transform-for-of
3772 silly ADD node_modules/@babel/plugin-transform-export-namespace-from
3773 silly ADD node_modules/@babel/plugin-transform-exponentiation-operator
3774 silly ADD node_modules/@babel/plugin-transform-explicit-resource-management
3775 silly ADD node_modules/@babel/plugin-transform-dynamic-import
3776 silly ADD node_modules/@babel/plugin-transform-duplicate-named-capturing-groups-regex
3777 silly ADD node_modules/@babel/plugin-transform-duplicate-keys
3778 silly ADD node_modules/@babel/plugin-transform-dotall-regex
3779 silly ADD node_modules/@babel/plugin-transform-destructuring
3780 silly ADD node_modules/@babel/plugin-transform-computed-properties
3781 silly ADD node_modules/@babel/plugin-transform-classes
3782 silly ADD node_modules/@babel/plugin-transform-class-static-block
3783 silly ADD node_modules/@babel/plugin-transform-class-properties
3784 silly ADD node_modules/@babel/plugin-transform-block-scoping
3785 silly ADD node_modules/@babel/plugin-transform-block-scoped-functions
3786 silly ADD node_modules/@babel/plugin-transform-async-to-generator
3787 silly ADD node_modules/@babel/plugin-transform-async-generator-functions
3788 silly ADD node_modules/@babel/plugin-transform-arrow-functions
3789 silly ADD node_modules/@babel/plugin-syntax-unicode-sets-regex
3790 silly ADD node_modules/@babel/plugin-syntax-import-attributes
3791 silly ADD node_modules/@babel/plugin-syntax-import-assertions
3792 silly ADD node_modules/@babel/plugin-proposal-private-property-in-object
3793 silly ADD node_modules/@babel/plugin-bugfix-v8-static-class-fields-redefine-readonly
3794 silly ADD node_modules/@babel/plugin-bugfix-v8-spread-parameters-in-optional-chaining
3795 silly ADD node_modules/@babel/plugin-bugfix-safari-id-destructuring-collision-in-function-expression
3796 silly ADD node_modules/@babel/plugin-bugfix-safari-class-field-initializer-scope
3797 silly ADD node_modules/@babel/plugin-bugfix-firefox-class-in-computed-class-key
3798 silly ADD node_modules/@babel/parser
3799 silly ADD node_modules/@babel/helpers
3800 silly ADD node_modules/@babel/helper-wrap-function
3801 silly ADD node_modules/@babel/helper-validator-option
3802 silly ADD node_modules/@babel/helper-validator-identifier
3803 silly ADD node_modules/@babel/helper-string-parser
3804 silly ADD node_modules/@babel/helper-skip-transparent-expression-wrappers
3805 silly ADD node_modules/@babel/helper-replace-supers
3806 silly ADD node_modules/@babel/helper-remap-async-to-generator
3807 silly ADD node_modules/@babel/helper-plugin-utils
3808 silly ADD node_modules/@babel/helper-optimise-call-expression
3809 silly ADD node_modules/@babel/helper-module-transforms
3810 silly ADD node_modules/@babel/helper-module-imports
3811 silly ADD node_modules/@babel/helper-member-expression-to-functions
3812 silly ADD node_modules/@babel/helper-globals
3813 silly ADD node_modules/@babel/helper-define-polyfill-provider
3814 silly ADD node_modules/@babel/helper-create-regexp-features-plugin
3815 silly ADD node_modules/@babel/helper-create-class-features-plugin
3816 silly ADD node_modules/@babel/helper-compilation-targets
3817 silly ADD node_modules/@babel/helper-annotate-as-pure
3818 silly ADD node_modules/@babel/generator
3819 silly ADD node_modules/@babel/core
3820 silly ADD node_modules/@babel/compat-data
3821 silly ADD node_modules/@babel/code-frame
3822 silly ADD node_modules/@asamuzakjp/nwsapi
3823 silly ADD node_modules/@asamuzakjp/dom-selector
3824 silly ADD node_modules/@asamuzakjp/dom-selector/node_modules/lru-cache
3825 silly ADD node_modules/@asamuzakjp/css-color
3826 silly ADD node_modules/@asamuzakjp/css-color/node_modules/lru-cache
3827 silly ADD node_modules/@apideck/better-ajv-errors
3828 silly ADD node_modules/@alloc/quick-lru
3829 silly ADD node_modules/@adobe/css-tools
3830 verbose cwd /Users/admin/Desktop/dự án/mttqvn
3831 verbose os Darwin 24.6.0
3832 verbose node v22.19.0
3833 verbose npm  v10.9.3
3834 verbose exit 0
3835 info ok
