0 verbose cli /usr/local/bin/node /usr/local/bin/npm
1 info using npm@10.9.3
2 info using node@v22.19.0
3 silly config load:file:/usr/local/lib/node_modules/npm/npmrc
4 silly config load:file:/Users/admin/Desktop/dự án/mttqvn/.npmrc
5 silly config load:file:/Users/admin/.npmrc
6 silly config load:file:/usr/local/etc/npmrc
7 verbose title npm install html2canvas
8 verbose argv "install" "html2canvas" "--save"
9 verbose logfile logs-max:10 dir:/Users/admin/Desktop/dự án/mttqvn/.npm-cache/_logs/2026-05-24T13_54_42_703Z-
10 verbose logfile /Users/admin/Desktop/dự án/mttqvn/.npm-cache/_logs/2026-05-24T13_54_42_703Z-debug-0.log
11 silly logfile start cleaning logs, removing 1 files
12 silly packumentCache heap:2197815296 maxSize:549453824 maxEntrySize:274726912
13 silly logfile done cleaning log files
14 silly idealTree buildDeps
15 silly fetch manifest html2canvas@*
16 silly packumentCache full:https://registry.npmjs.org/html2canvas cache-miss
17 http fetch GET 200 https://registry.npmjs.org/html2canvas 386ms (cache miss)
18 silly packumentCache full:https://registry.npmjs.org/html2canvas set size:undefined disposed:false
19 silly placeDep ROOT html2canvas@1.4.1 REPLACE for:  want: *
20 silly reify moves {}
21 verbose reify failed optional dependency /Users/admin/Desktop/dự án/mttqvn/node_modules/@tailwindcss/oxide-wasm32-wasi
22 silly reify mark deleted [
22 silly reify   '/Users/admin/Desktop/dự án/mttqvn/node_modules/@tailwindcss/oxide-wasm32-wasi'
22 silly reify ]
23 silly audit bulk request {
23 silly audit   '@adobe/css-tools': [ '4.4.4' ],
23 silly audit   '@alloc/quick-lru': [ '5.2.0' ],
23 silly audit   '@apideck/better-ajv-errors': [ '0.3.6' ],
23 silly audit   '@asamuzakjp/css-color': [ '5.1.1' ],
23 silly audit   'lru-cache': [ '11.2.7', '5.1.1', '11.2.6' ],
23 silly audit   '@asamuzakjp/dom-selector': [ '7.0.4' ],
23 silly audit   '@asamuzakjp/nwsapi': [ '2.3.9' ],
23 silly audit   '@babel/code-frame': [ '7.29.0' ],
23 silly audit   '@babel/compat-data': [ '7.29.0' ],
23 silly audit   '@babel/core': [ '7.28.6' ],
23 silly audit   '@babel/generator': [ '7.29.1' ],
23 silly audit   '@babel/helper-annotate-as-pure': [ '7.27.3' ],
23 silly audit   '@babel/helper-compilation-targets': [ '7.28.6' ],
23 silly audit   '@babel/helper-create-class-features-plugin': [ '7.28.6' ],
23 silly audit   '@babel/helper-create-regexp-features-plugin': [ '7.28.5' ],
23 silly audit   '@babel/helper-define-polyfill-provider': [ '0.6.6' ],
23 silly audit   '@babel/helper-globals': [ '7.28.0' ],
23 silly audit   '@babel/helper-member-expression-to-functions': [ '7.28.5' ],
23 silly audit   '@babel/helper-module-imports': [ '7.28.6' ],
23 silly audit   '@babel/helper-module-transforms': [ '7.28.6' ],
23 silly audit   '@babel/helper-optimise-call-expression': [ '7.27.1' ],
23 silly audit   '@babel/helper-plugin-utils': [ '7.28.6' ],
23 silly audit   '@babel/helper-remap-async-to-generator': [ '7.27.1' ],
23 silly audit   '@babel/helper-replace-supers': [ '7.28.6' ],
23 silly audit   '@babel/helper-skip-transparent-expression-wrappers': [ '7.27.1' ],
23 silly audit   '@babel/helper-string-parser': [ '7.27.1' ],
23 silly audit   '@babel/helper-validator-identifier': [ '7.28.5' ],
23 silly audit   '@babel/helper-validator-option': [ '7.27.1' ],
23 silly audit   '@babel/helper-wrap-function': [ '7.28.6' ],
23 silly audit   '@babel/helpers': [ '7.28.6' ],
23 silly audit   '@babel/parser': [ '7.29.0' ],
23 silly audit   '@babel/plugin-bugfix-firefox-class-in-computed-class-key': [ '7.28.5' ],
23 silly audit   '@babel/plugin-bugfix-safari-class-field-initializer-scope': [ '7.27.1' ],
23 silly audit   '@babel/plugin-bugfix-safari-id-destructuring-collision-in-function-expression': [ '7.27.1' ],
23 silly audit   '@babel/plugin-bugfix-v8-spread-parameters-in-optional-chaining': [ '7.27.1' ],
23 silly audit   '@babel/plugin-bugfix-v8-static-class-fields-redefine-readonly': [ '7.28.6' ],
23 silly audit   '@babel/plugin-proposal-private-property-in-object': [ '7.21.0-placeholder-for-preset-env.2' ],
23 silly audit   '@babel/plugin-syntax-import-assertions': [ '7.28.6' ],
23 silly audit   '@babel/plugin-syntax-import-attributes': [ '7.28.6' ],
23 silly audit   '@babel/plugin-syntax-unicode-sets-regex': [ '7.18.6' ],
23 silly audit   '@babel/plugin-transform-arrow-functions': [ '7.27.1' ],
23 silly audit   '@babel/plugin-transform-async-generator-functions': [ '7.29.0' ],
23 silly audit   '@babel/plugin-transform-async-to-generator': [ '7.28.6' ],
23 silly audit   '@babel/plugin-transform-block-scoped-functions': [ '7.27.1' ],
23 silly audit   '@babel/plugin-transform-block-scoping': [ '7.28.6' ],
23 silly audit   '@babel/plugin-transform-class-properties': [ '7.28.6' ],
23 silly audit   '@babel/plugin-transform-class-static-block': [ '7.28.6' ],
23 silly audit   '@babel/plugin-transform-classes': [ '7.28.6' ],
23 silly audit   '@babel/plugin-transform-computed-properties': [ '7.28.6' ],
23 silly audit   '@babel/plugin-transform-destructuring': [ '7.28.5' ],
23 silly audit   '@babel/plugin-transform-dotall-regex': [ '7.28.6' ],
23 silly audit   '@babel/plugin-transform-duplicate-keys': [ '7.27.1' ],
23 silly audit   '@babel/plugin-transform-duplicate-named-capturing-groups-regex': [ '7.29.0' ],
23 silly audit   '@babel/plugin-transform-dynamic-import': [ '7.27.1' ],
23 silly audit   '@babel/plugin-transform-explicit-resource-management': [ '7.28.6' ],
23 silly audit   '@babel/plugin-transform-exponentiation-operator': [ '7.28.6' ],
23 silly audit   '@babel/plugin-transform-export-namespace-from': [ '7.27.1' ],
23 silly audit   '@babel/plugin-transform-for-of': [ '7.27.1' ],
23 silly audit   '@babel/plugin-transform-function-name': [ '7.27.1' ],
23 silly audit   '@babel/plugin-transform-json-strings': [ '7.28.6' ],
23 silly audit   '@babel/plugin-transform-literals': [ '7.27.1' ],
23 silly audit   '@babel/plugin-transform-logical-assignment-operators': [ '7.28.6' ],
23 silly audit   '@babel/plugin-transform-member-expression-literals': [ '7.27.1' ],
23 silly audit   '@babel/plugin-transform-modules-amd': [ '7.27.1' ],
23 silly audit   '@babel/plugin-transform-modules-commonjs': [ '7.28.6' ],
23 silly audit   '@babel/plugin-transform-modules-systemjs': [ '7.29.0' ],
23 silly audit   '@babel/plugin-transform-modules-umd': [ '7.27.1' ],
23 silly audit   '@babel/plugin-transform-named-capturing-groups-regex': [ '7.29.0' ],
23 silly audit   '@babel/plugin-transform-new-target': [ '7.27.1' ],
23 silly audit   '@babel/plugin-transform-nullish-coalescing-operator': [ '7.28.6' ],
23 silly audit   '@babel/plugin-transform-numeric-separator': [ '7.28.6' ],
23 silly audit   '@babel/plugin-transform-object-rest-spread': [ '7.28.6' ],
23 silly audit   '@babel/plugin-transform-object-super': [ '7.27.1' ],
23 silly audit   '@babel/plugin-transform-optional-catch-binding': [ '7.28.6' ],
23 silly audit   '@babel/plugin-transform-optional-chaining': [ '7.28.6' ],
23 silly audit   '@babel/plugin-transform-parameters': [ '7.27.7' ],
23 silly audit   '@babel/plugin-transform-private-methods': [ '7.28.6' ],
23 silly audit   '@babel/plugin-transform-private-property-in-object': [ '7.28.6' ],
23 silly audit   '@babel/plugin-transform-property-literals': [ '7.27.1' ],
23 silly audit   '@babel/plugin-transform-react-jsx-self': [ '7.27.1' ],
23 silly audit   '@babel/plugin-transform-react-jsx-source': [ '7.27.1' ],
23 silly audit   '@babel/plugin-transform-regenerator': [ '7.29.0' ],
23 silly audit   '@babel/plugin-transform-regexp-modifiers': [ '7.28.6' ],
23 silly audit   '@babel/plugin-transform-reserved-words': [ '7.27.1' ],
23 silly audit   '@babel/plugin-transform-shorthand-properties': [ '7.27.1' ],
23 silly audit   '@babel/plugin-transform-spread': [ '7.28.6' ],
23 silly audit   '@babel/plugin-transform-sticky-regex': [ '7.27.1' ],
23 silly audit   '@babel/plugin-transform-template-literals': [ '7.27.1' ],
23 silly audit   '@babel/plugin-transform-typeof-symbol': [ '7.27.1' ],
23 silly audit   '@babel/plugin-transform-unicode-escapes': [ '7.27.1' ],
23 silly audit   '@babel/plugin-transform-unicode-property-regex': [ '7.28.6' ],
23 silly audit   '@babel/plugin-transform-unicode-regex': [ '7.27.1' ],
23 silly audit   '@babel/plugin-transform-unicode-sets-regex': [ '7.28.6' ],
23 silly audit   '@babel/preset-env': [ '7.29.0' ],
23 silly audit   '@babel/preset-modules': [ '0.1.6-no-external-plugins' ],
23 silly audit   '@babel/runtime': [ '7.28.6' ],
23 silly audit   '@babel/template': [ '7.28.6' ],
23 silly audit   '@babel/traverse': [ '7.29.0' ],
23 silly audit   '@babel/types': [ '7.29.0' ],
23 silly audit   '@bramus/specificity': [ '2.4.2' ],
23 silly audit   '@csstools/color-helpers': [ '6.0.2' ],
23 silly audit   '@csstools/css-calc': [ '3.1.1' ],
23 silly audit   '@csstools/css-color-parser': [ '4.0.2' ],
23 silly audit   '@csstools/css-parser-algorithms': [ '4.0.0' ],
23 silly audit   '@csstools/css-syntax-patches-for-csstree': [ '1.1.2' ],
23 silly audit   '@csstools/css-tokenizer': [ '4.0.0' ],
23 silly audit   '@dnd-kit/accessibility': [ '3.1.1' ],
23 silly audit   '@dnd-kit/core': [ '6.3.1' ],
23 silly audit   '@dnd-kit/utilities': [ '3.2.2' ],
23 silly audit   '@esbuild/aix-ppc64': [ '0.27.2' ],
23 silly audit   '@esbuild/android-arm': [ '0.27.2' ],
23 silly audit   '@esbuild/android-arm64': [ '0.27.2' ],
23 silly audit   '@esbuild/android-x64': [ '0.27.2' ],
23 silly audit   '@esbuild/darwin-arm64': [ '0.27.2' ],
23 silly audit   '@esbuild/darwin-x64': [ '0.27.2' ],
23 silly audit   '@esbuild/freebsd-arm64': [ '0.27.2' ],
23 silly audit   '@esbuild/freebsd-x64': [ '0.27.2' ],
23 silly audit   '@esbuild/linux-arm': [ '0.27.2' ],
23 silly audit   '@esbuild/linux-arm64': [ '0.27.2' ],
23 silly audit   '@esbuild/linux-ia32': [ '0.27.2' ],
23 silly audit   '@esbuild/linux-loong64': [ '0.27.2' ],
23 silly audit   '@esbuild/linux-mips64el': [ '0.27.2' ],
23 silly audit   '@esbuild/linux-ppc64': [ '0.27.2' ],
23 silly audit   '@esbuild/linux-riscv64': [ '0.27.2' ],
23 silly audit   '@esbuild/linux-s390x': [ '0.27.2' ],
23 silly audit   '@esbuild/linux-x64': [ '0.27.2' ],
23 silly audit   '@esbuild/netbsd-arm64': [ '0.27.2' ],
23 silly audit   '@esbuild/netbsd-x64': [ '0.27.2' ],
23 silly audit   '@esbuild/openbsd-arm64': [ '0.27.2' ],
23 silly audit   '@esbuild/openbsd-x64': [ '0.27.2' ],
23 silly audit   '@esbuild/openharmony-arm64': [ '0.27.2' ],
23 silly audit   '@esbuild/sunos-x64': [ '0.27.2' ],
23 silly audit   '@esbuild/win32-arm64': [ '0.27.2' ],
23 silly audit   '@esbuild/win32-ia32': [ '0.27.2' ],
23 silly audit   '@esbuild/win32-x64': [ '0.27.2' ],
23 silly audit   '@eslint-community/eslint-utils': [ '4.9.1' ],
23 silly audit   'eslint-visitor-keys': [ '3.4.3', '5.0.1', '4.2.1' ],
23 silly audit   '@eslint-community/regexpp': [ '4.12.2' ],
23 silly audit   '@eslint/config-array': [ '0.21.2' ],
23 silly audit   '@eslint/config-helpers': [ '0.4.2' ],
23 silly audit   '@eslint/core': [ '0.17.0' ],
23 silly audit   '@eslint/eslintrc': [ '3.3.5' ],
23 silly audit   ajv: [ '6.15.0', '8.17.1', '6.14.0' ],
23 silly audit   'json-schema-traverse': [ '0.4.1', '1.0.0' ],
23 silly audit   '@eslint/js': [ '9.39.4' ],
23 silly audit   '@eslint/object-schema': [ '2.1.7' ],
23 silly audit   '@eslint/plugin-kit': [ '0.4.1' ],
23 silly audit   '@exodus/bytes': [ '1.15.0' ],
23 silly audit   '@floating-ui/core': [ '1.7.4' ],
23 silly audit   '@floating-ui/dom': [ '1.7.5' ],
23 silly audit   '@floating-ui/utils': [ '0.2.10' ],
23 silly audit   '@hookform/resolvers': [ '5.2.2' ],
23 silly audit   '@humanfs/core': [ '0.19.1' ],
23 silly audit   '@humanfs/node': [ '0.16.7' ],
23 silly audit   '@humanwhocodes/module-importer': [ '1.0.1' ],
23 silly audit   '@humanwhocodes/retry': [ '0.4.3' ],
23 silly audit   '@isaacs/balanced-match': [ '4.0.1' ],
23 silly audit   '@isaacs/brace-expansion': [ '5.0.1' ],
23 silly audit   '@jridgewell/gen-mapping': [ '0.3.13' ],
23 silly audit   '@jridgewell/remapping': [ '2.3.5' ],
23 silly audit   '@jridgewell/resolve-uri': [ '3.1.2' ],
23 silly audit   '@jridgewell/source-map': [ '0.3.11' ],
23 silly audit   '@jridgewell/sourcemap-codec': [ '1.5.5' ],
23 silly audit   '@jridgewell/trace-mapping': [ '0.3.31' ],
23 silly audit   '@reduxjs/toolkit': [ '2.11.2' ],
23 silly audit   immer: [ '11.1.3', '10.2.0' ],
23 silly audit   '@remirror/core-constants': [ '3.0.0' ],
23 silly audit   '@rolldown/pluginutils': [ '1.0.0-beta.53' ],
23 silly audit   '@rollup/plugin-node-resolve': [ '15.3.1' ],
23 silly audit   '@rollup/plugin-terser': [ '0.4.4' ],
23 silly audit   '@rollup/pluginutils': [ '5.3.0', '3.1.0' ],
23 silly audit   'estree-walker': [ '2.0.2', '3.0.3', '1.0.1' ],
23 silly audit   '@rollup/rollup-android-arm-eabi': [ '4.57.1' ],
23 silly audit   '@rollup/rollup-android-arm64': [ '4.57.1' ],
23 silly audit   '@rollup/rollup-darwin-arm64': [ '4.57.1' ],
23 silly audit   '@rollup/rollup-darwin-x64': [ '4.57.1' ],
23 silly audit   '@rollup/rollup-freebsd-arm64': [ '4.57.1' ],
23 silly audit   '@rollup/rollup-freebsd-x64': [ '4.57.1' ],
23 silly audit   '@rollup/rollup-linux-arm-gnueabihf': [ '4.57.1' ],
23 silly audit   '@rollup/rollup-linux-arm-musleabihf': [ '4.57.1' ],
23 silly audit   '@rollup/rollup-linux-arm64-gnu': [ '4.57.1' ],
23 silly audit   '@rollup/rollup-linux-arm64-musl': [ '4.57.1' ],
23 silly audit   '@rollup/rollup-linux-loong64-gnu': [ '4.57.1' ],
23 silly audit   '@rollup/rollup-linux-loong64-musl': [ '4.57.1' ],
23 silly audit   '@rollup/rollup-linux-ppc64-gnu': [ '4.57.1' ],
23 silly audit   '@rollup/rollup-linux-ppc64-musl': [ '4.57.1' ],
23 silly audit   '@rollup/rollup-linux-riscv64-gnu': [ '4.57.1' ],
23 silly audit   '@rollup/rollup-linux-riscv64-musl': [ '4.57.1' ],
23 silly audit   '@rollup/rollup-linux-s390x-gnu': [ '4.57.1' ],
23 silly audit   '@rollup/rollup-linux-x64-gnu': [ '4.57.1' ],
23 silly audit   '@rollup/rollup-linux-x64-musl': [ '4.57.1' ],
23 silly audit   '@rollup/rollup-openbsd-x64': [ '4.57.1' ],
23 silly audit   '@rollup/rollup-openharmony-arm64': [ '4.57.1' ],
23 silly audit   '@rollup/rollup-win32-arm64-msvc': [ '4.57.1' ],
23 silly audit   '@rollup/rollup-win32-ia32-msvc': [ '4.57.1' ],
23 silly audit   '@rollup/rollup-win32-x64-gnu': [ '4.57.1' ],
23 silly audit   '@rollup/rollup-win32-x64-msvc': [ '4.57.1' ],
23 silly audit   '@sentry-internal/browser-utils': [ '10.40.0' ],
23 silly audit   '@sentry-internal/feedback': [ '10.40.0' ],
23 silly audit   '@sentry-internal/replay': [ '10.40.0' ],
23 silly audit   '@sentry-internal/replay-canvas': [ '10.40.0' ],
23 silly audit   '@sentry/browser': [ '10.40.0' ],
23 silly audit   '@sentry/core': [ '10.40.0' ],
23 silly audit   '@sentry/react': [ '10.40.0' ],
23 silly audit   '@standard-schema/spec': [ '1.1.0' ],
23 silly audit   '@standard-schema/utils': [ '0.3.0' ],
23 silly audit   '@supabase/auth-js': [ '2.98.0' ],
23 silly audit   '@supabase/functions-js': [ '2.98.0' ],
23 silly audit   '@supabase/postgrest-js': [ '2.98.0' ],
23 silly audit   '@supabase/realtime-js': [ '2.98.0' ],
23 silly audit   '@supabase/storage-js': [ '2.98.0' ],
23 silly audit   '@supabase/supabase-js': [ '2.98.0' ],
23 silly audit   '@surma/rollup-plugin-off-main-thread': [ '2.2.3' ],
23 silly audit   'magic-string': [ '0.25.9', '0.30.21' ],
23 silly audit   '@tailwindcss/node': [ '4.1.18' ],
23 silly audit   '@tailwindcss/oxide': [ '4.1.18' ],
23 silly audit   '@tailwindcss/oxide-android-arm64': [ '4.1.18' ],
23 silly audit   '@tailwindcss/oxide-darwin-arm64': [ '4.1.18' ],
23 silly audit   '@tailwindcss/oxide-darwin-x64': [ '4.1.18' ],
23 silly audit   '@tailwindcss/oxide-freebsd-x64': [ '4.1.18' ],
23 silly audit   '@tailwindcss/oxide-linux-arm-gnueabihf': [ '4.1.18' ],
23 silly audit   '@tailwindcss/oxide-linux-arm64-gnu': [ '4.1.18' ],
23 silly audit   '@tailwindcss/oxide-linux-arm64-musl': [ '4.1.18' ],
23 silly audit   '@tailwindcss/oxide-linux-x64-gnu': [ '4.1.18' ],
23 silly audit   '@tailwindcss/oxide-linux-x64-musl': [ '4.1.18' ],
23 silly audit   '@tailwindcss/oxide-win32-arm64-msvc': [ '4.1.18' ],
23 silly audit   '@tailwindcss/oxide-win32-x64-msvc': [ '4.1.18' ],
23 silly audit   '@tailwindcss/postcss': [ '4.1.18' ],
23 silly audit   '@tanstack/query-core': [ '5.100.9' ],
23 silly audit   '@tanstack/query-devtools': [ '5.99.0' ],
23 silly audit   '@tanstack/query-persist-client-core': [ '5.100.9' ],
23 silly audit   '@tanstack/query-sync-storage-persister': [ '5.100.9' ],
23 silly audit   '@tanstack/react-query': [ '5.100.9' ],
23 silly audit   '@tanstack/react-query-devtools': [ '5.99.0' ],
23 silly audit   '@tanstack/react-query-persist-client': [ '5.100.9' ],
23 silly audit   '@tanstack/react-virtual': [ '3.13.18' ],
23 silly audit   '@tanstack/virtual-core': [ '3.13.18' ],
23 silly audit   '@testing-library/dom': [ '10.4.1' ],
23 silly audit   'aria-query': [ '5.3.0', '5.3.2' ],
23 silly audit   'dom-accessibility-api': [ '0.5.16', '0.6.3' ],
23 silly audit   '@testing-library/jest-dom': [ '6.9.1' ],
23 silly audit   '@testing-library/react': [ '16.3.2' ],
23 silly audit   '@tiptap/core': [ '3.20.0' ],
23 silly audit   '@tiptap/extension-blockquote': [ '3.20.0' ],
23 silly audit   '@tiptap/extension-bold': [ '3.20.0' ],
23 silly audit   '@tiptap/extension-bubble-menu': [ '3.20.0' ],
23 silly audit   '@tiptap/extension-bullet-list': [ '3.20.0' ],
23 silly audit   '@tiptap/extension-code': [ '3.20.0' ],
23 silly audit   '@tiptap/extension-code-block': [ '3.20.0' ],
23 silly audit   '@tiptap/extension-document': [ '3.20.0' ],
23 silly audit   '@tiptap/extension-dropcursor': [ '3.20.0' ],
23 silly audit   '@tiptap/extension-floating-menu': [ '3.20.0' ],
23 silly audit   '@tiptap/extension-gapcursor': [ '3.20.0' ],
23 silly audit   '@tiptap/extension-hard-break': [ '3.20.0' ],
23 silly audit   '@tiptap/extension-heading': [ '3.20.0' ],
23 silly audit   '@tiptap/extension-horizontal-rule': [ '3.20.0' ],
23 silly audit   '@tiptap/extension-italic': [ '3.20.0' ],
23 silly audit   '@tiptap/extension-link': [ '3.20.0' ],
23 silly audit   '@tiptap/extension-list': [ '3.20.0' ],
23 silly audit   '@tiptap/extension-list-item': [ '3.20.0' ],
23 silly audit   '@tiptap/extension-list-keymap': [ '3.20.0' ],
23 silly audit   '@tiptap/extension-ordered-list': [ '3.20.0' ],
23 silly audit   '@tiptap/extension-paragraph': [ '3.20.0' ],
23 silly audit   '@tiptap/extension-strike': [ '3.20.0' ],
23 silly audit   '@tiptap/extension-table': [ '3.20.0' ],
23 silly audit   '@tiptap/extension-table-cell': [ '3.20.0' ],
23 silly audit   '@tiptap/extension-table-header': [ '3.20.0' ],
23 silly audit   '@tiptap/extension-table-row': [ '3.20.0' ],
23 silly audit   '@tiptap/extension-text': [ '3.20.0' ],
23 silly audit   '@tiptap/extension-text-style': [ '3.20.0' ],
23 silly audit   '@tiptap/extension-underline': [ '3.20.0' ],
23 silly audit   '@tiptap/extensions': [ '3.20.0' ],
23 silly audit   '@tiptap/pm': [ '3.20.0' ],
23 silly audit   '@tiptap/react': [ '3.20.0' ],
23 silly audit   '@tiptap/starter-kit': [ '3.20.0' ],
23 silly audit   '@types/aria-query': [ '5.0.4' ],
23 silly audit   '@types/babel__core': [ '7.20.5' ],
23 silly audit   '@types/babel__generator': [ '7.27.0' ],
23 silly audit   '@types/babel__template': [ '7.4.4' ],
23 silly audit   '@types/babel__traverse': [ '7.28.0' ],
23 silly audit   '@types/chai': [ '5.2.3' ],
23 silly audit   '@types/d3-array': [ '3.2.2' ],
23 silly audit   '@types/d3-color': [ '3.1.3' ],
23 silly audit   '@types/d3-ease': [ '3.0.2' ],
23 silly audit   '@types/d3-interpolate': [ '3.0.4' ],
23 silly audit   '@types/d3-path': [ '3.1.1' ],
23 silly audit   '@types/d3-scale': [ '4.0.9' ],
23 silly audit   '@types/d3-shape': [ '3.1.8' ],
23 silly audit   '@types/d3-time': [ '3.0.4' ],
23 silly audit   '@types/d3-timer': [ '3.0.2' ],
23 silly audit   '@types/deep-eql': [ '4.0.2' ],
23 silly audit   '@types/estree': [ '1.0.8', '0.0.39' ],
23 silly audit   '@types/json-schema': [ '7.0.15' ],
23 silly audit   '@types/linkify-it': [ '5.0.0' ],
23 silly audit   '@types/markdown-it': [ '14.1.2' ],
23 silly audit   '@types/mdurl': [ '2.0.0' ],
23 silly audit   '@types/node': [ '25.9.1' ],
23 silly audit   '@types/pako': [ '2.0.4' ],
23 silly audit   '@types/phoenix': [ '1.6.7' ],
23 silly audit   '@types/raf': [ '3.4.3' ],
23 silly audit   '@types/react': [ '19.2.14' ],
23 silly audit   '@types/react-dom': [ '19.2.3' ],
23 silly audit   '@types/resolve': [ '1.20.2' ],
23 silly audit   '@types/trusted-types': [ '2.0.7' ],
23 silly audit   '@types/use-sync-external-store': [ '0.0.6' ],
23 silly audit   '@types/ws': [ '8.18.1' ],
23 silly audit   '@typescript-eslint/eslint-plugin': [ '8.56.1' ],
23 silly audit   ignore: [ '7.0.5', '5.3.2' ],
23 silly audit   '@typescript-eslint/parser': [ '8.56.1' ],
23 silly audit   '@typescript-eslint/project-service': [ '8.56.1' ],
23 silly audit   '@typescript-eslint/scope-manager': [ '8.56.1' ],
23 silly audit   '@typescript-eslint/tsconfig-utils': [ '8.56.1' ],
23 silly audit   '@typescript-eslint/type-utils': [ '8.56.1' ],
23 silly audit   '@typescript-eslint/types': [ '8.56.1' ],
23 silly audit   '@typescript-eslint/typescript-estree': [ '8.56.1' ],
23 silly audit   'balanced-match': [ '4.0.4', '1.0.2' ],
23 silly audit   'brace-expansion': [ '5.0.3', '2.0.2', '1.1.14' ],
23 silly audit   minimatch: [ '10.2.4', '5.1.6', '3.1.5', '10.1.2' ],
23 silly audit   semver: [ '7.7.4', '6.3.1' ],
23 silly audit   '@typescript-eslint/utils': [ '8.56.1' ],
23 silly audit   '@typescript-eslint/visitor-keys': [ '8.56.1' ],
23 silly audit   '@vitejs/plugin-react': [ '5.1.2' ],
23 silly audit   '@vitest/expect': [ '4.0.18' ],
23 silly audit   '@vitest/mocker': [ '4.0.18' ],
23 silly audit   '@vitest/pretty-format': [ '4.0.18' ],
23 silly audit   '@vitest/runner': [ '4.0.18' ],
23 silly audit   '@vitest/snapshot': [ '4.0.18' ],
23 silly audit   '@vitest/spy': [ '4.0.18' ],
23 silly audit   '@vitest/utils': [ '4.0.18' ],
23 silly audit   acorn: [ '8.16.0' ],
23 silly audit   'acorn-jsx': [ '5.3.2' ],
23 silly audit   'adler-32': [ '1.3.1' ],
23 silly audit   'ansi-regex': [ '5.0.1' ],
23 silly audit   'ansi-styles': [ '5.2.0', '4.3.0' ],
23 silly audit   argparse: [ '2.0.1' ],
23 silly audit   'array-buffer-byte-length': [ '1.0.2' ],
23 silly audit   'array-includes': [ '3.1.9' ],
23 silly audit   'array.prototype.findlast': [ '1.2.5' ],
23 silly audit   'array.prototype.flat': [ '1.3.3' ],
23 silly audit   'array.prototype.flatmap': [ '1.3.3' ],
23 silly audit   'array.prototype.tosorted': [ '1.1.4' ],
23 silly audit   'arraybuffer.prototype.slice': [ '1.0.4' ],
23 silly audit   'assertion-error': [ '2.0.1' ],
23 silly audit   'ast-types-flow': [ '0.0.8' ],
23 silly audit   async: [ '3.2.6' ],
23 silly audit   'async-function': [ '1.0.0' ],
23 silly audit   'at-least-node': [ '1.0.0' ],
23 silly audit   autoprefixer: [ '10.4.24' ],
23 silly audit   'available-typed-arrays': [ '1.0.7' ],
23 silly audit   'axe-core': [ '4.11.1' ],
23 silly audit   axios: [ '0.24.0' ],
23 silly audit   'axobject-query': [ '4.1.0' ],
23 silly audit   'babel-plugin-polyfill-corejs2': [ '0.4.15' ],
23 silly audit   'babel-plugin-polyfill-corejs3': [ '0.14.0' ],
23 silly audit   'babel-plugin-polyfill-regenerator': [ '0.6.6' ],
23 silly audit   'base64-arraybuffer': [ '1.0.2' ],
23 silly audit   'base64-js': [ '1.5.1' ],
23 silly audit   'baseline-browser-mapping': [ '2.9.19' ],
23 silly audit   'bidi-js': [ '1.0.3' ],
23 silly audit   browserslist: [ '4.28.1' ],
23 silly audit   buffer: [ '6.0.3' ],
23 silly audit   'buffer-from': [ '1.1.2' ],
23 silly audit   'call-bind': [ '1.0.8' ],
23 silly audit   'call-bind-apply-helpers': [ '1.0.2' ],
23 silly audit   'call-bound': [ '1.0.4' ],
23 silly audit   callsites: [ '3.1.0' ],
23 silly audit   camelcase: [ '5.3.1' ],
23 silly audit   'caniuse-lite': [ '1.0.30001766' ],
23 silly audit   canvg: [ '3.0.11' ],
23 silly audit   cfb: [ '1.2.2' ],
23 silly audit   chai: [ '6.2.2' ],
23 silly audit   chalk: [ '4.1.2' ],
23 silly audit   cliui: [ '6.0.0' ],
23 silly audit   'emoji-regex': [ '8.0.0', '9.2.2' ],
23 silly audit   'string-width': [ '4.2.3' ],
23 silly audit   'strip-ansi': [ '6.0.1' ],
23 silly audit   'wrap-ansi': [ '6.2.0' ],
23 silly audit   clsx: [ '2.1.1' ],
23 silly audit   codepage: [ '1.15.0' ],
23 silly audit   'color-convert': [ '2.0.1' ],
23 silly audit   'color-name': [ '1.1.4' ],
23 silly audit   commander: [ '2.20.3' ],
23 silly audit   'common-tags': [ '1.8.2' ],
23 silly audit   'concat-map': [ '0.0.1' ],
23 silly audit   'convert-source-map': [ '2.0.0' ],
23 silly audit   cookie: [ '1.1.1' ],
23 silly audit   'core-js': [ '3.48.0' ],
23 silly audit   'core-js-compat': [ '3.48.0' ],
23 silly audit   'core-util-is': [ '1.0.3' ],
23 silly audit   crc: [ '4.3.2' ],
23 silly audit   'crc-32': [ '1.2.2' ],
23 silly audit   crelt: [ '1.0.6' ],
23 silly audit   'cross-spawn': [ '7.0.6' ],
23 silly audit   'crypto-js': [ '4.2.0' ],
23 silly audit   'crypto-random-string': [ '2.0.0' ],
23 silly audit   'css-line-break': [ '2.1.0' ],
23 silly audit   'css-tree': [ '3.2.1' ],
23 silly audit   'css.escape': [ '1.5.1' ],
23 silly audit   csstype: [ '3.2.3' ],
23 silly audit   'd3-array': [ '3.2.4' ],
23 silly audit   'd3-color': [ '3.1.0' ],
23 silly audit   'd3-ease': [ '3.0.1' ],
23 silly audit   'd3-format': [ '3.1.2' ],
23 silly audit   'd3-interpolate': [ '3.0.1' ],
23 silly audit   'd3-path': [ '3.1.0' ],
23 silly audit   'd3-scale': [ '4.0.2' ],
23 silly audit   'd3-shape': [ '3.2.0' ],
23 silly audit   'd3-time': [ '3.1.0' ],
23 silly audit   'd3-time-format': [ '4.1.0' ],
23 silly audit   'd3-timer': [ '3.0.1' ],
23 silly audit   'damerau-levenshtein': [ '1.0.8' ],
23 silly audit   'data-urls': [ '7.0.0' ],
23 silly audit   tr46: [ '6.0.0', '1.0.1' ],
23 silly audit   'webidl-conversions': [ '8.0.1', '4.0.2' ],
23 silly audit   'whatwg-url': [ '16.0.1', '7.1.0' ],
23 silly audit   'data-view-buffer': [ '1.0.2' ],
23 silly audit   'data-view-byte-length': [ '1.0.2' ],
23 silly audit   'data-view-byte-offset': [ '1.0.1' ],
23 silly audit   dayjs: [ '1.11.19' ],
23 silly audit   debug: [ '4.4.3' ],
23 silly audit   decamelize: [ '1.2.0' ],
23 silly audit   'decimal.js': [ '10.6.0' ],
23 silly audit   'decimal.js-light': [ '2.5.1' ],
23 silly audit   'deep-is': [ '0.1.4' ],
23 silly audit   deepmerge: [ '4.3.1' ],
23 silly audit   'define-data-property': [ '1.1.4' ],
23 silly audit   'define-properties': [ '1.2.1' ],
23 silly audit   dequal: [ '2.0.3' ],
23 silly audit   'detect-libc': [ '2.1.2' ],
23 silly audit   dijkstrajs: [ '1.0.3' ],
23 silly audit   doctrine: [ '2.1.0' ],
23 silly audit   docx: [ '9.6.1' ],
23 silly audit   nanoid: [ '5.1.11', '3.3.11' ],
23 silly audit   dompurify: [ '3.3.1' ],
23 silly audit   'dunder-proto': [ '1.0.1' ],
23 silly audit   ejs: [ '3.1.10' ],
23 silly audit   'electron-to-chromium': [ '1.5.283' ],
23 silly audit   'enhanced-resolve': [ '5.18.4' ],
23 silly audit   entities: [ '4.5.0', '6.0.1' ],
23 silly audit   'es-abstract': [ '1.24.1' ],
23 silly audit   'es-define-property': [ '1.0.1' ],
23 silly audit   'es-errors': [ '1.3.0' ],
23 silly audit   'es-iterator-helpers': [ '1.2.2' ],
23 silly audit   'es-module-lexer': [ '1.7.0' ],
23 silly audit   'es-object-atoms': [ '1.1.1' ],
23 silly audit   'es-set-tostringtag': [ '2.1.0' ],
23 silly audit   'es-shim-unscopables': [ '1.1.0' ],
23 silly audit   'es-to-primitive': [ '1.3.0' ],
23 silly audit   'es-toolkit': [ '1.44.0' ],
23 silly audit   esbuild: [ '0.27.2' ],
23 silly audit   escalade: [ '3.2.0' ],
23 silly audit   'escape-string-regexp': [ '4.0.0' ],
23 silly audit   eslint: [ '9.39.4' ],
23 silly audit   'eslint-config-prettier': [ '10.1.8' ],
23 silly audit   'eslint-plugin-jsx-a11y': [ '6.10.2' ],
23 silly audit   'eslint-plugin-react': [ '7.37.5' ],
23 silly audit   'eslint-plugin-react-hooks': [ '7.0.1' ],
23 silly audit   resolve: [ '2.0.0-next.6', '1.22.11' ],
23 silly audit   'eslint-scope': [ '8.4.0' ],
23 silly audit   espree: [ '10.4.0' ],
23 silly audit   esquery: [ '1.7.0' ],
23 silly audit   esrecurse: [ '4.3.0' ],
23 silly audit   estraverse: [ '5.3.0' ],
23 silly audit   esutils: [ '2.0.3' ],
23 silly audit   eventemitter3: [ '5.0.4' ],
23 silly audit   'expect-type': [ '1.3.0' ],
23 silly audit   'fast-deep-equal': [ '3.1.3' ],
23 silly audit   'fast-equals': [ '5.4.0' ],
23 silly audit   'fast-json-stable-stringify': [ '2.1.0' ],
23 silly audit   'fast-levenshtein': [ '2.0.6' ],
23 silly audit   'fast-png': [ '6.4.0' ],
23 silly audit   'fast-uri': [ '3.1.0' ],
23 silly audit   fdir: [ '6.5.0' ],
23 silly audit   fflate: [ '0.8.2' ],
23 silly audit   'file-entry-cache': [ '8.0.0' ],
23 silly audit   filelist: [ '1.0.4' ],
23 silly audit   'find-up': [ '5.0.0', '4.1.0' ],
23 silly audit   'flat-cache': [ '4.0.1' ],
23 silly audit   flatted: [ '3.3.3' ],
23 silly audit   'follow-redirects': [ '1.15.11' ],
23 silly audit   'for-each': [ '0.3.5' ],
23 silly audit   'foreground-child': [ '3.3.1' ],
23 silly audit   frac: [ '1.1.2' ],
23 silly audit   'fraction.js': [ '5.3.4' ],
23 silly audit   'framer-motion': [ '12.29.2' ],
23 silly audit   'fs-extra': [ '9.1.0', '10.1.0' ],
23 silly audit   fsevents: [ '2.3.3' ],
23 silly audit   'function-bind': [ '1.1.2' ],
23 silly audit   'function.prototype.name': [ '1.1.8' ],
23 silly audit   'functions-have-names': [ '1.2.3' ],
23 silly audit   'generator-function': [ '2.0.1' ],
23 silly audit   gensync: [ '1.0.0-beta.2' ],
23 silly audit   'get-caller-file': [ '2.0.5' ],
23 silly audit   'get-intrinsic': [ '1.3.0' ],
23 silly audit   'get-own-enumerable-property-symbols': [ '3.0.2' ],
23 silly audit   'get-proto': [ '1.0.1' ],
23 silly audit   'get-symbol-description': [ '1.1.0' ],
23 silly audit   'glob-parent': [ '6.0.2' ],
23 silly audit   globals: [ '14.0.0' ],
23 silly audit   globalthis: [ '1.0.4' ],
23 silly audit   gopd: [ '1.2.0' ],
23 silly audit   'graceful-fs': [ '4.2.11' ],
23 silly audit   'has-bigints': [ '1.1.0' ],
23 silly audit   'has-flag': [ '4.0.0' ],
23 silly audit   'has-property-descriptors': [ '1.0.2' ],
23 silly audit   'has-proto': [ '1.2.0' ],
23 silly audit   'has-symbols': [ '1.1.0' ],
23 silly audit   'has-tostringtag': [ '1.0.2' ],
23 silly audit   'hash.js': [ '1.1.7' ],
23 silly audit   hasown: [ '2.0.2' ],
23 silly audit   'hermes-estree': [ '0.25.1' ],
23 silly audit   'hermes-parser': [ '0.25.1' ],
23 silly audit   'html-encoding-sniffer': [ '6.0.0' ],
23 silly audit   'iceberg-js': [ '0.8.1' ],
23 silly audit   idb: [ '7.1.1' ],
23 silly audit   ieee754: [ '1.2.1' ],
23 silly audit   immediate: [ '3.0.6' ],
23 silly audit   'import-fresh': [ '3.3.1' ],
23 silly audit   imurmurhash: [ '0.1.4' ],
23 silly audit   'indent-string': [ '4.0.0' ],
23 silly audit   inherits: [ '2.0.4' ],
23 silly audit   'internal-slot': [ '1.1.0' ],
23 silly audit   internmap: [ '2.0.3' ],
23 silly audit   iobuffer: [ '5.4.0' ],
23 silly audit   'is-array-buffer': [ '3.0.5' ],
23 silly audit   'is-async-function': [ '2.1.1' ],
23 silly audit   'is-bigint': [ '1.1.0' ],
23 silly audit   'is-boolean-object': [ '1.2.2' ],
23 silly audit   'is-callable': [ '1.2.7' ],
23 silly audit   'is-core-module': [ '2.16.1' ],
23 silly audit   'is-data-view': [ '1.0.2' ],
23 silly audit   'is-date-object': [ '1.1.0' ],
23 silly audit   'is-extglob': [ '2.1.1' ],
23 silly audit   'is-finalizationregistry': [ '1.1.1' ],
23 silly audit   'is-fullwidth-code-point': [ '3.0.0' ],
23 silly audit   'is-generator-function': [ '1.1.2' ],
23 silly audit   'is-glob': [ '4.0.3' ],
23 silly audit   'is-map': [ '2.0.3' ],
23 silly audit   'is-module': [ '1.0.0' ],
23 silly audit   'is-negative-zero': [ '2.0.3' ],
23 silly audit   'is-number-object': [ '1.1.1' ],
23 silly audit   'is-obj': [ '1.0.1' ],
23 silly audit   'is-potential-custom-element-name': [ '1.0.1' ],
23 silly audit   'is-regex': [ '1.2.1' ],
23 silly audit   'is-regexp': [ '1.0.0' ],
23 silly audit   'is-set': [ '2.0.3' ],
23 silly audit   'is-shared-array-buffer': [ '1.0.4' ],
23 silly audit   'is-stream': [ '2.0.1' ],
23 silly audit   'is-string': [ '1.1.1' ],
23 silly audit   'is-symbol': [ '1.1.1' ],
23 silly audit   'is-typed-array': [ '1.1.15' ],
23 silly audit   'is-weakmap': [ '2.0.2' ],
23 silly audit   'is-weakref': [ '1.1.1' ],
23 silly audit   'is-weakset': [ '2.0.4' ],
23 silly audit   isarray: [ '2.0.5', '1.0.0' ],
23 silly audit   isexe: [ '2.0.0' ],
23 silly audit   'iterator.prototype': [ '1.1.5' ],
23 silly audit   jake: [ '10.9.4' ],
23 silly audit   jiti: [ '2.6.1' ],
23 silly audit   'js-tokens': [ '4.0.0' ],
23 silly audit   'js-yaml': [ '4.1.1' ],
23 silly audit   jsdom: [ '29.0.1' ],
23 silly audit   jsesc: [ '3.1.0' ],
23 silly audit   'json-buffer': [ '3.0.1' ],
23 silly audit   'json-schema': [ '0.4.0' ],
23 silly audit   'json-stable-stringify-without-jsonify': [ '1.0.1' ],
23 silly audit   json5: [ '2.2.3' ],
23 silly audit   jsonfile: [ '6.2.0' ],
23 silly audit   jsonpointer: [ '5.0.1' ],
23 silly audit   jspdf: [ '4.1.0' ],
23 silly audit   'jspdf-autotable': [ '5.0.7' ],
23 silly audit   'jsx-ast-utils': [ '3.3.5' ],
23 silly audit   jszip: [ '3.10.1' ],
23 silly audit   pako: [ '1.0.11', '2.1.0' ],
23 silly audit   keyv: [ '4.5.4' ],
23 silly audit   'language-subtag-registry': [ '0.3.23' ],
23 silly audit   'language-tags': [ '1.0.9' ],
23 silly audit   leven: [ '3.1.0' ],
23 silly audit   levn: [ '0.4.1' ],
23 silly audit   lie: [ '3.3.0' ],
23 silly audit   lightningcss: [ '1.30.2' ],
23 silly audit   'lightningcss-android-arm64': [ '1.30.2' ],
23 silly audit   'lightningcss-darwin-arm64': [ '1.30.2' ],
23 silly audit   'lightningcss-darwin-x64': [ '1.30.2' ],
23 silly audit   'lightningcss-freebsd-x64': [ '1.30.2' ],
23 silly audit   'lightningcss-linux-arm-gnueabihf': [ '1.30.2' ],
23 silly audit   'lightningcss-linux-arm64-gnu': [ '1.30.2' ],
23 silly audit   'lightningcss-linux-arm64-musl': [ '1.30.2' ],
23 silly audit   'lightningcss-linux-x64-gnu': [ '1.30.2' ],
23 silly audit   'lightningcss-linux-x64-musl': [ '1.30.2' ],
23 silly audit   'lightningcss-win32-arm64-msvc': [ '1.30.2' ],
23 silly audit   'lightningcss-win32-x64-msvc': [ '1.30.2' ],
23 silly audit   'linkify-it': [ '5.0.0' ],
23 silly audit   linkifyjs: [ '4.3.2' ],
23 silly audit   'locate-path': [ '6.0.0', '5.0.0' ],
23 silly audit   lodash: [ '4.17.23' ],
23 silly audit   'lodash.debounce': [ '4.0.8' ],
23 silly audit   'lodash.merge': [ '4.6.2' ],
23 silly audit   'lodash.sortby': [ '4.7.0' ],
23 silly audit   'loose-envify': [ '1.4.0' ],
23 silly audit   'lucide-react': [ '0.563.0' ],
23 silly audit   'lz-string': [ '1.5.0' ],
23 silly audit   'markdown-it': [ '14.1.1' ],
23 silly audit   'math-intrinsics': [ '1.1.0' ],
23 silly audit   'mdn-data': [ '2.27.1' ],
23 silly audit   mdurl: [ '2.0.0' ],
23 silly audit   'min-indent': [ '1.0.1' ],
23 silly audit   'minimalistic-assert': [ '1.0.1' ],
23 silly audit   minipass: [ '7.1.2' ],
23 silly audit   'motion-dom': [ '12.29.2' ],
23 silly audit   'motion-utils': [ '12.29.2' ],
23 silly audit   ms: [ '2.1.3' ],
23 silly audit   'napas-qr': [ '1.0.4' ],
23 silly audit   'natural-compare': [ '1.4.0' ],
23 silly audit   'node-exports-info': [ '1.6.0' ],
23 silly audit   'node-releases': [ '2.0.27' ],
23 silly audit   'object-assign': [ '4.1.1' ],
23 silly audit   'object-inspect': [ '1.13.4' ],
23 silly audit   'object-keys': [ '1.1.1' ],
23 silly audit   'object.assign': [ '4.1.7' ],
23 silly audit   'object.entries': [ '1.1.9' ],
23 silly audit   'object.fromentries': [ '2.0.8' ],
23 silly audit   'object.values': [ '1.2.1' ],
23 silly audit   obug: [ '2.1.1' ],
23 silly audit   optionator: [ '0.9.4' ],
23 silly audit   orderedmap: [ '2.1.1' ],
23 silly audit   'own-keys': [ '1.0.1' ],
23 silly audit   'p-limit': [ '3.1.0', '2.3.0' ],
23 silly audit   'p-locate': [ '5.0.0', '4.1.0' ],
23 silly audit   'p-try': [ '2.2.0' ],
23 silly audit   'package-json-from-dist': [ '1.0.1' ],
23 silly audit   'parent-module': [ '1.0.1' ],
23 silly audit   parse5: [ '8.0.0' ],
23 silly audit   'path-exists': [ '4.0.0' ],
23 silly audit   'path-key': [ '3.1.1' ],
23 silly audit   'path-parse': [ '1.0.7' ],
23 silly audit   pathe: [ '2.0.3' ],
23 silly audit   'performance-now': [ '2.1.0' ],
23 silly audit   picocolors: [ '1.1.1' ],
23 silly audit   picomatch: [ '4.0.3', '2.3.1' ],
23 silly audit   pngjs: [ '5.0.0' ],
23 silly audit   'possible-typed-array-names': [ '1.1.0' ],
23 silly audit   postcss: [ '8.5.6' ],
23 silly audit   'postcss-value-parser': [ '4.2.0' ],
23 silly audit   'prelude-ls': [ '1.2.1' ],
23 silly audit   prettier: [ '3.8.1' ],
23 silly audit   'pretty-bytes': [ '6.1.1', '5.6.0' ],
23 silly audit   'pretty-format': [ '27.5.1' ],
23 silly audit   'react-is': [ '17.0.2', '16.13.1', '19.2.4' ],
23 silly audit   'process-nextick-args': [ '2.0.1' ],
23 silly audit   'prop-types': [ '15.8.1' ],
23 silly audit   'prosemirror-changeset': [ '2.4.0' ],
23 silly audit   'prosemirror-collab': [ '1.3.1' ],
23 silly audit   'prosemirror-commands': [ '1.7.1' ],
23 silly audit   'prosemirror-dropcursor': [ '1.8.2' ],
23 silly audit   'prosemirror-gapcursor': [ '1.4.0' ],
23 silly audit   'prosemirror-history': [ '1.5.0' ],
23 silly audit   'prosemirror-inputrules': [ '1.5.1' ],
23 silly audit   'prosemirror-keymap': [ '1.2.3' ],
23 silly audit   'prosemirror-markdown': [ '1.13.4' ],
23 silly audit   'prosemirror-menu': [ '1.3.0' ],
23 silly audit   'prosemirror-model': [ '1.25.4' ],
23 silly audit   'prosemirror-schema-basic': [ '1.2.4' ],
23 silly audit   'prosemirror-schema-list': [ '1.5.1' ],
23 silly audit   'prosemirror-state': [ '1.4.4' ],
23 silly audit   'prosemirror-tables': [ '1.8.5' ],
23 silly audit   'prosemirror-trailing-node': [ '3.0.0' ],
23 silly audit   'prosemirror-transform': [ '1.11.0' ],
23 silly audit   'prosemirror-view': [ '1.41.6' ],
23 silly audit   punycode: [ '2.3.1' ],
23 silly audit   'punycode.js': [ '2.3.1' ],
23 silly audit   qrcode: [ '1.5.4' ],
23 silly audit   raf: [ '3.4.1' ],
23 silly audit   randombytes: [ '2.1.0' ],
23 silly audit   react: [ '19.2.4' ],
23 silly audit   'react-dom': [ '19.2.4' ],
23 silly audit   'react-hook-form': [ '7.71.1' ],
23 silly audit   'react-redux': [ '9.2.0' ],
23 silly audit   'react-refresh': [ '0.18.0' ],
23 silly audit   'react-router': [ '7.13.0' ],
23 silly audit   'react-router-dom': [ '7.13.0' ],
23 silly audit   'readable-stream': [ '2.3.8' ],
23 silly audit   'safe-buffer': [ '5.1.2', '5.2.1' ],
23 silly audit   recharts: [ '3.7.0' ],
23 silly audit   redent: [ '3.0.0' ],
23 silly audit   redux: [ '5.0.1' ],
23 silly audit   'redux-thunk': [ '3.1.0' ],
23 silly audit   'reflect.getprototypeof': [ '1.0.10' ],
23 silly audit   regenerate: [ '1.4.2' ],
23 silly audit   'regenerate-unicode-properties': [ '10.2.2' ],
23 silly audit   'regenerator-runtime': [ '0.13.11' ],
23 silly audit   'regexp.prototype.flags': [ '1.5.4' ],
23 silly audit   'regexpu-core': [ '6.4.0' ],
23 silly audit   regjsgen: [ '0.8.0' ],
23 silly audit   regjsparser: [ '0.13.0' ],
23 silly audit   'require-directory': [ '2.1.1' ],
23 silly audit   'require-from-string': [ '2.0.2' ],
23 silly audit   'require-main-filename': [ '2.0.0' ],
23 silly audit   reselect: [ '5.1.1' ],
23 silly audit   'resolve-from': [ '4.0.0' ],
23 silly audit   rgbcolor: [ '1.0.1' ],
23 silly audit   rollup: [ '4.57.1', '2.79.2' ],
23 silly audit   'rope-sequence': [ '1.3.4' ],
23 silly audit   'safe-array-concat': [ '1.1.3' ],
23 silly audit   'safe-push-apply': [ '1.0.0' ],
23 silly audit   'safe-regex-test': [ '1.1.0' ],
23 silly audit   sax: [ '1.6.0' ],
23 silly audit   saxes: [ '6.0.0' ],
23 silly audit   scheduler: [ '0.27.0' ],
23 silly audit   'serialize-javascript': [ '6.0.2' ],
23 silly audit   'set-blocking': [ '2.0.0' ],
23 silly audit   'set-cookie-parser': [ '2.7.2' ],
23 silly audit   'set-function-length': [ '1.2.2' ],
23 silly audit   'set-function-name': [ '2.0.2' ],
23 silly audit   'set-proto': [ '1.0.0' ],
23 silly audit   setimmediate: [ '1.0.5' ],
23 silly audit   'shebang-command': [ '2.0.0' ],
23 silly audit   'shebang-regex': [ '3.0.0' ],
23 silly audit   'side-channel': [ '1.1.0' ],
23 silly audit   'side-channel-list': [ '1.0.0' ],
23 silly audit   'side-channel-map': [ '1.0.1' ],
23 silly audit   'side-channel-weakmap': [ '1.0.2' ],
23 silly audit   siginfo: [ '2.0.0' ],
23 silly audit   'signal-exit': [ '4.1.0' ],
23 silly audit   smob: [ '1.6.1' ],
23 silly audit   sonner: [ '2.0.7' ],
23 silly audit   'source-map': [ '0.8.0-beta.0', '0.6.1' ],
23 silly audit   'source-map-js': [ '1.2.1' ],
23 silly audit   'source-map-support': [ '0.5.21' ],
23 silly audit   'sourcemap-codec': [ '1.4.8' ],
23 silly audit   ssf: [ '0.11.2' ],
23 silly audit   stackback: [ '0.0.2' ],
23 silly audit   'stackblur-canvas': [ '2.7.0' ],
23 silly audit   'std-env': [ '3.10.0' ],
23 silly audit   'stop-iteration-iterator': [ '1.1.0' ],
23 silly audit   string_decoder: [ '1.1.1' ],
23 silly audit   'string.prototype.includes': [ '2.0.1' ],
23 silly audit   'string.prototype.matchall': [ '4.0.12' ],
23 silly audit   'string.prototype.repeat': [ '1.0.0' ],
23 silly audit   'string.prototype.trim': [ '1.2.10' ],
23 silly audit   'string.prototype.trimend': [ '1.0.9' ],
23 silly audit   'string.prototype.trimstart': [ '1.0.8' ],
23 silly audit   'stringify-object': [ '3.3.0' ],
23 silly audit   'strip-comments': [ '2.0.1' ],
23 silly audit   'strip-indent': [ '3.0.0' ],
23 silly audit   'strip-json-comments': [ '3.1.1' ],
23 silly audit   'supports-color': [ '7.2.0' ],
23 silly audit   'supports-preserve-symlinks-flag': [ '1.0.0' ],
23 silly audit   'svg-pathdata': [ '6.0.3' ],
23 silly audit   'symbol-tree': [ '3.2.4' ],
23 silly audit   'tailwind-merge': [ '3.4.0' ],
23 silly audit   tailwindcss: [ '4.1.18' ],
23 silly audit   tapable: [ '2.3.0' ],
23 silly audit   'temp-dir': [ '2.0.0' ],
23 silly audit   tempy: [ '0.6.0' ],
23 silly audit   terser: [ '5.46.0' ],
23 silly audit   'text-segmentation': [ '1.0.3' ],
23 silly audit   'tiny-invariant': [ '1.3.3' ],
23 silly audit   tinybench: [ '2.9.0' ],
23 silly audit   tinyexec: [ '1.0.2' ],
23 silly audit   tinyglobby: [ '0.2.15' ],
23 silly audit   tinyrainbow: [ '3.0.3' ],
23 silly audit   tldts: [ '7.0.27' ],
23 silly audit   'tldts-core': [ '7.0.27' ],
23 silly audit   'tough-cookie': [ '6.0.1' ],
23 silly audit   'ts-api-utils': [ '2.4.0' ],
23 silly audit   tslib: [ '2.8.1' ],
23 silly audit   'type-check': [ '0.4.0' ],
23 silly audit   'type-fest': [ '0.16.0' ],
23 silly audit   'typed-array-buffer': [ '1.0.3' ],
23 silly audit   'typed-array-byte-length': [ '1.0.3' ],
23 silly audit   'typed-array-byte-offset': [ '1.0.4' ],
23 silly audit   'typed-array-length': [ '1.0.7' ],
23 silly audit   typescript: [ '5.9.3' ],
23 silly audit   'typescript-eslint': [ '8.56.1' ],
23 silly audit   'uc.micro': [ '2.1.0' ],
23 silly audit   'unbox-primitive': [ '1.1.0' ],
23 silly audit   undici: [ '7.24.6' ],
23 silly audit   'undici-types': [ '7.24.6' ],
23 silly audit   'unicode-canonical-property-names-ecmascript': [ '2.0.1' ],
23 silly audit   'unicode-match-property-ecmascript': [ '2.0.0' ],
23 silly audit   'unicode-match-property-value-ecmascript': [ '2.2.1' ],
23 silly audit   'unicode-property-aliases-ecmascript': [ '2.2.0' ],
23 silly audit   'unique-string': [ '2.0.0' ],
23 silly audit   universalify: [ '2.0.1' ],
23 silly audit   upath: [ '1.2.0' ],
23 silly audit   'update-browserslist-db': [ '1.2.3' ],
23 silly audit   'uri-js': [ '4.4.1' ],
23 silly audit   'use-sync-external-store': [ '1.6.0' ],
23 silly audit   'util-deprecate': [ '1.0.2' ],
23 silly audit   utrie: [ '1.0.2' ],
23 silly audit   'victory-vendor': [ '37.3.6' ],
23 silly audit   vietqr: [ '1.1.9' ],
23 silly audit   vite: [ '7.3.1' ],
23 silly audit   'vite-plugin-compression': [ '0.5.1' ],
23 silly audit   'vite-plugin-pwa': [ '1.2.0' ],
23 silly audit   vitest: [ '4.0.18' ],
23 silly audit   'w3c-keyname': [ '2.2.8' ],
23 silly audit   'w3c-xmlserializer': [ '5.0.0' ],
23 silly audit   'whatwg-mimetype': [ '5.0.0' ],
23 silly audit   which: [ '2.0.2' ],
23 silly audit   'which-boxed-primitive': [ '1.1.1' ],
23 silly audit   'which-builtin-type': [ '1.2.1' ],
23 silly audit   'which-collection': [ '1.0.2' ],
23 silly audit   'which-module': [ '2.0.1' ],
23 silly audit   'which-typed-array': [ '1.1.20' ],
23 silly audit   'why-is-node-running': [ '2.3.0' ],
23 silly audit   wmf: [ '1.0.2' ],
23 silly audit   word: [ '0.3.0' ],
23 silly audit   'word-wrap': [ '1.2.5' ],
23 silly audit   'workbox-background-sync': [ '7.4.0' ],
23 silly audit   'workbox-broadcast-update': [ '7.4.0' ],
23 silly audit   'workbox-build': [ '7.4.0' ],
23 silly audit   '@isaacs/cliui': [ '9.0.0' ],
23 silly audit   '@rollup/plugin-babel': [ '5.3.1' ],
23 silly audit   '@rollup/plugin-replace': [ '2.4.2' ],
23 silly audit   glob: [ '11.1.0' ],
23 silly audit   jackspeak: [ '4.2.3' ],
23 silly audit   'path-scurry': [ '2.0.1' ],
23 silly audit   'workbox-cacheable-response': [ '7.4.0' ],
23 silly audit   'workbox-core': [ '7.4.0' ],
23 silly audit   'workbox-expiration': [ '7.4.0' ],
23 silly audit   'workbox-google-analytics': [ '7.4.0' ],
23 silly audit   'workbox-navigation-preload': [ '7.4.0' ],
23 silly audit   'workbox-precaching': [ '7.4.0' ],
23 silly audit   'workbox-range-requests': [ '7.4.0' ],
23 silly audit   'workbox-recipes': [ '7.4.0' ],
23 silly audit   'workbox-routing': [ '7.4.0' ],
23 silly audit   'workbox-strategies': [ '7.4.0' ],
23 silly audit   'workbox-streams': [ '7.4.0' ],
23 silly audit   'workbox-sw': [ '7.4.0' ],
23 silly audit   'workbox-window': [ '7.4.0' ],
23 silly audit   ws: [ '8.19.0' ],
23 silly audit   xlsx: [ '0.18.5' ],
23 silly audit   xml: [ '1.0.1' ],
23 silly audit   'xml-js': [ '1.6.11' ],
23 silly audit   'xml-name-validator': [ '5.0.0' ],
23 silly audit   xmlchars: [ '2.2.0' ],
23 silly audit   y18n: [ '4.0.3' ],
23 silly audit   yallist: [ '3.1.1' ],
23 silly audit   yargs: [ '15.4.1' ],
23 silly audit   'yargs-parser': [ '18.1.3' ],
23 silly audit   'yocto-queue': [ '0.1.0' ],
23 silly audit   zod: [ '4.3.6' ],
23 silly audit   'zod-validation-error': [ '4.0.2' ],
23 silly audit   zustand: [ '5.0.10' ],
23 silly audit   html2canvas: [ '1.4.1' ],
23 silly audit   '@tailwindcss/oxide-wasm32-wasi': [ '4.1.18' ]
23 silly audit }
24 verbose reify failed optional dependency /Users/admin/Desktop/dự án/mttqvn/node_modules/lightningcss-win32-x64-msvc
25 silly reify mark deleted [
25 silly reify   '/Users/admin/Desktop/dự án/mttqvn/node_modules/lightningcss-win32-x64-msvc'
25 silly reify ]
26 verbose reify failed optional dependency /Users/admin/Desktop/dự án/mttqvn/node_modules/lightningcss-win32-arm64-msvc
27 silly reify mark deleted [
27 silly reify   '/Users/admin/Desktop/dự án/mttqvn/node_modules/lightningcss-win32-arm64-msvc'
27 silly reify ]
28 verbose reify failed optional dependency /Users/admin/Desktop/dự án/mttqvn/node_modules/lightningcss-linux-x64-musl
29 silly reify mark deleted [
29 silly reify   '/Users/admin/Desktop/dự án/mttqvn/node_modules/lightningcss-linux-x64-musl'
29 silly reify ]
30 verbose reify failed optional dependency /Users/admin/Desktop/dự án/mttqvn/node_modules/lightningcss-linux-x64-gnu
31 silly reify mark deleted [
31 silly reify   '/Users/admin/Desktop/dự án/mttqvn/node_modules/lightningcss-linux-x64-gnu'
31 silly reify ]
32 verbose reify failed optional dependency /Users/admin/Desktop/dự án/mttqvn/node_modules/lightningcss-linux-arm64-musl
33 silly reify mark deleted [
33 silly reify   '/Users/admin/Desktop/dự án/mttqvn/node_modules/lightningcss-linux-arm64-musl'
33 silly reify ]
34 verbose reify failed optional dependency /Users/admin/Desktop/dự án/mttqvn/node_modules/lightningcss-linux-arm64-gnu
35 silly reify mark deleted [
35 silly reify   '/Users/admin/Desktop/dự án/mttqvn/node_modules/lightningcss-linux-arm64-gnu'
35 silly reify ]
36 verbose reify failed optional dependency /Users/admin/Desktop/dự án/mttqvn/node_modules/lightningcss-linux-arm-gnueabihf
37 silly reify mark deleted [
37 silly reify   '/Users/admin/Desktop/dự án/mttqvn/node_modules/lightningcss-linux-arm-gnueabihf'
37 silly reify ]
38 verbose reify failed optional dependency /Users/admin/Desktop/dự án/mttqvn/node_modules/lightningcss-freebsd-x64
39 silly reify mark deleted [
39 silly reify   '/Users/admin/Desktop/dự án/mttqvn/node_modules/lightningcss-freebsd-x64'
39 silly reify ]
40 verbose reify failed optional dependency /Users/admin/Desktop/dự án/mttqvn/node_modules/lightningcss-darwin-arm64
41 silly reify mark deleted [
41 silly reify   '/Users/admin/Desktop/dự án/mttqvn/node_modules/lightningcss-darwin-arm64'
41 silly reify ]
42 verbose reify failed optional dependency /Users/admin/Desktop/dự án/mttqvn/node_modules/lightningcss-android-arm64
43 silly reify mark deleted [
43 silly reify   '/Users/admin/Desktop/dự án/mttqvn/node_modules/lightningcss-android-arm64'
43 silly reify ]
44 verbose reify failed optional dependency /Users/admin/Desktop/dự án/mttqvn/node_modules/@tailwindcss/oxide-win32-x64-msvc
45 silly reify mark deleted [
45 silly reify   '/Users/admin/Desktop/dự án/mttqvn/node_modules/@tailwindcss/oxide-win32-x64-msvc'
45 silly reify ]
46 verbose reify failed optional dependency /Users/admin/Desktop/dự án/mttqvn/node_modules/@tailwindcss/oxide-win32-arm64-msvc
47 silly reify mark deleted [
47 silly reify   '/Users/admin/Desktop/dự án/mttqvn/node_modules/@tailwindcss/oxide-win32-arm64-msvc'
47 silly reify ]
48 verbose reify failed optional dependency /Users/admin/Desktop/dự án/mttqvn/node_modules/@tailwindcss/oxide-linux-x64-musl
49 silly reify mark deleted [
49 silly reify   '/Users/admin/Desktop/dự án/mttqvn/node_modules/@tailwindcss/oxide-linux-x64-musl'
49 silly reify ]
50 verbose reify failed optional dependency /Users/admin/Desktop/dự án/mttqvn/node_modules/@tailwindcss/oxide-linux-x64-gnu
51 silly reify mark deleted [
51 silly reify   '/Users/admin/Desktop/dự án/mttqvn/node_modules/@tailwindcss/oxide-linux-x64-gnu'
51 silly reify ]
52 verbose reify failed optional dependency /Users/admin/Desktop/dự án/mttqvn/node_modules/@tailwindcss/oxide-linux-arm64-musl
53 silly reify mark deleted [
53 silly reify   '/Users/admin/Desktop/dự án/mttqvn/node_modules/@tailwindcss/oxide-linux-arm64-musl'
53 silly reify ]
54 verbose reify failed optional dependency /Users/admin/Desktop/dự án/mttqvn/node_modules/@tailwindcss/oxide-linux-arm64-gnu
55 silly reify mark deleted [
55 silly reify   '/Users/admin/Desktop/dự án/mttqvn/node_modules/@tailwindcss/oxide-linux-arm64-gnu'
55 silly reify ]
56 verbose reify failed optional dependency /Users/admin/Desktop/dự án/mttqvn/node_modules/@tailwindcss/oxide-linux-arm-gnueabihf
57 silly reify mark deleted [
57 silly reify   '/Users/admin/Desktop/dự án/mttqvn/node_modules/@tailwindcss/oxide-linux-arm-gnueabihf'
57 silly reify ]
58 verbose reify failed optional dependency /Users/admin/Desktop/dự án/mttqvn/node_modules/@tailwindcss/oxide-freebsd-x64
59 silly reify mark deleted [
59 silly reify   '/Users/admin/Desktop/dự án/mttqvn/node_modules/@tailwindcss/oxide-freebsd-x64'
59 silly reify ]
60 verbose reify failed optional dependency /Users/admin/Desktop/dự án/mttqvn/node_modules/@tailwindcss/oxide-darwin-arm64
61 silly reify mark deleted [
61 silly reify   '/Users/admin/Desktop/dự án/mttqvn/node_modules/@tailwindcss/oxide-darwin-arm64'
61 silly reify ]
62 verbose reify failed optional dependency /Users/admin/Desktop/dự án/mttqvn/node_modules/@tailwindcss/oxide-android-arm64
63 silly reify mark deleted [
63 silly reify   '/Users/admin/Desktop/dự án/mttqvn/node_modules/@tailwindcss/oxide-android-arm64'
63 silly reify ]
64 verbose reify failed optional dependency /Users/admin/Desktop/dự án/mttqvn/node_modules/@rollup/rollup-win32-x64-msvc
65 silly reify mark deleted [
65 silly reify   '/Users/admin/Desktop/dự án/mttqvn/node_modules/@rollup/rollup-win32-x64-msvc'
65 silly reify ]
66 verbose reify failed optional dependency /Users/admin/Desktop/dự án/mttqvn/node_modules/@rollup/rollup-win32-x64-gnu
67 silly reify mark deleted [
67 silly reify   '/Users/admin/Desktop/dự án/mttqvn/node_modules/@rollup/rollup-win32-x64-gnu'
67 silly reify ]
68 verbose reify failed optional dependency /Users/admin/Desktop/dự án/mttqvn/node_modules/@rollup/rollup-win32-ia32-msvc
69 silly reify mark deleted [
69 silly reify   '/Users/admin/Desktop/dự án/mttqvn/node_modules/@rollup/rollup-win32-ia32-msvc'
69 silly reify ]
70 verbose reify failed optional dependency /Users/admin/Desktop/dự án/mttqvn/node_modules/@rollup/rollup-win32-arm64-msvc
71 silly reify mark deleted [
71 silly reify   '/Users/admin/Desktop/dự án/mttqvn/node_modules/@rollup/rollup-win32-arm64-msvc'
71 silly reify ]
72 verbose reify failed optional dependency /Users/admin/Desktop/dự án/mttqvn/node_modules/@rollup/rollup-openharmony-arm64
73 silly reify mark deleted [
73 silly reify   '/Users/admin/Desktop/dự án/mttqvn/node_modules/@rollup/rollup-openharmony-arm64'
73 silly reify ]
74 verbose reify failed optional dependency /Users/admin/Desktop/dự án/mttqvn/node_modules/@rollup/rollup-openbsd-x64
75 silly reify mark deleted [
75 silly reify   '/Users/admin/Desktop/dự án/mttqvn/node_modules/@rollup/rollup-openbsd-x64'
75 silly reify ]
76 verbose reify failed optional dependency /Users/admin/Desktop/dự án/mttqvn/node_modules/@rollup/rollup-linux-x64-musl
77 silly reify mark deleted [
77 silly reify   '/Users/admin/Desktop/dự án/mttqvn/node_modules/@rollup/rollup-linux-x64-musl'
77 silly reify ]
78 verbose reify failed optional dependency /Users/admin/Desktop/dự án/mttqvn/node_modules/@rollup/rollup-linux-x64-gnu
79 silly reify mark deleted [
79 silly reify   '/Users/admin/Desktop/dự án/mttqvn/node_modules/@rollup/rollup-linux-x64-gnu'
79 silly reify ]
80 verbose reify failed optional dependency /Users/admin/Desktop/dự án/mttqvn/node_modules/@rollup/rollup-linux-s390x-gnu
81 silly reify mark deleted [
81 silly reify   '/Users/admin/Desktop/dự án/mttqvn/node_modules/@rollup/rollup-linux-s390x-gnu'
81 silly reify ]
82 verbose reify failed optional dependency /Users/admin/Desktop/dự án/mttqvn/node_modules/@rollup/rollup-linux-riscv64-musl
83 silly reify mark deleted [
83 silly reify   '/Users/admin/Desktop/dự án/mttqvn/node_modules/@rollup/rollup-linux-riscv64-musl'
83 silly reify ]
84 verbose reify failed optional dependency /Users/admin/Desktop/dự án/mttqvn/node_modules/@rollup/rollup-linux-riscv64-gnu
85 silly reify mark deleted [
85 silly reify   '/Users/admin/Desktop/dự án/mttqvn/node_modules/@rollup/rollup-linux-riscv64-gnu'
85 silly reify ]
86 verbose reify failed optional dependency /Users/admin/Desktop/dự án/mttqvn/node_modules/@rollup/rollup-linux-ppc64-musl
87 silly reify mark deleted [
87 silly reify   '/Users/admin/Desktop/dự án/mttqvn/node_modules/@rollup/rollup-linux-ppc64-musl'
87 silly reify ]
88 verbose reify failed optional dependency /Users/admin/Desktop/dự án/mttqvn/node_modules/@rollup/rollup-linux-ppc64-gnu
89 silly reify mark deleted [
89 silly reify   '/Users/admin/Desktop/dự án/mttqvn/node_modules/@rollup/rollup-linux-ppc64-gnu'
89 silly reify ]
90 verbose reify failed optional dependency /Users/admin/Desktop/dự án/mttqvn/node_modules/@rollup/rollup-linux-loong64-musl
91 silly reify mark deleted [
91 silly reify   '/Users/admin/Desktop/dự án/mttqvn/node_modules/@rollup/rollup-linux-loong64-musl'
91 silly reify ]
92 verbose reify failed optional dependency /Users/admin/Desktop/dự án/mttqvn/node_modules/@rollup/rollup-linux-loong64-gnu
93 silly reify mark deleted [
93 silly reify   '/Users/admin/Desktop/dự án/mttqvn/node_modules/@rollup/rollup-linux-loong64-gnu'
93 silly reify ]
94 verbose reify failed optional dependency /Users/admin/Desktop/dự án/mttqvn/node_modules/@rollup/rollup-linux-arm64-musl
95 silly reify mark deleted [
95 silly reify   '/Users/admin/Desktop/dự án/mttqvn/node_modules/@rollup/rollup-linux-arm64-musl'
95 silly reify ]
96 verbose reify failed optional dependency /Users/admin/Desktop/dự án/mttqvn/node_modules/@rollup/rollup-linux-arm64-gnu
97 silly reify mark deleted [
97 silly reify   '/Users/admin/Desktop/dự án/mttqvn/node_modules/@rollup/rollup-linux-arm64-gnu'
97 silly reify ]
98 verbose reify failed optional dependency /Users/admin/Desktop/dự án/mttqvn/node_modules/@rollup/rollup-linux-arm-musleabihf
99 silly reify mark deleted [
99 silly reify   '/Users/admin/Desktop/dự án/mttqvn/node_modules/@rollup/rollup-linux-arm-musleabihf'
99 silly reify ]
100 verbose reify failed optional dependency /Users/admin/Desktop/dự án/mttqvn/node_modules/@rollup/rollup-linux-arm-gnueabihf
101 silly reify mark deleted [
101 silly reify   '/Users/admin/Desktop/dự án/mttqvn/node_modules/@rollup/rollup-linux-arm-gnueabihf'
101 silly reify ]
102 verbose reify failed optional dependency /Users/admin/Desktop/dự án/mttqvn/node_modules/@rollup/rollup-freebsd-x64
103 silly reify mark deleted [
103 silly reify   '/Users/admin/Desktop/dự án/mttqvn/node_modules/@rollup/rollup-freebsd-x64'
103 silly reify ]
104 verbose reify failed optional dependency /Users/admin/Desktop/dự án/mttqvn/node_modules/@rollup/rollup-freebsd-arm64
105 silly reify mark deleted [
105 silly reify   '/Users/admin/Desktop/dự án/mttqvn/node_modules/@rollup/rollup-freebsd-arm64'
105 silly reify ]
106 verbose reify failed optional dependency /Users/admin/Desktop/dự án/mttqvn/node_modules/@rollup/rollup-darwin-arm64
107 silly reify mark deleted [
107 silly reify   '/Users/admin/Desktop/dự án/mttqvn/node_modules/@rollup/rollup-darwin-arm64'
107 silly reify ]
108 verbose reify failed optional dependency /Users/admin/Desktop/dự án/mttqvn/node_modules/@rollup/rollup-android-arm64
109 silly reify mark deleted [
109 silly reify   '/Users/admin/Desktop/dự án/mttqvn/node_modules/@rollup/rollup-android-arm64'
109 silly reify ]
110 verbose reify failed optional dependency /Users/admin/Desktop/dự án/mttqvn/node_modules/@rollup/rollup-android-arm-eabi
111 silly reify mark deleted [
111 silly reify   '/Users/admin/Desktop/dự án/mttqvn/node_modules/@rollup/rollup-android-arm-eabi'
111 silly reify ]
112 verbose reify failed optional dependency /Users/admin/Desktop/dự án/mttqvn/node_modules/@esbuild/win32-x64
113 silly reify mark deleted [
113 silly reify   '/Users/admin/Desktop/dự án/mttqvn/node_modules/@esbuild/win32-x64'
113 silly reify ]
114 verbose reify failed optional dependency /Users/admin/Desktop/dự án/mttqvn/node_modules/@esbuild/win32-ia32
115 silly reify mark deleted [
115 silly reify   '/Users/admin/Desktop/dự án/mttqvn/node_modules/@esbuild/win32-ia32'
115 silly reify ]
116 verbose reify failed optional dependency /Users/admin/Desktop/dự án/mttqvn/node_modules/@esbuild/win32-arm64
117 silly reify mark deleted [
117 silly reify   '/Users/admin/Desktop/dự án/mttqvn/node_modules/@esbuild/win32-arm64'
117 silly reify ]
118 verbose reify failed optional dependency /Users/admin/Desktop/dự án/mttqvn/node_modules/@esbuild/sunos-x64
119 silly reify mark deleted [
119 silly reify   '/Users/admin/Desktop/dự án/mttqvn/node_modules/@esbuild/sunos-x64'
119 silly reify ]
120 verbose reify failed optional dependency /Users/admin/Desktop/dự án/mttqvn/node_modules/@esbuild/openharmony-arm64
121 silly reify mark deleted [
121 silly reify   '/Users/admin/Desktop/dự án/mttqvn/node_modules/@esbuild/openharmony-arm64'
121 silly reify ]
122 verbose reify failed optional dependency /Users/admin/Desktop/dự án/mttqvn/node_modules/@esbuild/openbsd-x64
123 silly reify mark deleted [
123 silly reify   '/Users/admin/Desktop/dự án/mttqvn/node_modules/@esbuild/openbsd-x64'
123 silly reify ]
124 verbose reify failed optional dependency /Users/admin/Desktop/dự án/mttqvn/node_modules/@esbuild/openbsd-arm64
125 silly reify mark deleted [
125 silly reify   '/Users/admin/Desktop/dự án/mttqvn/node_modules/@esbuild/openbsd-arm64'
125 silly reify ]
126 verbose reify failed optional dependency /Users/admin/Desktop/dự án/mttqvn/node_modules/@esbuild/netbsd-x64
127 silly reify mark deleted [
127 silly reify   '/Users/admin/Desktop/dự án/mttqvn/node_modules/@esbuild/netbsd-x64'
127 silly reify ]
128 verbose reify failed optional dependency /Users/admin/Desktop/dự án/mttqvn/node_modules/@esbuild/netbsd-arm64
129 silly reify mark deleted [
129 silly reify   '/Users/admin/Desktop/dự án/mttqvn/node_modules/@esbuild/netbsd-arm64'
129 silly reify ]
130 verbose reify failed optional dependency /Users/admin/Desktop/dự án/mttqvn/node_modules/@esbuild/linux-x64
131 silly reify mark deleted [
131 silly reify   '/Users/admin/Desktop/dự án/mttqvn/node_modules/@esbuild/linux-x64'
131 silly reify ]
132 verbose reify failed optional dependency /Users/admin/Desktop/dự án/mttqvn/node_modules/@esbuild/linux-s390x
133 silly reify mark deleted [
133 silly reify   '/Users/admin/Desktop/dự án/mttqvn/node_modules/@esbuild/linux-s390x'
133 silly reify ]
134 verbose reify failed optional dependency /Users/admin/Desktop/dự án/mttqvn/node_modules/@esbuild/linux-riscv64
135 silly reify mark deleted [
135 silly reify   '/Users/admin/Desktop/dự án/mttqvn/node_modules/@esbuild/linux-riscv64'
135 silly reify ]
136 verbose reify failed optional dependency /Users/admin/Desktop/dự án/mttqvn/node_modules/@esbuild/linux-ppc64
137 silly reify mark deleted [
137 silly reify   '/Users/admin/Desktop/dự án/mttqvn/node_modules/@esbuild/linux-ppc64'
137 silly reify ]
138 verbose reify failed optional dependency /Users/admin/Desktop/dự án/mttqvn/node_modules/@esbuild/linux-mips64el
139 silly reify mark deleted [
139 silly reify   '/Users/admin/Desktop/dự án/mttqvn/node_modules/@esbuild/linux-mips64el'
139 silly reify ]
140 verbose reify failed optional dependency /Users/admin/Desktop/dự án/mttqvn/node_modules/@esbuild/linux-loong64
141 silly reify mark deleted [
141 silly reify   '/Users/admin/Desktop/dự án/mttqvn/node_modules/@esbuild/linux-loong64'
141 silly reify ]
142 verbose reify failed optional dependency /Users/admin/Desktop/dự án/mttqvn/node_modules/@esbuild/linux-ia32
143 silly reify mark deleted [
143 silly reify   '/Users/admin/Desktop/dự án/mttqvn/node_modules/@esbuild/linux-ia32'
143 silly reify ]
144 verbose reify failed optional dependency /Users/admin/Desktop/dự án/mttqvn/node_modules/@esbuild/linux-arm64
145 silly reify mark deleted [
145 silly reify   '/Users/admin/Desktop/dự án/mttqvn/node_modules/@esbuild/linux-arm64'
145 silly reify ]
146 verbose reify failed optional dependency /Users/admin/Desktop/dự án/mttqvn/node_modules/@esbuild/linux-arm
147 silly reify mark deleted [
147 silly reify   '/Users/admin/Desktop/dự án/mttqvn/node_modules/@esbuild/linux-arm'
147 silly reify ]
148 verbose reify failed optional dependency /Users/admin/Desktop/dự án/mttqvn/node_modules/@esbuild/freebsd-x64
149 silly reify mark deleted [
149 silly reify   '/Users/admin/Desktop/dự án/mttqvn/node_modules/@esbuild/freebsd-x64'
149 silly reify ]
150 verbose reify failed optional dependency /Users/admin/Desktop/dự án/mttqvn/node_modules/@esbuild/freebsd-arm64
151 silly reify mark deleted [
151 silly reify   '/Users/admin/Desktop/dự án/mttqvn/node_modules/@esbuild/freebsd-arm64'
151 silly reify ]
152 verbose reify failed optional dependency /Users/admin/Desktop/dự án/mttqvn/node_modules/@esbuild/darwin-arm64
153 silly reify mark deleted [
153 silly reify   '/Users/admin/Desktop/dự án/mttqvn/node_modules/@esbuild/darwin-arm64'
153 silly reify ]
154 verbose reify failed optional dependency /Users/admin/Desktop/dự án/mttqvn/node_modules/@esbuild/android-x64
155 silly reify mark deleted [
155 silly reify   '/Users/admin/Desktop/dự án/mttqvn/node_modules/@esbuild/android-x64'
155 silly reify ]
156 verbose reify failed optional dependency /Users/admin/Desktop/dự án/mttqvn/node_modules/@esbuild/android-arm64
157 silly reify mark deleted [
157 silly reify   '/Users/admin/Desktop/dự án/mttqvn/node_modules/@esbuild/android-arm64'
157 silly reify ]
158 verbose reify failed optional dependency /Users/admin/Desktop/dự án/mttqvn/node_modules/@esbuild/android-arm
159 silly reify mark deleted [
159 silly reify   '/Users/admin/Desktop/dự án/mttqvn/node_modules/@esbuild/android-arm'
159 silly reify ]
160 verbose reify failed optional dependency /Users/admin/Desktop/dự án/mttqvn/node_modules/@esbuild/aix-ppc64
161 silly reify mark deleted [
161 silly reify   '/Users/admin/Desktop/dự án/mttqvn/node_modules/@esbuild/aix-ppc64'
161 silly reify ]
162 http fetch POST 200 https://registry.npmjs.org/-/npm/v1/security/advisories/bulk 351ms
163 silly audit report {
163 silly audit report   '@babel/plugin-transform-modules-systemjs': [
163 silly audit report     {
163 silly audit report       id: 1117908,
163 silly audit report       url: 'https://github.com/advisories/GHSA-fv7c-fp4j-7gwp',
163 silly audit report       title: '@babel/plugin-transform-modules-systemjs generates arbitrary code when compiling malicious input',
163 silly audit report       severity: 'high',
163 silly audit report       vulnerable_versions: '>=7.12.0 <=7.29.3',
163 silly audit report       cwe: [Array],
163 silly audit report       cvss: [Object]
163 silly audit report     }
163 silly audit report   ],
163 silly audit report   ajv: [
163 silly audit report     {
163 silly audit report       id: 1113715,
163 silly audit report       url: 'https://github.com/advisories/GHSA-2g4f-4pwh-qvx6',
163 silly audit report       title: 'ajv has ReDoS when using `$data` option',
163 silly audit report       severity: 'moderate',
163 silly audit report       vulnerable_versions: '>=7.0.0-alpha.0 <8.18.0',
163 silly audit report       cwe: [Array],
163 silly audit report       cvss: [Object]
163 silly audit report     }
163 silly audit report   ],
163 silly audit report   'brace-expansion': [
163 silly audit report     {
163 silly audit report       id: 1119088,
163 silly audit report       url: 'https://github.com/advisories/GHSA-jxxr-4gwj-5jf2',
163 silly audit report       title: 'brace-expansion: Large numeric range defeats documented `max` DoS protection',
163 silly audit report       severity: 'moderate',
163 silly audit report       vulnerable_versions: '>=5.0.0 <5.0.6',
163 silly audit report       cwe: [Array],
163 silly audit report       cvss: [Object]
163 silly audit report     },
163 silly audit report     {
163 silly audit report       id: 1115541,
163 silly audit report       url: 'https://github.com/advisories/GHSA-f886-m6hf-6m8v',
163 silly audit report       title: 'brace-expansion: Zero-step sequence causes process hang and memory exhaustion',
163 silly audit report       severity: 'moderate',
163 silly audit report       vulnerable_versions: '>=2.0.0 <2.0.3',
163 silly audit report       cwe: [Array],
163 silly audit report       cvss: [Object]
163 silly audit report     },
163 silly audit report     {
163 silly audit report       id: 1115543,
163 silly audit report       url: 'https://github.com/advisories/GHSA-f886-m6hf-6m8v',
163 silly audit report       title: 'brace-expansion: Zero-step sequence causes process hang and memory exhaustion',
163 silly audit report       severity: 'moderate',
163 silly audit report       vulnerable_versions: '>=4.0.0 <5.0.5',
163 silly audit report       cwe: [Array],
163 silly audit report       cvss: [Object]
163 silly audit report     }
163 silly audit report   ],
163 silly audit report   minimatch: [
163 silly audit report     {
163 silly audit report       id: 1113461,
163 silly audit report       url: 'https://github.com/advisories/GHSA-3ppc-4f35-3m26',
163 silly audit report       title: 'minimatch has a ReDoS via repeated wildcards with non-matching literal in pattern',
163 silly audit report       severity: 'high',
163 silly audit report       vulnerable_versions: '>=5.0.0 <5.1.7',
163 silly audit report       cwe: [Array],
163 silly audit report       cvss: [Object]
163 silly audit report     },
163 silly audit report     {
163 silly audit report       id: 1113466,
163 silly audit report       url: 'https://github.com/advisories/GHSA-3ppc-4f35-3m26',
163 silly audit report       title: 'minimatch has a ReDoS via repeated wildcards with non-matching literal in pattern',
163 silly audit report       severity: 'high',
163 silly audit report       vulnerable_versions: '>=10.0.0 <10.2.1',
163 silly audit report       cwe: [Array],
163 silly audit report       cvss: [Object]
163 silly audit report     },
163 silly audit report     {
163 silly audit report       id: 1113540,
163 silly audit report       url: 'https://github.com/advisories/GHSA-7r86-cg39-jmmj',
163 silly audit report       title: 'minimatch has ReDoS: matchOne() combinatorial backtracking via multiple non-adjacent GLOBSTAR segments',
163 silly audit report       severity: 'high',
163 silly audit report       vulnerable_versions: '>=5.0.0 <5.1.8',
163 silly audit report       cwe: [Array],
163 silly audit report       cvss: [Object]
163 silly audit report     },
163 silly audit report     {
163 silly audit report       id: 1113545,
163 silly audit report       url: 'https://github.com/advisories/GHSA-7r86-cg39-jmmj',
163 silly audit report       title: 'minimatch has ReDoS: matchOne() combinatorial backtracking via multiple non-adjacent GLOBSTAR segments',
163 silly audit report       severity: 'high',
163 silly audit report       vulnerable_versions: '>=10.0.0 <10.2.3',
163 silly audit report       cwe: [Array],
163 silly audit report       cvss: [Object]
163 silly audit report     },
163 silly audit report     {
163 silly audit report       id: 1113548,
163 silly audit report       url: 'https://github.com/advisories/GHSA-23c5-xmqv-rm74',
163 silly audit report       title: 'minimatch ReDoS: nested *() extglobs generate catastrophically backtracking regular expressions',
163 silly audit report       severity: 'high',
163 silly audit report       vulnerable_versions: '>=5.0.0 <5.1.8',
163 silly audit report       cwe: [Array],
163 silly audit report       cvss: [Object]
163 silly audit report     },
163 silly audit report     {
163 silly audit report       id: 1113553,
163 silly audit report       url: 'https://github.com/advisories/GHSA-23c5-xmqv-rm74',
163 silly audit report       title: 'minimatch ReDoS: nested *() extglobs generate catastrophically backtracking regular expressions',
163 silly audit report       severity: 'high',
163 silly audit report       vulnerable_versions: '>=10.0.0 <10.2.3',
163 silly audit report       cwe: [Array],
163 silly audit report       cvss: [Object]
163 silly audit report     }
163 silly audit report   ],
163 silly audit report   axios: [
163 silly audit report     {
163 silly audit report       id: 1111034,
163 silly audit report       url: 'https://github.com/advisories/GHSA-jr5f-v2jv-69x6',
163 silly audit report       title: 'axios Requests Vulnerable To Possible SSRF and Credential Leakage via Absolute URL',
163 silly audit report       severity: 'high',
163 silly audit report       vulnerable_versions: '<0.30.0',
163 silly audit report       cwe: [Array],
163 silly audit report       cvss: [Object]
163 silly audit report     },
163 silly audit report     {
163 silly audit report       id: 1119403,
163 silly audit report       url: 'https://github.com/advisories/GHSA-fvcv-3m26-pcqx',
163 silly audit report       title: 'Axios has Unrestricted Cloud Metadata Exfiltration via Header Injection Chain',
163 silly audit report       severity: 'moderate',
163 silly audit report       vulnerable_versions: '<0.31.0',
163 silly audit report       cwe: [Array],
163 silly audit report       cvss: [Object]
163 silly audit report     },
163 silly audit report     {
163 silly audit report       id: 1116672,
163 silly audit report       url: 'https://github.com/advisories/GHSA-3p68-rc4w-qgx5',
163 silly audit report       title: 'Axios has a NO_PROXY Hostname Normalization Bypass that Leads to SSRF',
163 silly audit report       severity: 'moderate',
163 silly audit report       vulnerable_versions: '<0.31.0',
163 silly audit report       cwe: [Array],
163 silly audit report       cvss: [Object]
163 silly audit report     },
163 silly audit report     {
163 silly audit report       id: 1117573,
163 silly audit report       url: 'https://github.com/advisories/GHSA-w9j2-pvgh-6h63',
163 silly audit report       title: 'Axios: Authentication Bypass via Prototype Pollution Gadget in `validateStatus` Merge Strategy',
163 silly audit report       severity: 'moderate',
163 silly audit report       vulnerable_versions: '<=0.31.0',
163 silly audit report       cwe: [Array],
163 silly audit report       cvss: [Object]
163 silly audit report     },
163 silly audit report     {
163 silly audit report       id: 1117575,
163 silly audit report       url: 'https://github.com/advisories/GHSA-pmwg-cvhr-8vh7',
163 silly audit report       title: 'Axios: Incomplete Fix for CVE-2025-62718 — NO_PROXY Protection Bypassed via RFC 1122 Loopback Subnet (127.0.0.0/8) in Axios 1.15.0',
163 silly audit report       severity: 'high',
163 silly audit report       vulnerable_versions: '<=0.31.0',
163 silly audit report       cwe: [Array],
163 silly audit report       cvss: [Object]
163 silly audit report     },
163 silly audit report     {
163 silly audit report       id: 1117579,
163 silly audit report       url: 'https://github.com/advisories/GHSA-xhjh-pmcv-23jw',
163 silly audit report       title: 'Axios: Null Byte Injection via Reverse-Encoding in AxiosURLSearchParams',
163 silly audit report       severity: 'low',
163 silly audit report       vulnerable_versions: '<=0.31.0',
163 silly audit report       cwe: [Array],
163 silly audit report       cvss: [Object]
163 silly audit report     },
163 silly audit report     {
163 silly audit report       id: 1117582,
163 silly audit report       url: 'https://github.com/advisories/GHSA-m7pr-hjqh-92cm',
163 silly audit report       title: 'Axios: no_proxy bypass via IP alias allows SSRF',
163 silly audit report       severity: 'moderate',
163 silly audit report       vulnerable_versions: '<=0.31.0',
163 silly audit report       cwe: [Array],
163 silly audit report       cvss: [Object]
163 silly audit report     },
163 silly audit report     {
163 silly audit report       id: 1117584,
163 silly audit report       url: 'https://github.com/advisories/GHSA-62hf-57xw-28j9',
163 silly audit report       title: 'Axios: unbounded recursion in toFormData causes DoS via deeply nested request data',
163 silly audit report       severity: 'moderate',
163 silly audit report       vulnerable_versions: '<=0.31.0',
163 silly audit report       cwe: [Array],
163 silly audit report       cvss: [Object]
163 silly audit report     },
163 silly audit report     {
163 silly audit report       id: 1117586,
163 silly audit report       url: 'https://github.com/advisories/GHSA-5c9x-8gcm-mpgx',
163 silly audit report       title: "Axios' HTTP adapter-streamed uploads bypass maxBodyLength when maxRedirects: 0",
163 silly audit report       severity: 'moderate',
163 silly audit report       vulnerable_versions: '<=0.31.0',
163 silly audit report       cwe: [Array],
163 silly audit report       cvss: [Object]
163 silly audit report     },
163 silly audit report     {
163 silly audit report       id: 1117588,
163 silly audit report       url: 'https://github.com/advisories/GHSA-vf2m-468p-8v99',
163 silly audit report       title: 'Axios: HTTP adapter streamed responses bypass maxContentLength',
163 silly audit report       severity: 'moderate',
163 silly audit report       vulnerable_versions: '<=0.31.0',
163 silly audit report       cwe: [Array],
163 silly audit report       cvss: [Object]
163 silly audit report     },
163 silly audit report     {
163 silly audit report       id: 1117590,
163 silly audit report       url: 'https://github.com/advisories/GHSA-pf86-5x62-jrwf',
163 silly audit report       title: 'Axios: Prototype Pollution Gadgets - Response Tampering, Data Exfiltration, and Request Hijacking',
163 silly audit report       severity: 'high',
163 silly audit report       vulnerable_versions: '<=0.31.0',
163 silly audit report       cwe: [Array],
163 silly audit report       cvss: [Object]
163 silly audit report     },
163 silly audit report     {
163 silly audit report       id: 1117592,
163 silly audit report       url: 'https://github.com/advisories/GHSA-6chq-wfr3-2hj9',
163 silly audit report       title: 'Axios: Header Injection via Prototype Pollution',
163 silly audit report       severity: 'high',
163 silly audit report       vulnerable_versions: '<=0.31.0',
163 silly audit report       cwe: [Array],
163 silly audit report       cvss: [Object]
163 silly audit report     },
163 silly audit report     {
163 silly audit report       id: 1117594,
163 silly audit report       url: 'https://github.com/advisories/GHSA-xx6v-rp6x-q39c',
163 silly audit report       title: 'Axios: XSRF Token Cross-Origin Leakage via Prototype Pollution Gadget in `withXSRFToken` Boolean Coercion',
163 silly audit report       severity: 'moderate',
163 silly audit report       vulnerable_versions: '<=0.31.0',
163 silly audit report       cwe: [Array],
163 silly audit report       cvss: [Object]
163 silly audit report     },
163 silly audit report     {
163 silly audit report       id: 1117857,
163 silly audit report       url: 'https://github.com/advisories/GHSA-43fc-jf86-j433',
163 silly audit report       title: 'Axios is Vulnerable to Denial of Service via __proto__ Key in mergeConfig',
163 silly audit report       severity: 'high',
163 silly audit report       vulnerable_versions: '<=0.30.2',
163 silly audit report       cwe: [Array],
163 silly audit report       cvss: [Object]
163 silly audit report     },
163 silly audit report     {
163 silly audit report       id: 1097679,
163 silly audit report       url: 'https://github.com/advisories/GHSA-wf5p-g6vw-rhxx',
163 silly audit report       title: 'Axios Cross-Site Request Forgery Vulnerability',
163 silly audit report       severity: 'moderate',
163 silly audit report       vulnerable_versions: '>=0.8.1 <0.28.0',
163 silly audit report       cwe: [Array],
163 silly audit report       cvss: [Object]
163 silly audit report     }
163 silly audit report   ],
163 silly audit report   dompurify: [
163 silly audit report     {
163 silly audit report       id: 1115668,
163 silly audit report       url: 'https://github.com/advisories/GHSA-v2wj-7wpq-c8vv',
163 silly audit report       title: 'DOMPurify contains a Cross-site Scripting vulnerability',
163 silly audit report       severity: 'moderate',
163 silly audit report       vulnerable_versions: '>=3.1.3 <=3.3.1',
163 silly audit report       cwe: [Array],
163 silly audit report       cvss: [Object]
163 silly audit report     },
163 silly audit report     {
163 silly audit report       id: 1115921,
163 silly audit report       url: 'https://github.com/advisories/GHSA-cjmm-f4jc-qw8r',
163 silly audit report       title: 'DOMPurify ADD_ATTR predicate skips URI validation',
163 silly audit report       severity: 'moderate',
163 silly audit report       vulnerable_versions: '<=3.3.1',
163 silly audit report       cwe: [Array],
163 silly audit report       cvss: [Object]
163 silly audit report     },
163 silly audit report     {
163 silly audit report       id: 1115922,
163 silly audit report       url: 'https://github.com/advisories/GHSA-cj63-jhhr-wcxv',
163 silly audit report       title: 'DOMPurify USE_PROFILES prototype pollution allows event handlers',
163 silly audit report       severity: 'moderate',
163 silly audit report       vulnerable_versions: '<=3.3.1',
163 silly audit report       cwe: [Array],
163 silly audit report       cvss: [Object]
163 silly audit report     },
163 silly audit report     {
163 silly audit report       id: 1116663,
163 silly audit report       url: 'https://github.com/advisories/GHSA-39q2-94rc-95cp',
163 silly audit report       title: "DOMPurify's ADD_TAGS function form bypasses FORBID_TAGS due to short-circuit evaluation",
163 silly audit report       severity: 'moderate',
163 silly audit report       vulnerable_versions: '<=3.3.3',
163 silly audit report       cwe: [Array],
163 silly audit report       cvss: [Object]
163 silly audit report     },
163 silly audit report     {
163 silly audit report       id: 1117138,
163 silly audit report       url: 'https://github.com/advisories/GHSA-h7mw-gpvr-xq4m',
163 silly audit report       title: 'DOMPurify: FORBID_TAGS bypassed by function-based ADD_TAGS predicate (asymmetry with FORBID_ATTR fix)',
163 silly audit report       severity: 'moderate',
163 silly audit report       vulnerable_versions: '<3.4.0',
163 silly audit report       cwe: [Array],
163 silly audit report       cvss: [Object]
163 silly audit report     },
163 silly audit report     {
163 silly audit report       id: 1117139,
163 silly audit report       url: 'https://github.com/advisories/GHSA-crv5-9vww-q3g8',
163 silly audit report       title: 'DOMPurify has a SAFE_FOR_TEMPLATES bypass in RETURN_DOM mode',
163 silly audit report       severity: 'moderate',
163 silly audit report       vulnerable_versions: '>=1.0.10 <3.4.0',
163 silly audit report       cwe: [Array],
163 silly audit report       cvss: [Object]
163 silly audit report     },
163 silly audit report     {
163 silly audit report       id: 1117140,
163 silly audit report       url: 'https://github.com/advisories/GHSA-v9jr-rg53-9pgp',
163 silly audit report       title: 'DOMPurify: Prototype Pollution to XSS Bypass via CUSTOM_ELEMENT_HANDLING Fallback',
163 silly audit report       severity: 'moderate',
163 silly audit report       vulnerable_versions: '>=3.0.1 <3.4.0',
163 silly audit report       cwe: [Array],
163 silly audit report       cvss: [Object]
163 silly audit report     },
163 silly audit report     {
163 silly audit report       id: 1117795,
163 silly audit report       url: 'https://github.com/advisories/GHSA-h8r8-wccr-v5f2',
163 silly audit report       title: 'DOMPurify is vulnerable to mutation-XSS via Re-Contextualization ',
163 silly audit report       severity: 'moderate',
163 silly audit report       vulnerable_versions: '<3.3.2',
163 silly audit report       cwe: [Array],
163 silly audit report       cvss: [Object]
163 silly audit report     }
163 silly audit report   ],
163 silly audit report   'fast-uri': [
163 silly audit report     {
163 silly audit report       id: 1117884,
163 silly audit report       url: 'https://github.com/advisories/GHSA-v39h-62p7-jpjc',
163 silly audit report       title: 'fast-uri vulnerable to host confusion via percent-encoded authority delimiters',
163 silly audit report       severity: 'high',
163 silly audit report       vulnerable_versions: '<=3.1.1',
163 silly audit report       cwe: [Array],
163 silly audit report       cvss: [Object]
163 silly audit report     },
163 silly audit report     {
163 silly audit report       id: 1117870,
163 silly audit report       url: 'https://github.com/advisories/GHSA-q3j6-qgpj-74h6',
163 silly audit report       title: 'fast-uri vulnerable to path traversal via percent-encoded dot segments',
163 silly audit report       severity: 'high',
163 silly audit report       vulnerable_versions: '<=3.1.0',
163 silly audit report       cwe: [Array],
163 silly audit report       cvss: [Object]
163 silly audit report     }
163 silly audit report   ],
163 silly audit report   flatted: [
163 silly audit report     {
163 silly audit report       id: 1114526,
163 silly audit report       url: 'https://github.com/advisories/GHSA-25h7-pfq9-p65f',
163 silly audit report       title: 'flatted vulnerable to unbounded recursion DoS in parse() revive phase',
163 silly audit report       severity: 'high',
163 silly audit report       vulnerable_versions: '<3.4.0',
163 silly audit report       cwe: [Array],
163 silly audit report       cvss: [Object]
163 silly audit report     },
163 silly audit report     {
163 silly audit report       id: 1115357,
163 silly audit report       url: 'https://github.com/advisories/GHSA-rf6f-7fwh-wjgh',
163 silly audit report       title: 'Prototype Pollution via parse() in NodeJS flatted',
163 silly audit report       severity: 'high',
163 silly audit report       vulnerable_versions: '<=3.4.1',
163 silly audit report       cwe: [Array],
163 silly audit report       cvss: [Object]
163 silly audit report     }
163 silly audit report   ],
163 silly audit report   'follow-redirects': [
163 silly audit report     {
163 silly audit report       id: 1116560,
163 silly audit report       url: 'https://github.com/advisories/GHSA-r4q5-vmmm-2653',
163 silly audit report       title: 'follow-redirects leaks Custom Authentication Headers to Cross-Domain Redirect Targets',
163 silly audit report       severity: 'moderate',
163 silly audit report       vulnerable_versions: '<=1.15.11',
163 silly audit report       cwe: [Array],
163 silly audit report       cvss: [Object]
163 silly audit report     }
163 silly audit report   ],
163 silly audit report   jspdf: [
163 silly audit report     {
163 silly audit report       id: 1113310,
163 silly audit report       url: 'https://github.com/advisories/GHSA-9vjf-qc39-jprp',
163 silly audit report       title: 'jsPDF has a PDF Object Injection via Unsanitized Input in addJS Method',
163 silly audit report       severity: 'high',
163 silly audit report       vulnerable_versions: '<4.2.0',
163 silly audit report       cwe: [Array],
163 silly audit report       cvss: [Object]
163 silly audit report     },
163 silly audit report     {
163 silly audit report       id: 1113324,
163 silly audit report       url: 'https://github.com/advisories/GHSA-67pg-wm7f-q7fj',
163 silly audit report       title: 'jsPDF Affected by Client-Side/Server-Side Denial of Service via Malicious GIF Dimensions',
163 silly audit report       severity: 'high',
163 silly audit report       vulnerable_versions: '<4.2.0',
163 silly audit report       cwe: [Array],
163 silly audit report       cvss: [Object]
163 silly audit report     },
163 silly audit report     {
163 silly audit report       id: 1114396,
163 silly audit report       url: 'https://github.com/advisories/GHSA-p5xg-68wr-hm3m',
163 silly audit report       title: 'jsPDF has a PDF Injection in AcroForm module allows Arbitrary JavaScript Execution (RadioButton.createOption and "AS" property)',
163 silly audit report       severity: 'high',
163 silly audit report       vulnerable_versions: '<4.2.0',
163 silly audit report       cwe: [Array],
163 silly audit report       cvss: [Object]
163 silly audit report     },
163 silly audit report     {
163 silly audit report       id: 1114950,
163 silly audit report       url: 'https://github.com/advisories/GHSA-7x6v-j9x4-qf24',
163 silly audit report       title: 'jsPDF has a PDF Object Injection via FreeText color',
163 silly audit report       severity: 'high',
163 silly audit report       vulnerable_versions: '<=4.2.0',
163 silly audit report       cwe: [Array],
163 silly audit report       cvss: [Object]
163 silly audit report     },
163 silly audit report     {
163 silly audit report       id: 1114974,
163 silly audit report       url: 'https://github.com/advisories/GHSA-wfv2-pwc8-crg5',
163 silly audit report       title: 'jsPDF has HTML Injection in New Window paths',
163 silly audit report       severity: 'critical',
163 silly audit report       vulnerable_versions: '<=4.2.0',
163 silly audit report       cwe: [Array],
163 silly audit report       cvss: [Object]
163 silly audit report     }
163 silly audit report   ],
163 silly audit report   lodash: [
163 silly audit report     {
163 silly audit report       id: 1115806,
163 silly audit report       url: 'https://github.com/advisories/GHSA-r5fr-rjxr-66jc',
163 silly audit report       title: 'lodash vulnerable to Code Injection via `_.template` imports key names',
163 silly audit report       severity: 'high',
163 silly audit report       vulnerable_versions: '>=4.0.0 <=4.17.23',
163 silly audit report       cwe: [Array],
163 silly audit report       cvss: [Object]
163 silly audit report     },
163 silly audit report     {
163 silly audit report       id: 1115810,
163 silly audit report       url: 'https://github.com/advisories/GHSA-f23m-r3pf-42rh',
163 silly audit report       title: 'lodash vulnerable to Prototype Pollution via array path bypass in `_.unset` and `_.omit`',
163 silly audit report       severity: 'moderate',
163 silly audit report       vulnerable_versions: '<=4.17.23',
163 silly audit report       cwe: [Array],
163 silly audit report       cvss: [Object]
163 silly audit report     }
163 silly audit report   ],
163 silly audit report   picomatch: [
163 silly audit report     {
163 silly audit report       id: 1115549,
163 silly audit report       url: 'https://github.com/advisories/GHSA-3v7f-55p6-f55p',
163 silly audit report       title: 'Picomatch: Method Injection in POSIX Character Classes causes incorrect Glob Matching',
163 silly audit report       severity: 'moderate',
163 silly audit report       vulnerable_versions: '<2.3.2',
163 silly audit report       cwe: [Array],
163 silly audit report       cvss: [Object]
163 silly audit report     },
163 silly audit report     {
163 silly audit report       id: 1115551,
163 silly audit report       url: 'https://github.com/advisories/GHSA-3v7f-55p6-f55p',
163 silly audit report       title: 'Picomatch: Method Injection in POSIX Character Classes causes incorrect Glob Matching',
163 silly audit report       severity: 'moderate',
163 silly audit report       vulnerable_versions: '>=4.0.0 <4.0.4',
163 silly audit report       cwe: [Array],
163 silly audit report       cvss: [Object]
163 silly audit report     },
163 silly audit report     {
163 silly audit report       id: 1115552,
163 silly audit report       url: 'https://github.com/advisories/GHSA-c2c7-rcm5-vvqj',
163 silly audit report       title: 'Picomatch has a ReDoS vulnerability via extglob quantifiers',
163 silly audit report       severity: 'high',
163 silly audit report       vulnerable_versions: '<2.3.2',
163 silly audit report       cwe: [Array],
163 silly audit report       cvss: [Object]
163 silly audit report     },
163 silly audit report     {
163 silly audit report       id: 1115554,
163 silly audit report       url: 'https://github.com/advisories/GHSA-c2c7-rcm5-vvqj',
163 silly audit report       title: 'Picomatch has a ReDoS vulnerability via extglob quantifiers',
163 silly audit report       severity: 'high',
163 silly audit report       vulnerable_versions: '>=4.0.0 <4.0.4',
163 silly audit report       cwe: [Array],
163 silly audit report       cvss: [Object]
163 silly audit report     }
163 silly audit report   ],
163 silly audit report   postcss: [
163 silly audit report     {
163 silly audit report       id: 1117015,
163 silly audit report       url: 'https://github.com/advisories/GHSA-qx2v-qp2m-jg93',
163 silly audit report       title: 'PostCSS has XSS via Unescaped </style> in its CSS Stringify Output',
163 silly audit report       severity: 'moderate',
163 silly audit report       vulnerable_versions: '<8.5.10',
163 silly audit report       cwe: [Array],
163 silly audit report       cvss: [Object]
163 silly audit report     }
163 silly audit report   ],
163 silly audit report   rollup: [
163 silly audit report     {
163 silly audit report       id: 1113515,
163 silly audit report       url: 'https://github.com/advisories/GHSA-mw96-cpmx-2vgc',
163 silly audit report       title: 'Rollup 4 has Arbitrary File Write via Path Traversal',
163 silly audit report       severity: 'high',
163 silly audit report       vulnerable_versions: '>=4.0.0 <4.59.0',
163 silly audit report       cwe: [Array],
163 silly audit report       cvss: [Object]
163 silly audit report     },
163 silly audit report     {
163 silly audit report       id: 1113517,
163 silly audit report       url: 'https://github.com/advisories/GHSA-mw96-cpmx-2vgc',
163 silly audit report       title: 'Rollup 4 has Arbitrary File Write via Path Traversal',
163 silly audit report       severity: 'high',
163 silly audit report       vulnerable_versions: '<2.80.0',
163 silly audit report       cwe: [Array],
163 silly audit report       cvss: [Object]
163 silly audit report     }
163 silly audit report   ],
163 silly audit report   'serialize-javascript': [
163 silly audit report     {
163 silly audit report       id: 1119440,
163 silly audit report       url: 'https://github.com/advisories/GHSA-qj8w-gfj5-8c6v',
163 silly audit report       title: 'Serialize JavaScript has CPU Exhaustion Denial of Service via crafted array-like objects',
163 silly audit report       severity: 'moderate',
163 silly audit report       vulnerable_versions: '>=5.0.0 <7.0.5',
163 silly audit report       cwe: [Array],
163 silly audit report       cvss: [Object]
163 silly audit report     },
163 silly audit report     {
163 silly audit report       id: 1113686,
163 silly audit report       url: 'https://github.com/advisories/GHSA-5c6j-r48x-rmvq',
163 silly audit report       title: 'Serialize JavaScript is Vulnerable to RCE via RegExp.flags and Date.prototype.toISOString()',
163 silly audit report       severity: 'high',
163 silly audit report       vulnerable_versions: '<=7.0.2',
163 silly audit report       cwe: [Array],
163 silly audit report       cvss: [Object]
163 silly audit report     }
163 silly audit report   ],
163 silly audit report   vite: [
163 silly audit report     {
163 silly audit report       id: 1116230,
163 silly audit report       url: 'https://github.com/advisories/GHSA-4w7w-66w2-5vf9',
163 silly audit report       title: 'Vite Vulnerable to Path Traversal in Optimized Deps `.map` Handling',
163 silly audit report       severity: 'moderate',
163 silly audit report       vulnerable_versions: '>=7.0.0 <=7.3.1',
163 silly audit report       cwe: [Array],
163 silly audit report       cvss: [Object]
163 silly audit report     },
163 silly audit report     {
163 silly audit report       id: 1116232,
163 silly audit report       url: 'https://github.com/advisories/GHSA-v2wj-q39q-566r',
163 silly audit report       title: 'Vite: `server.fs.deny` bypassed with queries',
163 silly audit report       severity: 'high',
163 silly audit report       vulnerable_versions: '>=7.1.0 <=7.3.1',
163 silly audit report       cwe: [Array],
163 silly audit report       cvss: [Object]
163 silly audit report     },
163 silly audit report     {
163 silly audit report       id: 1116235,
163 silly audit report       url: 'https://github.com/advisories/GHSA-p9ff-h696-f583',
163 silly audit report       title: 'Vite Vulnerable to Arbitrary File Read via Vite Dev Server WebSocket',
163 silly audit report       severity: 'high',
163 silly audit report       vulnerable_versions: '>=7.0.0 <=7.3.1',
163 silly audit report       cwe: [Array],
163 silly audit report       cvss: [Object]
163 silly audit report     }
163 silly audit report   ],
163 silly audit report   ws: [
163 silly audit report     {
163 silly audit report       id: 1119108,
163 silly audit report       url: 'https://github.com/advisories/GHSA-58qx-3vcg-4xpx',
163 silly audit report       title: 'ws: Uninitialized memory disclosure',
163 silly audit report       severity: 'moderate',
163 silly audit report       vulnerable_versions: '>=8.0.0 <8.20.1',
163 silly audit report       cwe: [Array],
163 silly audit report       cvss: [Object]
163 silly audit report     }
163 silly audit report   ],
163 silly audit report   xlsx: [
163 silly audit report     {
163 silly audit report       id: 1108110,
163 silly audit report       url: 'https://github.com/advisories/GHSA-4r6h-8v6p-xvw6',
163 silly audit report       title: 'Prototype Pollution in sheetJS',
163 silly audit report       severity: 'high',
163 silly audit report       vulnerable_versions: '<0.19.3',
163 silly audit report       cwe: [Array],
163 silly audit report       cvss: [Object]
163 silly audit report     },
163 silly audit report     {
163 silly audit report       id: 1108111,
163 silly audit report       url: 'https://github.com/advisories/GHSA-5pgg-2g8v-p4x9',
163 silly audit report       title: 'SheetJS Regular Expression Denial of Service (ReDoS)',
163 silly audit report       severity: 'high',
163 silly audit report       vulnerable_versions: '<0.20.2',
163 silly audit report       cwe: [Array],
163 silly audit report       cvss: [Object]
163 silly audit report     }
163 silly audit report   ]
163 silly audit report }
164 silly packumentCache corgi:https://registry.npmjs.org/@babel%2fplugin-transform-modules-systemjs cache-miss
165 silly packumentCache corgi:https://registry.npmjs.org/ajv cache-miss
166 silly packumentCache corgi:https://registry.npmjs.org/brace-expansion cache-miss
167 silly packumentCache corgi:https://registry.npmjs.org/minimatch cache-miss
168 silly packumentCache corgi:https://registry.npmjs.org/axios cache-miss
169 silly packumentCache corgi:https://registry.npmjs.org/dompurify cache-miss
170 silly packumentCache corgi:https://registry.npmjs.org/fast-uri cache-miss
171 silly packumentCache corgi:https://registry.npmjs.org/flatted cache-miss
172 silly packumentCache corgi:https://registry.npmjs.org/follow-redirects cache-miss
173 silly packumentCache corgi:https://registry.npmjs.org/jspdf cache-miss
174 silly packumentCache corgi:https://registry.npmjs.org/lodash cache-miss
175 silly packumentCache corgi:https://registry.npmjs.org/picomatch cache-miss
176 silly packumentCache corgi:https://registry.npmjs.org/postcss cache-miss
177 silly packumentCache corgi:https://registry.npmjs.org/rollup cache-miss
178 silly packumentCache corgi:https://registry.npmjs.org/serialize-javascript cache-miss
179 silly packumentCache corgi:https://registry.npmjs.org/vite cache-miss
180 silly packumentCache corgi:https://registry.npmjs.org/ws cache-miss
181 silly packumentCache corgi:https://registry.npmjs.org/xlsx cache-miss
182 http fetch GET 200 https://registry.npmjs.org/ajv 284ms (cache revalidated)
183 silly packumentCache corgi:https://registry.npmjs.org/ajv set size:467559 disposed:false
184 http fetch GET 200 https://registry.npmjs.org/rollup 375ms (cache revalidated)
185 silly packumentCache corgi:https://registry.npmjs.org/rollup set size:2568527 disposed:false
186 http fetch GET 200 https://registry.npmjs.org/flatted 454ms (cache revalidated)
187 silly packumentCache corgi:https://registry.npmjs.org/flatted set size:57858 disposed:false
188 http fetch GET 200 https://registry.npmjs.org/follow-redirects 455ms (cache revalidated)
189 silly packumentCache corgi:https://registry.npmjs.org/follow-redirects set size:88479 disposed:false
190 http fetch GET 200 https://registry.npmjs.org/fast-uri 458ms (cache revalidated)
191 silly packumentCache corgi:https://registry.npmjs.org/fast-uri set size:21110 disposed:false
192 http fetch GET 200 https://registry.npmjs.org/minimatch 461ms (cache revalidated)
193 silly packumentCache corgi:https://registry.npmjs.org/minimatch set size:168441 disposed:false
194 http fetch GET 200 https://registry.npmjs.org/lodash 461ms (cache revalidated)
195 silly packumentCache corgi:https://registry.npmjs.org/lodash set size:69555 disposed:false
196 http fetch GET 200 https://registry.npmjs.org/dompurify 476ms (cache revalidated)
197 silly packumentCache corgi:https://registry.npmjs.org/dompurify set size:245804 disposed:false
198 http fetch GET 200 https://registry.npmjs.org/xlsx 492ms (cache revalidated)
199 silly packumentCache corgi:https://registry.npmjs.org/xlsx set size:134408 disposed:false
200 http fetch GET 200 https://registry.npmjs.org/serialize-javascript 499ms (cache revalidated)
201 silly packumentCache corgi:https://registry.npmjs.org/serialize-javascript set size:36142 disposed:false
202 http fetch GET 200 https://registry.npmjs.org/picomatch 502ms (cache revalidated)
203 silly packumentCache corgi:https://registry.npmjs.org/picomatch set size:44414 disposed:false
204 http fetch GET 200 https://registry.npmjs.org/postcss 502ms (cache revalidated)
205 silly packumentCache corgi:https://registry.npmjs.org/postcss set size:344717 disposed:false
206 http fetch GET 200 https://registry.npmjs.org/axios 511ms (cache revalidated)
207 silly packumentCache corgi:https://registry.npmjs.org/axios set size:290630 disposed:false
208 http fetch GET 200 https://registry.npmjs.org/jspdf 542ms (cache revalidated)
209 silly packumentCache corgi:https://registry.npmjs.org/jspdf set size:68277 disposed:false
210 http fetch GET 200 https://registry.npmjs.org/ws 721ms (cache revalidated)
211 silly packumentCache corgi:https://registry.npmjs.org/ws set size:199711 disposed:false
212 http fetch GET 200 https://registry.npmjs.org/brace-expansion 732ms (cache revalidated)
213 silly packumentCache corgi:https://registry.npmjs.org/brace-expansion set size:23348 disposed:false
214 http fetch GET 200 https://registry.npmjs.org/@babel%2fplugin-transform-modules-systemjs 733ms (cache revalidated)
215 silly packumentCache corgi:https://registry.npmjs.org/@babel%2fplugin-transform-modules-systemjs set size:166931 disposed:false
216 http fetch GET 200 https://registry.npmjs.org/vite 731ms (cache revalidated)
217 silly packumentCache corgi:https://registry.npmjs.org/vite set size:2249718 disposed:false
218 silly packumentCache corgi:https://registry.npmjs.org/@babel%2fpreset-env cache-miss
219 http fetch GET 200 https://registry.npmjs.org/@babel%2fpreset-env 72ms (cache revalidated)
220 silly packumentCache corgi:https://registry.npmjs.org/@babel%2fpreset-env set size:943497 disposed:false
221 silly packumentCache corgi:https://registry.npmjs.org/@apideck%2fbetter-ajv-errors cache-miss
222 silly packumentCache corgi:https://registry.npmjs.org/workbox-build cache-miss
223 http fetch GET 200 https://registry.npmjs.org/workbox-build 233ms (cache revalidated)
224 silly packumentCache corgi:https://registry.npmjs.org/workbox-build set size:194410 disposed:false
225 http fetch GET 200 https://registry.npmjs.org/@apideck%2fbetter-ajv-errors 248ms (cache revalidated)
226 silly packumentCache corgi:https://registry.npmjs.org/@apideck%2fbetter-ajv-errors set size:26424 disposed:false
227 silly packumentCache corgi:https://registry.npmjs.org/filelist cache-miss
228 http fetch GET 200 https://registry.npmjs.org/filelist 54ms (cache revalidated)
229 silly packumentCache corgi:https://registry.npmjs.org/filelist set size:11409 disposed:false
230 silly packumentCache corgi:https://registry.npmjs.org/glob cache-miss
231 http fetch GET 200 https://registry.npmjs.org/glob 49ms (cache revalidated)
232 silly packumentCache corgi:https://registry.npmjs.org/glob set size:199194 disposed:false
233 silly packumentCache corgi:https://registry.npmjs.org/vietqr cache-miss
234 http fetch GET 200 https://registry.npmjs.org/vietqr 239ms (cache revalidated)
235 silly packumentCache corgi:https://registry.npmjs.org/vietqr set size:28270 disposed:false
236 silly packumentCache corgi:https://registry.npmjs.org/flat-cache cache-miss
237 http fetch GET 200 https://registry.npmjs.org/flat-cache 47ms (cache revalidated)
238 silly packumentCache corgi:https://registry.npmjs.org/flat-cache set size:50282 disposed:false
239 silly packumentCache corgi:https://registry.npmjs.org/jspdf-autotable cache-miss
240 http fetch GET 200 https://registry.npmjs.org/jspdf-autotable 52ms (cache revalidated)
241 silly packumentCache corgi:https://registry.npmjs.org/jspdf-autotable set size:194991 disposed:false
242 silly packumentCache corgi:https://registry.npmjs.org/@rollup%2fpluginutils cache-miss
243 http fetch GET 200 https://registry.npmjs.org/@rollup%2fpluginutils 67ms (cache revalidated)
244 silly packumentCache corgi:https://registry.npmjs.org/@rollup%2fpluginutils set size:47240 disposed:false
245 silly packumentCache corgi:https://registry.npmjs.org/fdir cache-miss
246 silly packumentCache corgi:https://registry.npmjs.org/tinyglobby cache-miss
247 silly packumentCache corgi:https://registry.npmjs.org/vitest cache-miss
248 http fetch GET 200 https://registry.npmjs.org/fdir 52ms (cache revalidated)
249 silly packumentCache corgi:https://registry.npmjs.org/fdir set size:76905 disposed:false
250 http fetch GET 200 https://registry.npmjs.org/tinyglobby 58ms (cache revalidated)
251 silly packumentCache corgi:https://registry.npmjs.org/tinyglobby set size:18884 disposed:false
252 http fetch GET 200 https://registry.npmjs.org/vitest 64ms (cache revalidated)
253 silly packumentCache corgi:https://registry.npmjs.org/vitest set size:1236172 disposed:false
254 silly packumentCache corgi:https://registry.npmjs.org/@tailwindcss%2fpostcss cache-miss
255 silly packumentCache corgi:https://registry.npmjs.org/autoprefixer cache-miss
256 http fetch GET 200 https://registry.npmjs.org/autoprefixer 64ms (cache revalidated)
257 silly packumentCache corgi:https://registry.npmjs.org/autoprefixer set size:298545 disposed:false
258 http fetch GET 200 https://registry.npmjs.org/@tailwindcss%2fpostcss 75ms (cache revalidated)
259 silly packumentCache corgi:https://registry.npmjs.org/@tailwindcss%2fpostcss set size:923953 disposed:false
260 silly packumentCache corgi:https://registry.npmjs.org/@rollup%2fplugin-node-resolve cache-miss
261 silly packumentCache corgi:https://registry.npmjs.org/@rollup%2fplugin-terser cache-miss
262 http fetch GET 200 https://registry.npmjs.org/@rollup%2fplugin-node-resolve 76ms (cache revalidated)
263 silly packumentCache corgi:https://registry.npmjs.org/@rollup%2fplugin-node-resolve set size:91698 disposed:false
264 http fetch GET 200 https://registry.npmjs.org/@rollup%2fplugin-terser 249ms (cache revalidated)
265 silly packumentCache corgi:https://registry.npmjs.org/@rollup%2fplugin-terser set size:14515 disposed:false
266 silly packumentCache corgi:https://registry.npmjs.org/@rollup%2fplugin-babel cache-miss
267 silly packumentCache corgi:https://registry.npmjs.org/@rollup%2fplugin-replace cache-miss
268 http fetch GET 200 https://registry.npmjs.org/@rollup%2fplugin-babel 183ms (cache revalidated)
269 silly packumentCache corgi:https://registry.npmjs.org/@rollup%2fplugin-babel set size:35533 disposed:false
270 http fetch GET 200 https://registry.npmjs.org/@rollup%2fplugin-replace 184ms (cache revalidated)
271 silly packumentCache corgi:https://registry.npmjs.org/@rollup%2fplugin-replace set size:38369 disposed:false
272 silly packumentCache corgi:https://registry.npmjs.org/@vitejs%2fplugin-react cache-miss
273 silly packumentCache corgi:https://registry.npmjs.org/@vitest%2fmocker cache-miss
274 silly packumentCache corgi:https://registry.npmjs.org/vite-plugin-compression cache-miss
275 silly packumentCache corgi:https://registry.npmjs.org/vite-plugin-pwa cache-miss
276 http fetch GET 200 https://registry.npmjs.org/vite-plugin-compression 194ms (cache revalidated)
277 silly packumentCache corgi:https://registry.npmjs.org/vite-plugin-compression set size:31143 disposed:false
278 http fetch GET 200 https://registry.npmjs.org/@vitest%2fmocker 220ms (cache revalidated)
279 silly packumentCache corgi:https://registry.npmjs.org/@vitest%2fmocker set size:111125 disposed:false
280 http fetch GET 200 https://registry.npmjs.org/vite-plugin-pwa 333ms (cache revalidated)
281 silly packumentCache corgi:https://registry.npmjs.org/vite-plugin-pwa set size:243094 disposed:false
282 http fetch GET 200 https://registry.npmjs.org/@vitejs%2fplugin-react 456ms (cache revalidated)
283 silly packumentCache corgi:https://registry.npmjs.org/@vitejs%2fplugin-react set size:113751 disposed:false
284 silly packumentCache corgi:https://registry.npmjs.org/@supabase%2frealtime-js cache-miss
285 http fetch GET 200 https://registry.npmjs.org/@supabase%2frealtime-js 364ms (cache revalidated)
286 silly packumentCache corgi:https://registry.npmjs.org/@supabase%2frealtime-js set size:568888 disposed:false
287 silly ADD
288 silly ADD
289 silly ADD
290 silly ADD
291 silly ADD
292 silly ADD
293 silly ADD
294 silly ADD
295 silly ADD
296 silly ADD
297 silly ADD
298 silly ADD
299 silly ADD
300 silly ADD
301 silly ADD
302 silly ADD
303 silly ADD
304 silly ADD
305 silly ADD
306 silly ADD
307 silly ADD
308 silly ADD
309 silly ADD
310 silly ADD
311 silly ADD
312 silly ADD
313 silly ADD
314 silly ADD
315 silly ADD
316 silly ADD
317 silly ADD
318 silly ADD
319 silly ADD
320 silly ADD
321 silly ADD
322 silly ADD
323 silly ADD
324 silly ADD
325 silly ADD
326 silly ADD
327 silly ADD
328 silly ADD
329 silly ADD
330 silly ADD
331 silly ADD
332 silly ADD
333 silly ADD
334 silly ADD
335 silly ADD
336 silly ADD
337 silly ADD
338 silly ADD
339 silly ADD
340 silly ADD
341 silly ADD
342 silly ADD
343 silly ADD
344 silly ADD
345 silly ADD
346 silly ADD
347 silly ADD
348 silly ADD
349 silly ADD
350 silly ADD
351 silly ADD
352 silly ADD
353 silly ADD
354 silly ADD
355 silly ADD
356 silly ADD
357 verbose cwd /Users/admin/Desktop/dự án/mttqvn
358 verbose os Darwin 24.6.0
359 verbose node v22.19.0
360 verbose npm  v10.9.3
361 verbose exit 0
362 info ok
